data,ano_mes,numero_pedido,cliente,segmento,regiao,vendedor,produto,categoria,tipo_operacao,quantidade,desconto_pct,receita_total,custo_produto,custo_entrega,custo_comissao,frete_subsidiado,margem_contribuicao
2025-01-01,2025-01,50003,Alvorada Distribuidora ME,Mercado,Interior Sul,Simone Klein,Mascara Descartavel - Fardo 12,EPI,VENDA,10,2.38,206.61,117.0,32.02,6.45,9.61,51.14
2025-01-01,2025-01,50007,Serrano Servicos LTDA ME,Mercado,Interior Norte,Simone Klein,Oculos Protecao - Caixa 24,EPI,VENDA,5,2.71,148.76,88.8,13.45,4.88,4.04,41.63
2025-01-01,2025-01,50008,Nortao Alimentos S/A,Escola,Interior Norte,Simone Klein,mop umido - fardo 6,Acessorios,VENDA,5,1.38,195.3,101.15,37.42,5.92,11.22,50.81
2025-01-02,2025-01,50012,Luminar Alimentos S/A,Restaurante,Interior Sul,Rogerio Antunes,Prato Descartavel 15cm - Caixa 24,Descartaveis,VENDA,3,2.81,64.17,58.11,6.31,1.93,6.31,-2.18
2025-01-02,2025-01,50013,Horizonte Distribuidora S/A,Condominio,Regiao Metropolitana,Rogerio Antunes,Papel Toalha Rolo 100f - Pacote 100,Papel,VENDA,2,2.81,167.18,109.78,27.12,4.45,8.14,25.83
2025-01-03,2025-01,50016,Serrano Servicos LTDA ME,Mercado,Interior Norte,Simone Klein,SACO LIXO 60L - PACOTE 100,Descartaveis,VENDA,5,7.6,100.23,66.65,43.18,2.45,12.95,-12.05
2025-01-04,2025-01,50020,Aurora Distribuidora LTDA ME,Clinica,Litoral,Simone Klein,Detergente Neutro 5L - Pacote 100,Quimicos,VENDA,3,3.29,85.37,44.28,29.3,2.27,8.79,9.52
2025-01-07,2025-01,50031,Horizonte Distribuidora S/A,Condominio,Regiao Metropolitana,Rogerio Antunes,papel higienico rolao 300m - fardo 6,Papel,VENDA,1,4.16,81.67,61.36,9.86,2.45,9.86,8.0
2025-01-07,2025-01,50031,Horizonte Distribuidora S/A,Condominio,Regiao Metropolitana,Rogerio Antunes,Balde 20L - Caixa 24,Acessorios,VENDA,5,0.45,68.85,40.8,8.31,2.07,8.31,17.67
2025-01-07,2025-01,50033,Trevo Comercio ME,Clinica,Regiao Metropolitana,Tarcisio Bueno,Escova Sanitaria - Fardo 12,Acessorios,VENDA,3,0.24,90.17,43.44,23.9,2.06,7.17,20.77
2025-01-07,2025-01,50033,Trevo Comercio ME,Clinica,Regiao Metropolitana,Tarcisio Bueno,Cera Liquida Incolor 5L - Fardo 6,Quimicos,DEVOLUCAO,-2,1.12,-50.86,-43.96,21.43,-1.84,6.43,-26.49
2025-01-08,2025-01,50038,Xavante Servicos EIRELI,Padaria,Litoral,Rogerio Antunes,Sabao Liquido 5L,Quimicos,VENDA,5,3.25,246.85,168.4,20.65,7.41,20.65,50.39
2025-01-09,2025-01,50044,BOREAL SERVICOS LTDA ME,Escola,Regiao Metropolitana,Tarcisio Bueno,Copo Descartavel 50ml - Pacote 100,Descartaveis,VENDA,3,7.88,58.4,38.61,25.7,1.13,7.71,-7.04
2025-01-09,2025-01,50046,Oriente Negocios LTDA ME,Industria,Litoral,Rogerio Antunes,Saco Lixo 30L,Descartaveis,VENDA,2,6.64,50.99,35.1,19.64,1.12,5.89,-4.87
2025-01-20,2025-01,50094,Uniao Servicos LTDA,Industria,Interior Sul,Tarcisio Bueno,Balde 20L - Caixa 24,Acessorios,VENDA,1,1.45,21.88,8.16,11.78,0.38,3.53,1.56
2025-01-20,2025-01,50097,Imperial Servicos S/A,Clinica,Regiao Metropolitana,Rogerio Antunes,SACO LIXO 60L,Descartaveis,VENDA,3,14.37,22.11,19.5,4.45,0.57,1.33,-2.41
2025-01-21,2025-01,50105,Jangada Comercio ME,Padaria,Regiao Metropolitana,Simone Klein,REMOVEDOR 1L - CAIXA 24,Quimicos,VENDA,2,3.78,38.32,20.14,12.81,1.03,3.85,4.34
2025-01-22,2025-01,50114,Vitoria Comercio LTDA,Industria,Interior Sul,Simone Klein,Prato Descartavel 15cm,Descartaveis,VENDA,5,6.41,148.95,140.05,2.48,5.21,2.48,1.21
2025-01-23,2025-01,50119,Serrano Alimentos EIRELI,Padaria,Regiao Metropolitana,Simone Klein,Mop Umido - Caixa 24,Acessorios,VENDA,3,2.22,138.35,62.46,49.74,3.62,14.92,22.53
2025-01-23,2025-01,50123,Pampa Alimentos ME,Padaria,Regiao Metropolitana,Rogerio Antunes,saco lixo 30l - fardo 6,Descartaveis,VENDA,2,1.67,35.84,25.84,9.97,0.87,2.99,-0.84
2025-01-24,2025-01,50127,Querencia Distribuidora LTDA ME,Padaria,Interior Norte,Rogerio Antunes,SACO LIXO 60L,Descartaveis,VENDA,3,5.56,28.21,19.5,10.39,0.63,3.12,-2.31
2025-01-24,2025-01,50130,Nortao Industria LTDA,Industria,Interior Sul,Rogerio Antunes,Borrifador 500ml - Fardo 12,Acessorios,VENDA,5,0.77,111.0,61.05,11.93,3.08,3.58,34.94
2025-01-25,2025-01,50136,Imperial Distribuidora S/A,Clinica,Interior Norte,Rogerio Antunes,Limpa Vidros 500ml,Quimicos,VENDA,1,3.38,34.55,18.18,11.32,0.8,3.39,4.25
2025-01-29,2025-01,50149,Luminar Participacoes LTDA,Condominio,Litoral,Simone Klein,Balde 20L - Pacote 100,Acessorios,VENDA,50,11.54,1495.5,997.5,62.39,52.34,62.39,383.27
2025-01-30,2025-01,50153,Querencia Distribuidora LTDA ME,Padaria,Interior Norte,Rogerio Antunes,Cera Liquida Incolor 5L,Quimicos,VENDA,1,0.75,71.76,34.68,28.0,1.56,8.4,7.52
2025-01-30,2025-01,50157,BOREAL SERVICOS LTDA ME,Escola,Regiao Metropolitana,Tarcisio Bueno,Copo Descartavel 50ml,Descartaveis,VENDA,3,6.58,103.68,97.65,13.67,2.9,13.67,-10.54
2025-01-31,2025-01,50169,Estrela Servicos ME,Hotel,Interior Sul,Tarcisio Bueno,DESINFETANTE LAVANDA 5L - FARDO 6,Quimicos,VENDA,2,0.77,93.36,55.26,14.69,2.33,4.41,21.08
2025-01-31,2025-01,50170,Luminar Participacoes LTDA,Condominio,Litoral,Simone Klein,SACO LIXO 60L - PACOTE 100,Descartaveis,VENDA,10,3.33,146.5,133.3,9.38,5.13,9.38,-1.31
2025-02-01,2025-02,50172,Querencia Empreendimentos LTDA,Clinica,Interior Sul,Simone Klein,SACO LIXO 60L - PACOTE 100,Descartaveis,VENDA,1,4.63,21.31,13.33,9.8,0.51,2.94,-2.33
2025-02-01,2025-02,50173,Pampa Alimentos ME,Padaria,Regiao Metropolitana,Rogerio Antunes,Desengordurante 5L,Quimicos,VENDA,2,0.47,102.34,67.86,6.98,3.07,6.98,24.43
2025-02-03,2025-02,50175,BOREAL SERVICOS LTDA ME,Escola,Regiao Metropolitana,Tarcisio Bueno,Luva Plastica Descartavel - Fardo 12,Descartaveis,VENDA,2,11.61,72.82,72.5,7.93,2.04,7.93,-9.65
2025-02-03,2025-02,50180,BOREAL SERVICOS LTDA ME,Escola,Regiao Metropolitana,Tarcisio Bueno,Prato Descartavel 15cm - Caixa 24,Descartaveis,VENDA,3,7.75,114.06,92.49,24.42,2.71,7.32,-5.56
2025-02-03,2025-02,50181,Horizonte Industria S/A,Escola,Interior Norte,Rogerio Antunes,Copo Descartavel 200ml - Fardo 12,Descartaveis,VENDA,1,9.05,48.07,17.51,42.81,0.54,12.84,-12.79
2025-02-04,2025-02,50187,missoes empreendimentos me,Clinica,Regiao Metropolitana,Rogerio Antunes,Copo Descartavel 50ml - Fardo 6,Descartaveis,VENDA,2,9.5,54.4,52.9,1.99,1.63,1.99,-2.12
2025-02-04,2025-02,50187,missoes empreendimentos me,Clinica,Regiao Metropolitana,Rogerio Antunes,Cera Liquida Incolor 5L - Fardo 6,Quimicos,VENDA,5,2.19,175.8,118.65,6.42,5.27,6.42,45.46
2025-02-04,2025-02,50189,Jangada Comercio ME,Padaria,Regiao Metropolitana,Simone Klein,Bota PVC - Caixa 24,EPI,VENDA,1,2.42,8.2,4.26,2.15,0.23,0.65,1.56
2025-02-05,2025-02,50194,Boreal Negocios ME,Padaria,Interior Norte,Rogerio Antunes,Borrifador 500ml,Acessorios,VENDA,1,2.96,57.99,20.57,34.51,1.01,10.35,1.9
2025-02-06,2025-02,50205,Uniao Participacoes LTDA,Condominio,Litoral,Rogerio Antunes,Guardanapo 24x24 - Caixa 24,Papel,VENDA,1,4.78,72.21,45.97,16.3,1.82,4.89,8.12
2025-02-14,2025-02,50236,BOREAL SERVICOS LTDA ME,Escola,Regiao Metropolitana,Tarcisio Bueno,Escova Sanitaria - Caixa 24,Acessorios,VENDA,5,4.02,63.91,24.1,35.3,1.1,10.59,3.41
2025-02-14,2025-02,50238,BOREAL SERVICOS LTDA ME,Escola,Regiao Metropolitana,Tarcisio Bueno,Talher Descartavel Misto - Pacote 100,Descartaveis,VENDA,2,1.71,71.57,52.62,18.27,1.65,5.48,-0.97
2025-02-18,2025-02,50250,BOREAL SERVICOS LTDA ME,Escola,Regiao Metropolitana,Tarcisio Bueno,Alvejante 5L - Fardo 6,Quimicos,VENDA,1,6.45,25.36,15.79,4.25,0.63,1.27,4.69
2025-02-18,2025-02,50253,Xavante Negocios ME,Hotel,Regiao Metropolitana,Simone Klein,sabao liquido 5l - pacote 100,Quimicos,VENDA,3,2.81,116.18,68.7,21.46,3.54,6.44,22.48
2025-02-18,2025-02,50255,querencia negocios me,Restaurante,Litoral,Rogerio Antunes,Embalagem Delivery 750ml - Fardo 6,Descartaveis,VENDA,10,11.97,156.0,155.9,22.13,4.68,22.13,-26.71
2025-02-18,2025-02,50255,querencia negocios me,Restaurante,Litoral,Rogerio Antunes,Alcool 70 1L - Caixa 24,Quimicos,VENDA,2,3.96,36.22,24.9,5.14,1.09,5.14,5.09
2025-02-19,2025-02,50263,Boreal Negocios ME,Padaria,Interior Norte,Rogerio Antunes,Alcool 70 1L,Quimicos,VENDA,2,0.39,141.58,80.02,29.74,3.62,8.92,28.2
2025-02-19,2025-02,50267,BOREAL SERVICOS LTDA ME,Escola,Regiao Metropolitana,Tarcisio Bueno,Talher Descartavel Misto - Caixa 24,Descartaveis,VENDA,5,12.77,176.44,156.65,30.27,4.35,9.08,-14.83
2025-02-19,2025-02,50268,Oriente Participacoes LTDA,Clinica,Regiao Metropolitana,Simone Klein,Copo Descartavel 200ml - Pacote 100,Descartaveis,VENDA,2,4.46,79.51,57.8,23.93,2.2,7.18,-4.42
2025-02-20,2025-02,50277,Nortao Alimentos S/A,Escola,Interior Norte,Simone Klein,Papel Toalha Interfolha 1000f - Caixa 24,Papel,VENDA,2,0.51,149.65,100.1,16.18,4.84,4.85,28.53
2025-02-24,2025-02,50293,BOREAL SERVICOS LTDA ME,Escola,Regiao Metropolitana,Tarcisio Bueno,escova sanitaria,Acessorios,VENDA,3,5.25,152.92,78.54,38.29,3.53,11.49,32.56
2025-02-24,2025-02,50295,Vitoria Distribuidora LTDA ME,Hotel,Interior Sul,Tarcisio Bueno,Prato Descartavel 15cm - Caixa 24,Descartaveis,VENDA,1,9.74,39.21,30.83,10.85,0.89,3.26,-3.36
2025-02-25,2025-02,50302,UNIAO ALIMENTOS EIRELI,Industria,Litoral,Simone Klein,Papel Toalha Rolo 100f - Fardo 6,Papel,VENDA,1,0.45,113.89,64.98,34.35,3.14,10.3,11.42
2025-02-26,2025-02,50306,Serrano Servicos LTDA ME,Mercado,Interior Norte,Simone Klein,Papel Toalha Rolo 100f - Fardo 6,Papel,VENDA,1,4.77,100.28,64.98,20.46,3.01,6.13,11.83
2025-02-28,2025-02,50319,Horizonte Distribuidora S/A,Condominio,Regiao Metropolitana,Rogerio Antunes,Sabao Liquido 5L - Fardo 12,Quimicos,VENDA,1,3.63,15.2,10.41,0.96,0.46,0.96,3.37
2025-02-28,2025-02,50321,Trevo Empreendimentos LTDA,Padaria,Interior Norte,Rogerio Antunes,Desengordurante 5L - Pacote 100,Quimicos,VENDA,5,2.91,111.03,61.85,28.69,2.73,8.61,17.76
2025-03-01,2025-03,50323,BANDEIRANTE NEGOCIOS S/A,Condominio,Interior Sul,Simone Klein,Alcool 70 1L,Quimicos,DEVOLUCAO,-2,2.24,-94.45,-80.02,34.38,-4.15,10.31,-44.66
2025-03-01,2025-03,50324,Imperial Servicos S/A,Clinica,Regiao Metropolitana,Rogerio Antunes,Papel Higienico Folha Dupla 30m - Fardo 12,Papel,VENDA,50,3.51,3381.0,2523.0,78.65,101.43,78.65,677.92
2025-03-03,2025-03,50330,Vitoria Distribuidora LTDA ME,Hotel,Interior Sul,Tarcisio Bueno,luva plastica descartavel - pacote 100,Descartaveis,VENDA,2,3.91,75.89,38.92,47.7,1.19,14.31,-11.92
2025-03-03,2025-03,50331,Imperial Servicos S/A,Clinica,Regiao Metropolitana,Rogerio Antunes,Guardanapo 24x24 - Fardo 12,Papel,VENDA,3,3.04,248.67,149.04,68.53,6.02,20.56,25.08
2025-03-04,2025-03,50334,Bandeirante Comercio ME,Condominio,Litoral,Rogerio Antunes,sabao liquido 5l - pacote 100,Quimicos,VENDA,1,0.13,34.65,22.9,3.48,1.04,3.48,7.23
2025-03-04,2025-03,50340,Serrano Servicos LTDA ME,Mercado,Interior Norte,Simone Klein,Limpador Multiuso 5L - Fardo 6,Quimicos,VENDA,2,3.3,99.36,67.82,7.89,3.48,7.89,20.17
2025-03-05,2025-03,50346,Estrela Servicos LTDA,Escola,Litoral,Tarcisio Bueno,Vassoura Nylon - Pacote 100,Acessorios,VENDA,5,2.48,136.04,75.8,15.42,3.51,4.63,41.31
2025-03-05,2025-03,50349,BOREAL SERVICOS LTDA ME,Escola,Regiao Metropolitana,Tarcisio Bueno,escova sanitaria,Acessorios,VENDA,2,1.42,104.28,52.36,24.0,2.45,7.2,25.47
2025-03-06,2025-03,50359,Vitoria Empreendimentos EIRELI,Restaurante,Litoral,Tarcisio Bueno,BOBINA PAPEL TOALHA 200M - PACOTE 100,Papel,VENDA,2,4.84,68.39,43.7,15.18,1.62,4.55,7.89
2025-03-07,2025-03,50367,BOREAL SERVICOS LTDA ME,Escola,Regiao Metropolitana,Tarcisio Bueno,PAPEL HIGIENICO ROLAO 300M,Papel,VENDA,5,8.64,79.55,62.7,4.44,2.23,4.44,10.18
2025-03-07,2025-03,50368,Boreal Negocios ME,Padaria,Interior Norte,Rogerio Antunes,Saco Lixo 100L - Fardo 6,Descartaveis,VENDA,1,5.64,31.63,24.69,7.36,0.79,2.21,-1.21
2025-03-08,2025-03,50377,Central Negocios ME,Mercado,Interior Sul,Tarcisio Bueno,Papel Higienico Folha Dupla 30m - Fardo 12,Papel,VENDA,3,4.63,81.06,55.44,10.89,2.06,3.27,12.67
2025-03-08,2025-03,50377,Central Negocios ME,Mercado,Interior Sul,Tarcisio Bueno,DESINFETANTE LAVANDA 5L - PACOTE 100,Quimicos,VENDA,3,1.48,203.11,123.27,27.28,5.15,8.19,47.41
2025-03-10,2025-03,50380,Xavante Servicos EIRELI,Padaria,Litoral,Rogerio Antunes,papel toalha rolo 100f,Papel,VENDA,5,7.8,236.7,184.85,26.32,7.1,26.32,18.43
2025-03-10,2025-03,50382,Luminar Alimentos S/A,Restaurante,Interior Sul,Rogerio Antunes,LUVA PLASTICA DESCARTAVEL,Descartaveis,VENDA,5,15.94,176.68,161.1,32.62,4.62,9.79,-21.66
2025-03-10,2025-03,50385,Jangada Empreendimentos ME,Condominio,Litoral,Rogerio Antunes,Guardanapo 24x24 - Fardo 12,Papel,VENDA,2,2.35,134.76,99.36,11.73,4.04,11.73,19.63
2025-03-11,2025-03,50391,Luminar Alimentos S/A,Restaurante,Interior Sul,Rogerio Antunes,BORRIFADOR 500ML - FARDO 12,Acessorios,VENDA,5,1.48,239.8,143.6,21.12,7.19,21.12,67.89
2025-03-11,2025-03,50391,Luminar Alimentos S/A,Restaurante,Interior Sul,Rogerio Antunes,Embalagem Delivery 750ml,Descartaveis,VENDA,5,7.91,125.7,120.1,11.07,3.77,11.07,-9.24
2025-03-11,2025-03,50392,Vitoria Distribuidora LTDA ME,Hotel,Interior Sul,Tarcisio Bueno,Copo Descartavel 200ml - Fardo 12,Descartaveis,VENDA,3,1.6,74.07,52.53,21.91,1.64,6.58,-2.01
2025-03-11,2025-03,50392,Vitoria Distribuidora LTDA ME,Hotel,Interior Sul,Tarcisio Bueno,Copo Descartavel 50ml - Pacote 100,Descartaveis,VENDA,1,5.67,17.39,12.87,5.14,0.39,1.54,-1.01
2025-03-11,2025-03,50396,Querencia Empreendimentos LTDA,Clinica,Interior Sul,Simone Klein,Bota PVC,EPI,VENDA,3,1.24,65.1,40.86,6.06,2.28,6.06,15.9
2025-03-11,2025-03,50396,Querencia Empreendimentos LTDA,Clinica,Interior Sul,Simone Klein,Luva Latex - Fardo 12,EPI,VENDA,1,2.02,9.67,6.12,0.9,0.34,0.9,2.31
2025-03-12,2025-03,50412,Uniao Servicos LTDA,Industria,Interior Sul,Tarcisio Bueno,borrifador 500ml - fardo 6,Acessorios,VENDA,1,3.53,30.61,18.72,2.84,0.86,2.84,8.19
2025-03-13,2025-03,50414,Zenite Participacoes ME,Padaria,Interior Norte,Simone Klein,BOBINA PAPEL TOALHA 200M - PACOTE 100,Papel,VENDA,1,2.83,29.49,21.85,1.25,1.03,1.25,5.36
2025-03-13,2025-03,50414,Zenite Participacoes ME,Padaria,Interior Norte,Simone Klein,Marmitex Aluminio 800ml - Pacote 100,Descartaveis,VENDA,2,4.88,59.94,55.46,2.54,2.1,2.54,-0.16
2025-03-13,2025-03,50424,Serrano Servicos LTDA ME,Mercado,Interior Norte,Simone Klein,Prato Descartavel 15cm - Caixa 24,Descartaveis,VENDA,1,6.29,37.27,30.83,6.34,1.15,1.9,-1.05
2025-03-13,2025-03,50424,Serrano Servicos LTDA ME,Mercado,Interior Norte,Simone Klein,Pano Multiuso - Fardo 6,Acessorios,VENDA,1,2.71,7.87,4.2,1.34,0.24,0.4,2.09
2025-03-14,2025-03,50433,Luminar Alimentos S/A,Restaurante,Interior Sul,Rogerio Antunes,Papel Toalha Interfolha 1000f - Caixa 24,Papel,VENDA,1,7.3,48.65,34.31,6.4,1.33,1.92,6.61
2025-03-14,2025-03,50433,Luminar Alimentos S/A,Restaurante,Interior Sul,Rogerio Antunes,Saco Lixo 30L - Fardo 6,Descartaveis,VENDA,2,9.12,58.0,50.98,7.63,1.58,2.29,-2.19
2025-03-14,2025-03,50434,Querencia Participacoes EIRELI,Mercado,Regiao Metropolitana,Tarcisio Bueno,Embalagem Delivery 750ml,Descartaveis,VENDA,3,3.42,79.11,72.06,2.23,2.22,2.23,2.6
2025-03-14,2025-03,50436,Vitoria Distribuidora LTDA ME,Hotel,Interior Sul,Tarcisio Bueno,Talher Descartavel Misto - Caixa 24,Descartaveis,VENDA,20,13.23,617.8,626.6,41.19,17.3,41.19,-67.29
2025-03-19,2025-03,50463,BOREAL SERVICOS LTDA ME,Escola,Regiao Metropolitana,Tarcisio Bueno,Limpador Multiuso 5L - Fardo 6,Quimicos,VENDA,3,3.26,169.5,101.73,29.11,4.18,8.74,34.48
2025-03-20,2025-03,50474,Estrela Servicos ME,Hotel,Interior Sul,Tarcisio Bueno,Saco Lixo 30L - Fardo 6,Descartaveis,VENDA,2,1.77,56.92,50.98,3.99,1.59,3.99,0.36
2025-03-20,2025-03,50474,Estrela Servicos ME,Hotel,Interior Sul,Tarcisio Bueno,mop umido - fardo 6,Acessorios,VENDA,20,7.12,637.0,404.6,44.7,17.84,44.7,169.86
2025-03-20,2025-03,50475,Querencia Negocios LTDA,Industria,Interior Norte,Simone Klein,Alvejante 5L - Caixa 24,Quimicos,VENDA,2,1.21,135.61,75.6,32.07,3.96,9.62,23.98
2025-03-20,2025-03,50477,Luminar Alimentos S/A,Restaurante,Interior Sul,Rogerio Antunes,Limpa Vidros 500ml,Quimicos,VENDA,2,4.28,62.62,36.36,14.11,1.58,4.23,10.57
2025-03-21,2025-03,50480,Pampa Alimentos ME,Padaria,Regiao Metropolitana,Rogerio Antunes,papel higienico folha dupla 30m - fardo 12,Papel,VENDA,2,6.5,146.67,102.08,20.16,3.98,6.05,20.45
2025-03-21,2025-03,50486,Serrano Servicos LTDA ME,Mercado,Interior Norte,Simone Klein,Prato Descartavel 15cm,Descartaveis,VENDA,1,0.54,31.66,28.01,2.83,1.11,2.83,-0.29
2025-03-22,2025-03,50493,Uniao Servicos LTDA,Industria,Interior Sul,Tarcisio Bueno,Saco Lixo 100L - Fardo 6,Descartaveis,VENDA,20,16.33,469.6,493.8,32.62,13.15,32.62,-69.97
2025-03-22,2025-03,50495,missoes empreendimentos me,Clinica,Regiao Metropolitana,Rogerio Antunes,Prato Descartavel 15cm,Descartaveis,VENDA,5,0.72,178.86,140.05,29.8,4.74,8.94,4.27
2025-03-22,2025-03,50496,Querencia Participacoes EIRELI,Mercado,Regiao Metropolitana,Tarcisio Bueno,Marmitex Aluminio 800ml - Pacote 100,Descartaveis,VENDA,10,20.04,252.0,277.3,20.61,7.06,20.61,-52.97
2025-03-24,2025-03,50499,XAVANTE EMPREENDIMENTOS LTDA ME,Mercado,Interior Norte,Simone Klein,Marmitex Aluminio 800ml,Descartaveis,VENDA,1,7.55,11.26,8.79,2.88,0.32,0.86,-0.73
2025-03-24,2025-03,50500,Boreal Industria LTDA,Hotel,Litoral,Tarcisio Bueno,Alvejante 5L - Fardo 12,Quimicos,VENDA,3,2.35,89.0,51.03,19.31,2.11,5.79,16.55
2025-03-25,2025-03,50503,Oriente Participacoes LTDA,Clinica,Regiao Metropolitana,Simone Klein,Rodo 40cm - Pacote 100,Acessorios,VENDA,2,3.29,108.72,55.7,24.88,3.2,7.46,24.94
2025-03-25,2025-03,50507,Aurora Industria LTDA,Clinica,Regiao Metropolitana,Tarcisio Bueno,Talher Descartavel Misto - Fardo 6,Descartaveis,VENDA,2,5.36,98.7,72.58,29.48,2.19,8.84,-5.55
2025-03-26,2025-03,50513,Querencia Participacoes EIRELI,Mercado,Regiao Metropolitana,Tarcisio Bueno,Marmitex Aluminio 800ml,Descartaveis,VENDA,1,10.72,10.7,8.79,2.55,0.25,0.77,-0.89
2025-03-27,2025-03,50531,Vitoria Distribuidora LTDA ME,Hotel,Interior Sul,Tarcisio Bueno,Balde 20L - Pacote 100,Acessorios,VENDA,3,3.12,98.28,59.85,9.1,2.75,9.1,26.58
2025-03-28,2025-03,50538,BOREAL SERVICOS LTDA ME,Escola,Regiao Metropolitana,Tarcisio Bueno,Limpa Vidros 500ml - Fardo 12,Quimicos,VENDA,10,9.02,458.2,332.4,11.2,12.83,11.2,101.77
2025-03-31,2025-03,50547,Aurora Negocios EIRELI,Hotel,Regiao Metropolitana,Rogerio Antunes,papel toalha rolo 100f,Papel,VENDA,3,1.08,186.5,110.91,48.71,4.57,14.61,22.31
2025-04-01,2025-04,50555,Serrano Servicos LTDA ME,Mercado,Interior Norte,Simone Klein,Avental PVC - Fardo 6,EPI,VENDA,5,1.63,39.93,22.55,5.97,1.25,1.79,10.16
2025-04-01,2025-04,50557,Trevo Comercio LTDA,Restaurante,Interior Norte,Simone Klein,Prato Descartavel 15cm - Caixa 24,Descartaveis,VENDA,1,3.62,51.05,19.37,42.63,0.74,12.79,-11.69
2025-04-02,2025-04,50560,Boreal Negocios ME,Padaria,Interior Norte,Rogerio Antunes,PAPEL HIGIENICO ROLAO 300M,Papel,VENDA,50,10.03,783.5,627.0,45.93,23.51,45.93,87.07
2025-04-02,2025-04,50564,Serrano Servicos LTDA ME,Mercado,Interior Norte,Simone Klein,Embalagem Delivery 750ml - Fardo 6,Descartaveis,VENDA,3,9.13,98.67,95.55,9.41,3.45,9.41,-9.74
2025-04-03,2025-04,50568,Boreal Negocios ME,Padaria,Interior Norte,Rogerio Antunes,Copo Descartavel 50ml - Pacote 100,Descartaveis,VENDA,1,3.79,22.9,12.87,12.61,0.42,3.78,-3.0
2025-04-04,2025-04,50576,Central Negocios LTDA ME,Clinica,Interior Sul,Simone Klein,Limpador Multiuso 5L,Quimicos,VENDA,1,1.66,43.7,29.33,6.24,1.53,6.24,6.6
2025-04-07,2025-04,50581,Luminar Distribuidora EIRELI,Clinica,Litoral,Rogerio Antunes,Marmitex Aluminio 800ml - Pacote 100,Descartaveis,VENDA,20,2.66,613.4,554.6,44.73,18.4,44.73,-4.33
2025-04-07,2025-04,50582,Horizonte Distribuidora S/A,Condominio,Regiao Metropolitana,Rogerio Antunes,papel toalha rolo 100f,Papel,VENDA,10,1.63,505.1,369.7,67.54,15.15,67.54,52.71
2025-04-07,2025-04,50587,querencia negocios me,Restaurante,Litoral,Rogerio Antunes,Detergente Neutro 5L - Pacote 100,Quimicos,VENDA,5,1.98,137.05,73.8,39.22,3.29,11.77,20.74
2025-04-08,2025-04,50595,Serrano Servicos LTDA ME,Mercado,Interior Norte,Simone Klein,limpador multiuso 5l - pacote 100,Quimicos,VENDA,1,1.63,42.78,11.79,36.02,0.61,10.81,-5.64
2025-04-08,2025-04,50596,horizonte distribuidora me,Condominio,Regiao Metropolitana,Rogerio Antunes,SACO LIXO 60L - PACOTE 100,Descartaveis,VENDA,2,1.49,34.32,26.66,6.4,0.9,1.92,0.36
2025-04-09,2025-04,50600,Xavante Servicos EIRELI,Padaria,Litoral,Rogerio Antunes,Desinfetante Lavanda 5L - Pacote 100,Quimicos,VENDA,3,5.54,160.86,112.38,19.87,4.83,19.87,23.78
2025-04-09,2025-04,50600,Xavante Servicos EIRELI,Padaria,Litoral,Rogerio Antunes,Guardanapo 24x24 - Fardo 12,Papel,VENDA,3,5.84,194.91,149.04,24.08,5.85,24.08,15.94
2025-04-09,2025-04,50601,Xavante Negocios ME,Hotel,Regiao Metropolitana,Simone Klein,Desengordurante 5L - Pacote 100,Quimicos,VENDA,2,3.14,36.3,24.74,2.33,1.27,2.33,7.96
2025-04-15,2025-04,50625,Zenite Industria LTDA,Mercado,Litoral,Simone Klein,Embalagem Delivery 750ml - Fardo 6,Descartaveis,VENDA,1,3.68,19.0,15.59,2.76,0.6,0.83,0.05
2025-04-16,2025-04,50637,Vitoria Distribuidora LTDA ME,Hotel,Interior Sul,Tarcisio Bueno,Luva Latex - Fardo 12,EPI,VENDA,10,1.88,109.56,61.2,18.22,2.71,5.46,27.43
2025-04-17,2025-04,50640,Aurora Negocios EIRELI,Hotel,Regiao Metropolitana,Rogerio Antunes,Papel Toalha Rolo 100f - Pacote 100,Papel,VENDA,3,0.04,228.63,164.67,10.11,6.86,10.11,46.99
2025-04-17,2025-04,50647,Serrano Servicos LTDA ME,Mercado,Interior Norte,Simone Klein,Detergente Neutro 5L - Caixa 24,Quimicos,VENDA,2,3.93,104.84,63.48,17.77,3.23,5.33,20.36
2025-04-18,2025-04,50651,BOREAL SERVICOS LTDA ME,Escola,Regiao Metropolitana,Tarcisio Bueno,Sabao Liquido 5L - Fardo 12,Quimicos,VENDA,1,3.61,19.55,10.41,6.22,0.43,1.87,2.49
2025-04-22,2025-04,50665,Serrano Servicos LTDA ME,Mercado,Interior Norte,Simone Klein,SACO LIXO 60L - CAIXA 24,Descartaveis,VENDA,2,2.05,25.36,20.02,4.37,0.78,1.31,0.19
2025-04-23,2025-04,50674,Guarani Servicos S/A,Restaurante,Regiao Metropolitana,Simone Klein,Prato Descartavel 15cm,Descartaveis,VENDA,3,11.79,84.24,84.03,5.97,2.95,5.97,-8.71
2025-04-23,2025-04,50674,Guarani Servicos S/A,Restaurante,Regiao Metropolitana,Simone Klein,LUVA PLASTICA DESCARTAVEL,Descartaveis,VENDA,20,0.02,732.0,644.4,51.88,25.62,51.88,10.1
2025-04-25,2025-04,50679,Horizonte Negocios EIRELI,Escola,Litoral,Simone Klein,Balde 20L - Caixa 24,Acessorios,VENDA,3,1.51,47.54,24.48,9.55,1.43,2.87,12.08
2025-04-25,2025-04,50681,Boreal Comercio EIRELI,Mercado,Interior Sul,Simone Klein,Copo Descartavel 200ml,Descartaveis,VENDA,5,8.63,155.0,149.3,16.25,5.43,16.25,-15.98
2025-04-25,2025-04,50682,Querencia Participacoes EIRELI,Mercado,Regiao Metropolitana,Tarcisio Bueno,Embalagem Delivery 750ml,Descartaveis,VENDA,5,17.0,133.16,120.1,28.37,3.17,8.51,-18.48
2025-04-26,2025-04,50685,Zenite Servicos EIRELI,Industria,Interior Sul,Tarcisio Bueno,Desinfetante Lavanda 5L - Pacote 100,Quimicos,VENDA,5,0.49,282.4,187.3,12.92,7.91,12.92,74.27
2025-04-29,2025-04,50692,Querencia Participacoes EIRELI,Mercado,Regiao Metropolitana,Tarcisio Bueno,LUVA PLASTICA DESCARTAVEL,Descartaveis,VENDA,3,10.34,104.72,96.66,8.95,2.76,2.69,-3.65
2025-04-30,2025-04,50700,Nortao Alimentos S/A,Escola,Interior Norte,Simone Klein,Saco Lixo 30L,Descartaveis,VENDA,3,0.09,91.03,52.65,44.67,2.09,13.4,-8.38
2025-04-30,2025-04,50702,BANDEIRANTE NEGOCIOS S/A,Condominio,Interior Sul,Simone Klein,Alcool 70 1L,Quimicos,VENDA,5,3.47,315.03,200.05,32.04,10.24,9.61,72.7
2025-05-01,2025-05,50711,Uniao Servicos LTDA,Industria,Interior Sul,Tarcisio Bueno,REMOVEDOR 1L - CAIXA 24,Quimicos,VENDA,2,5.19,32.38,20.14,4.91,0.81,1.47,6.52
2025-05-06,2025-05,50727,Aurora Negocios EIRELI,Hotel,Regiao Metropolitana,Rogerio Antunes,Bota PVC - Fardo 12,EPI,VENDA,2,2.31,82.33,36.28,35.97,1.71,10.8,8.37
2025-05-12,2025-05,50764,Querencia Participacoes EIRELI,Mercado,Regiao Metropolitana,Tarcisio Bueno,Copo Descartavel 50ml - Pacote 100,Descartaveis,VENDA,3,0.17,95.9,72.0,20.34,2.29,6.1,1.27
2025-05-12,2025-05,50771,Jangada Comercio ME,Padaria,Regiao Metropolitana,Simone Klein,Saco Lixo 30L - Fardo 6,Descartaveis,VENDA,1,1.35,32.16,25.49,5.11,1.0,1.53,0.56
2025-05-16,2025-05,50792,Vitoria Comercio LTDA,Industria,Interior Sul,Simone Klein,DETERGENTE NEUTRO 5L - PACOTE 100,Quimicos,VENDA,3,2.42,48.63,32.88,1.61,1.7,1.61,12.44
2025-05-16,2025-05,50793,Querencia Participacoes EIRELI,Mercado,Regiao Metropolitana,Tarcisio Bueno,Luva Plastica Descartavel - Fardo 6,Descartaveis,VENDA,50,32.88,581.5,762.5,12.28,16.28,12.28,-209.56
2025-05-19,2025-05,50798,Serrano Servicos LTDA ME,Mercado,Interior Norte,Simone Klein,papel toalha rolo 100f,Papel,VENDA,1,3.09,75.43,36.97,36.68,1.74,11.01,0.04
2025-05-21,2025-05,50804,Serrano Alimentos EIRELI,Padaria,Regiao Metropolitana,Simone Klein,Guardanapo 24x24 - Caixa 24,Papel,VENDA,1,3.79,65.35,48.9,9.58,2.29,9.58,4.58
2025-05-21,2025-05,50804,Serrano Alimentos EIRELI,Padaria,Regiao Metropolitana,Simone Klein,Luva Plastica Descartavel - Fardo 6,Descartaveis,VENDA,1,4.01,16.64,15.25,2.44,0.58,2.44,-1.63
2025-05-23,2025-05,50822,Luminar Alimentos S/A,Restaurante,Interior Sul,Rogerio Antunes,Papel Toalha Rolo 100f - Caixa 24,Papel,VENDA,5,8.03,260.74,176.15,51.05,6.75,15.31,26.79
2025-05-26,2025-05,50834,BOREAL SERVICOS LTDA ME,Escola,Regiao Metropolitana,Tarcisio Bueno,Vassoura Nylon - Caixa 24,Acessorios,VENDA,3,6.27,139.7,76.8,25.27,3.42,7.58,34.21
2025-05-27,2025-05,50840,Vitoria Empreendimentos EIRELI,Restaurante,Litoral,Tarcisio Bueno,Mop Umido,Acessorios,VENDA,1,0.51,49.89,24.11,13.2,1.14,3.96,11.44
2025-05-27,2025-05,50841,Serrano Servicos LTDA ME,Mercado,Interior Norte,Simone Klein,MASCARA DESCARTAVEL - CAIXA 24,EPI,VENDA,2,0.94,50.06,26.44,11.17,1.48,3.35,10.97
2025-05-27,2025-05,50845,Querencia Participacoes EIRELI,Mercado,Regiao Metropolitana,Tarcisio Bueno,Cera Liquida Incolor 5L - Fardo 6,Quimicos,VENDA,1,1.91,58.49,23.73,33.18,0.99,9.95,0.59
2025-05-28,2025-05,50850,Horizonte Negocios EIRELI,Escola,Litoral,Simone Klein,Talher Descartavel Misto - Caixa 24,Descartaveis,VENDA,1,8.03,48.85,31.33,23.01,1.15,6.9,-6.64
2025-05-28,2025-05,50852,Serrano Servicos LTDA ME,Mercado,Interior Norte,Simone Klein,PRATO DESCARTAVEL 15CM - PACOTE 100,Descartaveis,VENDA,10,3.19,363.5,330.4,29.54,12.72,29.54,-9.16
2025-05-29,2025-05,50859,Horizonte Distribuidora S/A,Condominio,Regiao Metropolitana,Rogerio Antunes,ESCOVA SANITARIA - CAIXA 24,Acessorios,VENDA,5,1.83,167.97,88.05,30.68,4.39,9.21,44.85
2025-05-30,2025-05,50863,Imperial Servicos S/A,Clinica,Regiao Metropolitana,Rogerio Antunes,Saco Lixo 100L - Pacote 100,Descartaveis,VENDA,3,4.3,60.37,47.76,12.05,1.56,3.61,-1.0
2025-06-03,2025-06,50875,querencia negocios me,Restaurante,Litoral,Rogerio Antunes,Saco Lixo 100L,Descartaveis,VENDA,5,10.83,136.35,134.55,18.19,4.09,18.19,-20.48
2025-06-04,2025-06,50881,Pampa Alimentos ME,Padaria,Regiao Metropolitana,Rogerio Antunes,Prato Descartavel 15cm,Descartaveis,VENDA,3,3.41,108.64,84.03,23.46,2.77,7.04,-1.62
2025-06-04,2025-06,50882,Serrano Servicos LTDA ME,Mercado,Interior Norte,Simone Klein,Prato Descartavel 15cm - Caixa 24,Descartaveis,VENDA,2,1.01,69.36,61.66,7.54,2.43,7.54,-2.27
2025-06-04,2025-06,50882,Serrano Servicos LTDA ME,Mercado,Interior Norte,Simone Klein,SACO LIXO 60L - PACOTE 100,Descartaveis,VENDA,2,3.13,29.36,26.66,3.19,1.03,3.19,-1.52
2025-06-04,2025-06,50886,Oriente Participacoes LTDA,Clinica,Regiao Metropolitana,Simone Klein,Rodo 40cm - Caixa 24,Acessorios,VENDA,5,1.33,59.9,35.8,2.37,2.1,2.37,19.63
2025-06-05,2025-06,50890,Vitoria Distribuidora LTDA ME,Hotel,Interior Sul,Tarcisio Bueno,Avental PVC - Pacote 100,EPI,VENDA,2,1.7,47.7,30.08,7.34,1.34,7.34,8.94
2025-06-05,2025-06,50890,Vitoria Distribuidora LTDA ME,Hotel,Interior Sul,Tarcisio Bueno,Guardanapo 24x24,Papel,VENDA,1,0.18,60.82,43.87,9.36,1.7,9.36,5.89
2025-06-05,2025-06,50892,Serrano Servicos LTDA ME,Mercado,Interior Norte,Simone Klein,Saco Lixo 60L - Fardo 6,Descartaveis,VENDA,2,6.56,21.69,16.78,5.56,0.62,1.67,-1.27
2025-06-05,2025-06,50893,Vitoria Distribuidora LTDA ME,Hotel,Interior Sul,Tarcisio Bueno,Copo Descartavel 50ml,Descartaveis,VENDA,5,3.18,179.05,162.75,21.89,5.01,21.89,-10.6
2025-06-05,2025-06,50896,Alvorada Distribuidora ME,Mercado,Interior Sul,Simone Klein,Papel Toalha Interfolha 1000f - Pacote 100,Papel,VENDA,1,2.31,78.33,57.73,5.37,2.74,5.37,12.49
2025-06-06,2025-06,50899,Serrano Servicos LTDA ME,Mercado,Interior Norte,Simone Klein,escova sanitaria,Acessorios,VENDA,3,3.14,128.94,78.54,19.35,4.51,19.35,26.54
2025-06-07,2025-06,50906,Trevo Comercio LTDA,Restaurante,Interior Norte,Simone Klein,Prato Descartavel 15cm - Caixa 24,Descartaveis,DEVOLUCAO,-3,5.21,-54.04,-58.11,12.2,-2.19,3.66,-5.94
2025-06-10,2025-06,50913,Zenite Participacoes ME,Padaria,Interior Norte,Simone Klein,Detergente Neutro 5L - Caixa 24,Quimicos,VENDA,1,1.19,47.52,31.74,4.03,1.66,4.03,10.09
2025-06-11,2025-06,50916,Estrela Servicos ME,Hotel,Interior Sul,Tarcisio Bueno,Rodo 40cm,Acessorios,VENDA,3,0.26,69.24,40.95,7.03,1.94,7.03,19.32
2025-06-14,2025-06,50935,Imperial Distribuidora S/A,Clinica,Interior Norte,Rogerio Antunes,luva plastica descartavel - pacote 100,Descartaveis,VENDA,10,3.07,229.83,194.6,22.19,6.43,6.66,6.61
2025-06-20,2025-06,50969,Serrano Servicos LTDA ME,Mercado,Interior Norte,Simone Klein,Bobina Papel Toalha 200m - Fardo 6,Papel,VENDA,3,1.92,90.89,60.78,11.55,2.9,3.46,15.66
2025-06-20,2025-06,50974,Querencia Alimentos LTDA,Mercado,Interior Norte,Simone Klein,Papel Toalha Interfolha 1000f - Caixa 24,Papel,VENDA,1,1.56,68.43,50.05,11.26,2.4,11.26,4.72
2025-06-23,2025-06,50981,Querencia Empreendimentos LTDA,Clinica,Interior Sul,Simone Klein,Copo Descartavel 200ml - Fardo 12,Descartaveis,VENDA,1,4.45,21.27,17.51,3.23,0.67,0.97,-0.14
2025-06-25,2025-06,50988,Aurora Industria LTDA ME,Clinica,Interior Sul,Tarcisio Bueno,Guardanapo 24x24,Papel,VENDA,2,1.45,144.54,87.74,34.92,3.36,10.48,18.52
2025-07-01,2025-07,51014,Luminar Alimentos S/A,Restaurante,Interior Sul,Rogerio Antunes,Bobina Papel Toalha 200m,Papel,VENDA,10,1.74,480.5,352.1,50.79,14.42,50.79,63.19
2025-07-03,2025-07,51033,Guarani Servicos LTDA ME,Escola,Litoral,Tarcisio Bueno,Sabao Liquido 5L - Fardo 12,Quimicos,VENDA,3,4.63,57.15,31.23,17.18,1.26,5.15,7.48
2025-07-03,2025-07,51034,Querencia Negocios LTDA,Industria,Interior Norte,Simone Klein,Papel Toalha Rolo 100f - Caixa 24,Papel,VENDA,2,9.02,89.04,70.46,3.18,3.12,3.18,12.28
2025-07-03,2025-07,51034,Querencia Negocios LTDA,Industria,Interior Norte,Simone Klein,SACO LIXO 60L - CAIXA 24,Descartaveis,VENDA,10,14.28,97.5,100.1,3.48,3.41,3.48,-9.49
2025-07-04,2025-07,51038,UNIAO ALIMENTOS LTDA ME,Restaurante,Litoral,Simone Klein,Alvejante 5L,Quimicos,VENDA,5,2.61,328.14,208.2,29.91,10.75,8.97,79.28
2025-07-07,2025-07,51042,Serrano Servicos LTDA ME,Mercado,Interior Norte,Simone Klein,Detergente Neutro 5L - Pacote 100,Quimicos,VENDA,2,4.21,56.4,29.52,19.37,1.5,5.81,6.01
2025-07-10,2025-07,51053,Uniao Servicos LTDA,Industria,Interior Sul,Tarcisio Bueno,Saco Lixo 100L - Pacote 100,Descartaveis,VENDA,1,1.77,20.24,15.92,3.53,0.5,1.06,0.29
2025-07-14,2025-07,51069,Estrela Negocios S/A,Padaria,Litoral,Tarcisio Bueno,Rodo 40cm,Acessorios,VENDA,3,0.13,83.58,40.95,20.36,1.94,6.11,20.33
2025-07-15,2025-07,51074,Oriente Participacoes LTDA,Clinica,Regiao Metropolitana,Simone Klein,papel toalha rolo 100f,Papel,VENDA,3,0.14,170.14,110.91,23.29,5.38,6.99,30.56
2025-07-16,2025-07,51077,Imperial Empreendimentos EIRELI,Padaria,Litoral,Rogerio Antunes,Papel Toalha Interfolha 1000f,Papel,VENDA,10,5.45,274.8,209.2,33.79,8.24,33.79,23.57
2025-07-16,2025-07,51080,Xavante Industria EIRELI,Escola,Regiao Metropolitana,Tarcisio Bueno,Marmitex Aluminio 800ml - Pacote 100,Descartaveis,VENDA,3,2.4,92.25,83.19,9.95,2.58,9.95,-3.47
2025-07-17,2025-07,51087,Serrano Servicos LTDA ME,Mercado,Interior Norte,Simone Klein,Embalagem Delivery 750ml - Fardo 6,Descartaveis,VENDA,2,1.7,34.84,31.18,1.19,1.22,1.19,1.25
2025-07-17,2025-07,51087,Serrano Servicos LTDA ME,Mercado,Interior Norte,Simone Klein,Bota PVC - Fardo 12,EPI,VENDA,10,2.39,285.6,181.4,9.72,10.0,9.72,84.48
2025-07-17,2025-07,51089,Nortao Alimentos S/A,Escola,Interior Norte,Simone Klein,Vassoura Nylon,Acessorios,VENDA,5,1.19,100.63,50.45,23.05,2.96,6.92,24.17
2025-07-18,2025-07,51091,Oriente Participacoes LTDA,Clinica,Regiao Metropolitana,Simone Klein,Prato Descartavel 15cm,Descartaveis,VENDA,5,10.83,159.36,140.05,24.95,4.97,7.49,-10.61
2025-07-18,2025-07,51099,Boreal Participacoes EIRELI,Clinica,Litoral,Rogerio Antunes,MASCARA DESCARTAVEL - CAIXA 24,EPI,VENDA,50,8.35,977.0,661.0,53.25,29.31,53.25,233.44
2025-07-21,2025-07,51106,UNIAO ALIMENTOS LTDA ME,Restaurante,Litoral,Simone Klein,BOBINA PAPEL TOALHA 200M - PACOTE 100,Papel,VENDA,3,1.16,100.31,65.55,14.72,3.15,4.41,16.89
2025-07-22,2025-07,51111,Querencia Participacoes EIRELI,Mercado,Regiao Metropolitana,Tarcisio Bueno,Alvejante 5L - Fardo 6,Quimicos,VENDA,3,2.14,70.23,47.37,6.71,1.97,6.71,14.18
2025-07-22,2025-07,51113,Aurora Distribuidora LTDA ME,Clinica,Litoral,Simone Klein,Limpador Multiuso 5L - Fardo 6,Quimicos,VENDA,1,0.79,39.07,25.99,2.69,1.37,2.69,9.02
2025-07-23,2025-07,51120,Horizonte Negocios LTDA ME,Mercado,Litoral,Simone Klein,Guardanapo 24x24,Papel,VENDA,2,2.14,132.11,87.74,18.36,4.17,5.51,21.84
2025-07-23,2025-07,51120,Horizonte Negocios LTDA ME,Mercado,Litoral,Simone Klein,DESINFETANTE LAVANDA 5L - PACOTE 100,Quimicos,VENDA,1,1.29,68.08,41.09,9.46,2.15,2.84,15.38
2025-07-23,2025-07,51122,Boreal Negocios ME,Padaria,Interior Norte,Rogerio Antunes,Papel Toalha Interfolha 1000f,Papel,VENDA,3,3.13,100.81,62.76,23.36,2.53,7.0,12.16
2025-07-24,2025-07,51126,Estrela Servicos ME,Hotel,Interior Sul,Tarcisio Bueno,Desengordurante 5L,Quimicos,VENDA,1,2.36,69.61,33.93,27.72,1.41,8.31,6.55
2025-07-25,2025-07,51132,Luminar Alimentos S/A,Restaurante,Interior Sul,Rogerio Antunes,luva plastica descartavel - pacote 100,Descartaveis,VENDA,1,8.04,28.31,19.46,11.4,0.61,3.42,-3.16
2025-07-30,2025-07,51160,Pampa Alimentos ME,Padaria,Regiao Metropolitana,Rogerio Antunes,Saco Lixo 100L - Fardo 6,Descartaveis,VENDA,50,27.72,1014.0,1234.5,68.73,30.42,68.73,-319.65
2025-07-30,2025-07,51161,Trevo Comercio LTDA,Restaurante,Interior Norte,Simone Klein,sabao liquido 5l - pacote 100,Quimicos,VENDA,3,0.33,121.51,68.7,25.35,3.63,7.61,23.83
2025-07-31,2025-07,51166,Rio Claro Servicos S/A,Industria,Interior Norte,Rogerio Antunes,Marmitex Aluminio 800ml - Caixa 24,Descartaveis,VENDA,1,9.6,14.03,10.48,4.65,0.32,1.39,-1.42
2025-08-01,2025-08,51168,Bandeirante Comercio ME,Condominio,Litoral,Rogerio Antunes,Papel Higienico Rolao 300m - Fardo 12,Papel,DEVOLUCAO,-1,1.8,-39.25,-44.62,30.86,-1.83,9.26,-23.66
2025-08-02,2025-08,51172,Querencia Participacoes EIRELI,Mercado,Regiao Metropolitana,Tarcisio Bueno,Desinfetante Lavanda 5L - Pacote 100,Quimicos,VENDA,2,0.02,137.25,74.92,33.92,3.18,10.17,25.23
2025-08-02,2025-08,51173,BOREAL SERVICOS LTDA ME,Escola,Regiao Metropolitana,Tarcisio Bueno,Saco Lixo 100L - Pacote 100,Descartaveis,VENDA,2,1.57,39.83,31.84,6.02,1.0,1.81,0.97
2025-08-04,2025-08,51180,Estrela Comercio S/A,Restaurante,Interior Sul,Rogerio Antunes,Alcool 70 1L - Caixa 24,Quimicos,VENDA,2,3.75,36.3,24.9,4.37,1.09,4.37,5.94
2025-08-05,2025-08,51182,Serrano Servicos LTDA ME,Mercado,Interior Norte,Simone Klein,Saco Lixo 60L - Fardo 6,Descartaveis,VENDA,1,0.8,9.45,8.39,0.57,0.33,0.57,0.16
2025-08-06,2025-08,51188,Querencia Negocios LTDA,Industria,Interior Norte,Simone Klein,Embalagem Delivery 750ml,Descartaveis,VENDA,1,1.58,29.44,24.02,3.66,0.94,1.09,0.82
2025-08-12,2025-08,51212,Nortao Industria ME,Padaria,Interior Norte,Simone Klein,Esponja Dupla Face - Fardo 6,Acessorios,VENDA,2,4.91,73.69,39.42,14.49,2.22,4.34,17.56
2025-08-13,2025-08,51215,Jangada Comercio ME,Padaria,Regiao Metropolitana,Simone Klein,Guardanapo 24x24 - Fardo 12,Papel,VENDA,3,1.13,204.66,149.04,20.12,7.16,20.12,28.34
2025-08-14,2025-08,51218,Serrano Servicos LTDA ME,Mercado,Interior Norte,Simone Klein,Talher Descartavel Misto - Caixa 24,Descartaveis,VENDA,50,9.44,1612.0,1566.5,81.55,56.42,81.55,-92.47
2025-08-15,2025-08,51221,Nortao Alimentos S/A,Escola,Interior Norte,Simone Klein,Marmitex Aluminio 800ml - Caixa 24,Descartaveis,VENDA,1,5.72,40.39,34.35,5.13,1.29,1.54,-0.38
2025-08-15,2025-08,51227,Serrano Servicos LTDA ME,Mercado,Interior Norte,Simone Klein,Papel Toalha Rolo 100f - Caixa 24,Papel,VENDA,2,1.75,96.14,70.46,10.14,3.36,10.14,12.18
2025-08-18,2025-08,51231,BOREAL SERVICOS LTDA ME,Escola,Regiao Metropolitana,Tarcisio Bueno,SACO LIXO 60L,Descartaveis,VENDA,2,10.69,16.12,13.0,4.18,0.37,1.26,-1.43
2025-08-18,2025-08,51231,BOREAL SERVICOS LTDA ME,Escola,Regiao Metropolitana,Tarcisio Bueno,Limpa Vidros 500ml - Caixa 24,Quimicos,VENDA,5,7.95,214.48,125.9,55.55,4.92,16.67,28.11
2025-08-18,2025-08,51237,Xavante Industria EIRELI,Escola,Regiao Metropolitana,Tarcisio Bueno,Desinfetante Lavanda 5L - Pacote 100,Quimicos,VENDA,1,0.92,67.8,37.46,16.51,1.57,4.95,12.26
2025-08-19,2025-08,51239,Querencia Participacoes EIRELI,Mercado,Regiao Metropolitana,Tarcisio Bueno,Copo Descartavel 200ml - Fardo 12,Descartaveis,VENDA,1,11.51,19.48,17.51,2.66,0.49,0.79,-1.18
2025-08-20,2025-08,51250,Luminar Participacoes LTDA,Condominio,Litoral,Simone Klein,Detergente Neutro 5L - Caixa 24,Quimicos,VENDA,2,1.7,106.46,63.48,17.02,3.31,5.1,22.65
2025-08-20,2025-08,51250,Luminar Participacoes LTDA,Condominio,Litoral,Simone Klein,Guardanapo 24x24 - Fardo 12,Papel,VENDA,2,3.06,150.64,99.36,24.09,4.68,7.23,22.51
2025-08-20,2025-08,51252,Pampa Alimentos ME,Padaria,Regiao Metropolitana,Rogerio Antunes,Papel Toalha Rolo 100f - Fardo 6,Papel,VENDA,5,5.79,425.1,324.9,22.82,12.75,22.82,64.63
2025-08-20,2025-08,51252,Pampa Alimentos ME,Padaria,Regiao Metropolitana,Rogerio Antunes,Desinfetante Lavanda 5L,Quimicos,VENDA,1,6.21,28.72,20.21,1.54,0.86,1.54,6.11
2025-08-22,2025-08,51264,Querencia Participacoes EIRELI,Mercado,Regiao Metropolitana,Tarcisio Bueno,PAPEL HIGIENICO ROLAO 300M,Papel,VENDA,3,5.96,55.01,37.62,8.38,1.38,2.51,7.63
2025-08-22,2025-08,51266,Querencia Empreendimentos LTDA,Clinica,Interior Sul,Simone Klein,BORRIFADOR 500ML - FARDO 12,Acessorios,VENDA,2,0.42,121.94,57.44,35.69,3.39,10.71,25.42
2025-08-25,2025-08,51273,Uniao Servicos LTDA,Industria,Interior Sul,Tarcisio Bueno,Prato Descartavel 15cm - Caixa 24,Descartaveis,VENDA,1,10.32,25.39,19.37,8.06,0.55,2.41,-2.59
2025-08-25,2025-08,51274,Jangada Empreendimentos ME,Condominio,Litoral,Rogerio Antunes,Vassoura Nylon - Caixa 24,Acessorios,VENDA,3,3.17,155.82,76.8,42.55,3.78,12.76,32.69
2025-08-25,2025-08,51276,Estrela Servicos LTDA,Escola,Litoral,Tarcisio Bueno,Papel Toalha Interfolha 1000f - Pacote 100,Papel,VENDA,3,4.86,228.84,173.19,7.74,6.41,7.74,41.5
2025-08-25,2025-08,51276,Estrela Servicos LTDA,Escola,Litoral,Tarcisio Bueno,DETERGENTE NEUTRO 5L - PACOTE 100,Quimicos,VENDA,2,0.55,33.04,21.92,1.12,0.93,1.12,9.07
2025-08-25,2025-08,51279,Serrano Servicos LTDA ME,Mercado,Interior Norte,Simone Klein,Alcool 70 1L - Caixa 24,Quimicos,VENDA,3,2.03,61.08,37.35,8.06,1.94,2.42,13.73
2025-08-27,2025-08,51286,Serrano Servicos LTDA ME,Mercado,Interior Norte,Simone Klein,BOBINA PAPEL TOALHA 200M - PACOTE 100,Papel,VENDA,5,1.49,149.5,109.25,11.0,5.23,11.0,24.02
2025-08-28,2025-08,51293,Pampa Alimentos ME,Padaria,Regiao Metropolitana,Rogerio Antunes,Copo Descartavel 200ml - Fardo 12,Descartaveis,VENDA,10,14.85,333.7,314.0,42.72,9.11,12.82,-32.13
2025-08-28,2025-08,51294,Serrano Servicos LTDA ME,Mercado,Interior Norte,Simone Klein,Alvejante 5L - Caixa 24,Quimicos,DEVOLUCAO,-3,1.45,-144.22,-113.4,35.86,-5.93,10.76,-60.75
2025-08-29,2025-08,51299,Luminar Participacoes LTDA,Condominio,Litoral,Simone Klein,Alvejante 5L - Fardo 12,Quimicos,VENDA,5,5.5,138.26,85.05,23.58,4.26,7.07,25.37
2025-08-29,2025-08,51299,Luminar Participacoes LTDA,Condominio,Litoral,Simone Klein,Prato Descartavel 15cm,Descartaveis,VENDA,5,6.09,169.71,140.05,28.94,5.23,8.68,-4.51
2025-08-29,2025-08,51303,Trevo Empreendimentos LTDA,Padaria,Interior Norte,Rogerio Antunes,SABAO LIQUIDO 5L - FARDO 6,Quimicos,VENDA,2,10.34,85.42,56.02,13.31,2.28,3.99,13.81
2025-09-02,2025-09,51317,Querencia Participacoes EIRELI,Mercado,Regiao Metropolitana,Tarcisio Bueno,MOP UMIDO - CAIXA 24,Acessorios,VENDA,3,5.52,155.32,84.54,28.51,3.79,8.55,38.48
2025-09-03,2025-09,51328,Nortao Alimentos S/A,Escola,Interior Norte,Simone Klein,SACO LIXO 60L,Descartaveis,VENDA,2,5.59,17.7,13.0,5.34,0.49,1.6,-1.13
2025-09-03,2025-09,51330,Querencia Participacoes EIRELI,Mercado,Regiao Metropolitana,Tarcisio Bueno,pano multiuso - caixa 24,Acessorios,VENDA,1,4.76,28.81,15.42,5.58,0.7,1.67,7.11
2025-09-03,2025-09,51332,BOREAL SERVICOS LTDA ME,Escola,Regiao Metropolitana,Tarcisio Bueno,Oculos Protecao - Caixa 24,EPI,VENDA,2,0.39,71.96,35.52,21.26,1.6,6.38,13.58
2025-09-04,2025-09,51339,Pampa Alimentos ME,Padaria,Regiao Metropolitana,Rogerio Antunes,Mop Umido - Caixa 24,Acessorios,VENDA,1,1.59,37.52,20.82,3.98,1.04,1.19,11.68
2025-09-04,2025-09,51343,Pampa Alimentos ME,Padaria,Regiao Metropolitana,Rogerio Antunes,Rodo 40cm - Caixa 24,Acessorios,VENDA,5,5.79,64.76,35.8,10.8,1.72,3.24,16.44
2025-09-05,2025-09,51347,UNIAO ALIMENTOS EIRELI,Industria,Litoral,Simone Klein,Removedor 1L - Fardo 6,Quimicos,VENDA,2,0.89,38.56,19.86,12.46,1.04,3.74,5.2
2025-09-05,2025-09,51348,Imperial Servicos S/A,Clinica,Regiao Metropolitana,Rogerio Antunes,DETERGENTE NEUTRO 5L - PACOTE 100,Quimicos,DEVOLUCAO,-2,7.55,-25.0,-21.92,8.17,-0.92,2.45,-10.33
2025-09-08,2025-09,51358,Rio Claro Servicos S/A,Industria,Interior Norte,Rogerio Antunes,Alvejante 5L - Fardo 6,Quimicos,VENDA,20,2.28,467.4,315.8,39.96,14.02,39.96,97.62
2025-09-10,2025-09,51367,Oriente Alimentos ME,Padaria,Interior Norte,Tarcisio Bueno,saco lixo 30l - fardo 6,Descartaveis,VENDA,2,9.17,33.57,25.84,9.88,0.75,2.97,-2.9
2025-09-10,2025-09,51369,Central Alimentos LTDA ME,Clinica,Litoral,Tarcisio Bueno,Papel Toalha Interfolha 1000f - Caixa 24,Papel,VENDA,5,3.58,335.1,250.25,39.28,9.38,39.28,36.19
2025-09-10,2025-09,51369,Central Alimentos LTDA ME,Clinica,Litoral,Tarcisio Bueno,Bobina Papel Toalha 200m - Fardo 6,Papel,VENDA,2,2.99,54.6,40.52,6.4,1.53,6.4,6.15
2025-09-10,2025-09,51372,Serrano Servicos LTDA ME,Mercado,Interior Norte,Simone Klein,Prato Descartavel 15cm,Descartaveis,VENDA,3,2.56,102.56,84.03,13.57,3.26,4.07,1.7
2025-09-11,2025-09,51375,Imperial Servicos S/A,Clinica,Regiao Metropolitana,Rogerio Antunes,saco lixo 100l - fardo 12,Descartaveis,VENDA,3,8.87,121.34,88.56,42.33,2.75,12.7,-12.3
2025-09-16,2025-09,51396,Luminar Participacoes LTDA,Condominio,Litoral,Simone Klein,Desinfetante Lavanda 5L,Quimicos,VENDA,10,3.98,318.29,202.1,34.7,10.29,10.41,71.2
2025-09-17,2025-09,51403,Alvorada Distribuidora ME,Mercado,Interior Sul,Simone Klein,Vassoura Nylon,Acessorios,VENDA,3,0.42,51.09,30.27,3.43,1.79,3.43,15.6
2025-09-17,2025-09,51403,Alvorada Distribuidora ME,Mercado,Interior Sul,Simone Klein,Cera Liquida Incolor 5L - Fardo 6,Quimicos,VENDA,5,2.81,161.8,109.9,10.86,5.66,10.86,35.38
2025-09-18,2025-09,51413,Querencia Empreendimentos LTDA,Clinica,Interior Sul,Simone Klein,Talher Descartavel Misto - Fardo 6,Descartaveis,VENDA,5,17.34,170.45,181.45,12.64,5.97,12.64,-29.61
2025-09-18,2025-09,51413,Querencia Empreendimentos LTDA,Clinica,Interior Sul,Simone Klein,Guardanapo 24x24,Papel,VENDA,3,0.74,181.44,131.61,13.45,6.35,13.45,30.03
2025-09-18,2025-09,51416,Serrano Servicos LTDA ME,Mercado,Interior Norte,Simone Klein,Alvejante 5L,Quimicos,VENDA,2,3.81,130.54,83.28,13.09,4.25,3.93,29.92
2025-09-18,2025-09,51417,Imperial Empreendimentos EIRELI,Padaria,Litoral,Rogerio Antunes,Talher Descartavel Misto - Caixa 24,Descartaveis,VENDA,2,8.02,75.28,62.66,14.0,1.96,4.2,-3.34
2025-09-24,2025-09,51431,Zenite Participacoes ME,Padaria,Interior Norte,Simone Klein,Luva Plastica Descartavel - Pacote 100,Descartaveis,VENDA,5,8.86,103.32,84.7,22.32,3.07,6.7,-6.77
2025-09-24,2025-09,51434,Jangada Empreendimentos ME,Condominio,Litoral,Rogerio Antunes,Papel Toalha Interfolha 1000f,Papel,VENDA,1,3.91,27.92,20.92,2.33,0.84,2.33,3.83
2025-09-26,2025-09,51444,Estrela Servicos LTDA,Escola,Litoral,Tarcisio Bueno,Detergente Neutro 5L - Pacote 100,Quimicos,VENDA,10,8.0,227.5,147.6,31.15,5.76,9.35,42.99
2025-09-26,2025-09,51445,Serrano Servicos LTDA ME,Mercado,Interior Norte,Simone Klein,Limpador Multiuso 5L,Quimicos,VENDA,2,1.01,97.08,58.66,13.0,3.08,3.9,22.34
2025-09-26,2025-09,51446,Horizonte Distribuidora S/A,Condominio,Regiao Metropolitana,Rogerio Antunes,Avental PVC - Fardo 6,EPI,VENDA,2,1.73,25.93,9.02,16.65,0.43,5.0,-0.17
2025-09-26,2025-09,51449,Pampa Alimentos ME,Padaria,Regiao Metropolitana,Rogerio Antunes,LUVA PLASTICA DESCARTAVEL,Descartaveis,VENDA,2,6.39,79.56,64.44,15.74,2.06,4.72,-2.68
2025-09-29,2025-09,51454,Imperial Servicos S/A,Clinica,Regiao Metropolitana,Rogerio Antunes,COPO DESCARTAVEL 200ML - FARDO 6,Descartaveis,VENDA,5,11.08,130.43,118.1,15.83,3.58,4.75,-7.08
2025-09-30,2025-09,51464,Serrano Servicos LTDA ME,Mercado,Interior Norte,Simone Klein,Cera Liquida Incolor 5L - Fardo 6,Quimicos,VENDA,3,1.38,182.9,105.66,35.78,5.53,10.74,35.93
2025-10-01,2025-10,51467,Querencia Participacoes EIRELI,Mercado,Regiao Metropolitana,Tarcisio Bueno,Prato Descartavel 15cm,Descartaveis,VENDA,3,12.29,108.61,84.03,35.5,2.35,10.65,-13.27
2025-10-01,2025-10,51467,Querencia Participacoes EIRELI,Mercado,Regiao Metropolitana,Tarcisio Bueno,Papel Toalha Interfolha 1000f - Pacote 100,Papel,VENDA,1,6.18,97.54,57.73,31.88,2.11,9.56,5.82
2025-10-02,2025-10,51479,Horizonte Negocios LTDA ME,Mercado,Litoral,Simone Klein,Bobina Papel Toalha 200m - Fardo 6,Papel,VENDA,5,0.77,139.6,101.3,13.91,4.89,13.91,19.5
2025-10-04,2025-10,51491,Serrano Servicos LTDA ME,Mercado,Interior Norte,Simone Klein,Bobina Papel Toalha 200m,Papel,VENDA,10,3.33,472.7,352.1,29.84,16.54,29.84,74.22
2025-10-06,2025-10,51492,Uniao Servicos S/A,Condominio,Litoral,Rogerio Antunes,Papel Higienico Rolao 300m - Fardo 12,Papel,VENDA,2,5.89,173.92,133.06,29.02,5.22,29.02,6.62
2025-10-06,2025-10,51492,Uniao Servicos S/A,Condominio,Litoral,Rogerio Antunes,Alcool 70 1L - Caixa 24,Quimicos,VENDA,1,2.02,56.26,37.9,9.39,1.69,9.39,7.28
2025-10-07,2025-10,51502,Querencia Participacoes EIRELI,Mercado,Regiao Metropolitana,Tarcisio Bueno,Avental PVC - Pacote 100,EPI,VENDA,3,0.63,88.25,45.12,22.74,2.03,6.82,18.36
2025-10-08,2025-10,51514,Imperial Servicos S/A,Clinica,Regiao Metropolitana,Rogerio Antunes,Sabao Liquido 5L,Quimicos,VENDA,2,3.36,115.41,67.36,23.96,2.96,7.19,21.13
2025-10-09,2025-10,51518,Querencia Participacoes EIRELI,Mercado,Regiao Metropolitana,Tarcisio Bueno,Saco Lixo 100L - Fardo 6,Descartaveis,VENDA,2,0.8,63.96,49.38,11.82,1.56,3.54,1.2
2025-10-09,2025-10,51518,Querencia Participacoes EIRELI,Mercado,Regiao Metropolitana,Tarcisio Bueno,SACO LIXO 60L,Descartaveis,VENDA,5,7.73,39.17,32.5,7.24,0.95,2.17,-1.52
2025-10-10,2025-10,51523,Boreal Negocios ME,Padaria,Interior Norte,Rogerio Antunes,Papel Toalha Interfolha 1000f - Pacote 100,Papel,VENDA,1,4.53,86.13,57.73,13.68,2.3,4.1,12.42
2025-10-11,2025-10,51529,Vitoria Distribuidora LTDA ME,Hotel,Interior Sul,Tarcisio Bueno,Balde 20L,Acessorios,VENDA,2,3.28,74.32,45.34,7.69,2.08,7.69,19.21
2025-10-13,2025-10,51532,Boreal Industria LTDA,Hotel,Litoral,Tarcisio Bueno,Limpador Multiuso 5L - Fardo 6,Quimicos,VENDA,2,3.85,75.72,51.98,9.55,2.12,9.55,12.07
2025-10-14,2025-10,51536,Querencia Participacoes EIRELI,Mercado,Regiao Metropolitana,Tarcisio Bueno,Copo Descartavel 200ml,Descartaveis,VENDA,10,11.9,323.77,298.6,35.54,8.37,10.67,-18.74
2025-10-15,2025-10,51543,Trevo Alimentos EIRELI,Condominio,Interior Norte,Simone Klein,Alvejante 5L - Fardo 6,Quimicos,VENDA,20,2.04,468.6,315.8,22.6,16.4,22.6,113.8
2025-10-15,2025-10,51543,Trevo Alimentos EIRELI,Condominio,Interior Norte,Simone Klein,Alcool 70 1L,Quimicos,VENDA,20,8.52,1109.2,800.2,53.5,38.82,53.5,216.68
2025-10-16,2025-10,51547,Zenite Participacoes ME,Padaria,Interior Norte,Simone Klein,DESINFETANTE LAVANDA 5L - PACOTE 100,Quimicos,VENDA,10,4.53,594.4,410.9,57.73,20.8,57.73,104.97
2025-10-16,2025-10,51551,Horizonte Distribuidora S/A,Condominio,Regiao Metropolitana,Rogerio Antunes,borrifador 500ml - fardo 6,Acessorios,VENDA,10,1.53,336.8,187.2,34.87,9.37,10.47,105.36
2025-10-16,2025-10,51554,Zenite Participacoes ME,Padaria,Interior Norte,Simone Klein,Bobina Papel Toalha 200m - Fardo 6,Papel,VENDA,2,0.32,75.44,40.52,27.62,1.96,8.28,5.34
2025-10-20,2025-10,51567,Oriente Negocios LTDA ME,Industria,Litoral,Rogerio Antunes,Alvejante 5L - Fardo 12,Quimicos,VENDA,1,2.67,34.97,17.01,14.12,0.75,4.23,3.09
2025-10-22,2025-10,51579,Horizonte Distribuidora S/A,Condominio,Regiao Metropolitana,Rogerio Antunes,BOBINA PAPEL TOALHA 200M - PACOTE 100,Papel,VENDA,5,4.48,144.95,109.25,12.53,4.35,12.53,18.82
2025-10-23,2025-10,51588,Estrela Negocios EIRELI,Padaria,Interior Norte,Rogerio Antunes,Cera Liquida Incolor 5L - Fardo 6,Quimicos,VENDA,5,4.46,263.6,182.1,16.9,7.91,16.9,56.69
2025-10-27,2025-10,51607,Serrano Servicos LTDA ME,Mercado,Interior Norte,Simone Klein,Alcool 70 1L - Caixa 24,Quimicos,VENDA,1,1.04,58.81,27.22,25.72,1.43,7.72,4.44
2025-10-28,2025-10,51613,Serrano Servicos LTDA ME,Mercado,Interior Norte,Simone Klein,Limpa Vidros 500ml - Caixa 24,Quimicos,VENDA,1,0.26,57.0,25.18,27.06,1.33,8.11,3.43
2025-10-30,2025-10,51629,TREVO ALIMENTOS S/A,Mercado,Interior Norte,Rogerio Antunes,Oculos Protecao,EPI,VENDA,1,0.15,37.59,23.34,0.59,1.13,0.59,12.53
2025-10-30,2025-10,51629,TREVO ALIMENTOS S/A,Mercado,Interior Norte,Rogerio Antunes,Cera Liquida Incolor 5L,Quimicos,VENDA,1,3.61,50.65,34.68,0.8,1.52,0.8,13.65
2025-11-04,2025-11,51651,Pampa Alimentos ME,Padaria,Regiao Metropolitana,Rogerio Antunes,luva plastica descartavel - pacote 100,Descartaveis,VENDA,1,9.46,20.02,19.46,0.48,0.6,0.48,-0.52
2025-11-04,2025-11,51652,BANDEIRANTE NEGOCIOS S/A,Condominio,Interior Sul,Simone Klein,Embalagem Delivery 750ml,Descartaveis,VENDA,3,2.38,79.95,72.06,5.81,2.8,5.81,-0.72
2025-11-07,2025-11,51665,Uniao Negocios LTDA,Hotel,Interior Norte,Rogerio Antunes,BOBINA PAPEL TOALHA 200M - PACOTE 100,Papel,VENDA,1,0.04,30.34,21.85,1.31,0.91,1.31,6.27
2025-11-10,2025-11,51669,Trevo Alimentos EIRELI,Condominio,Interior Norte,Simone Klein,Alcool 70 1L - Caixa 24,Quimicos,DEVOLUCAO,-1,1.23,-37.63,-27.22,4.43,-1.43,1.33,-13.41
2025-11-11,2025-11,51676,Uniao Servicos S/A,Condominio,Litoral,Rogerio Antunes,Limpador Multiuso 5L - Fardo 6,Quimicos,VENDA,1,3.51,51.65,25.99,19.5,1.14,5.85,5.02
2025-11-12,2025-11,51691,Zenite Industria LTDA,Mercado,Litoral,Simone Klein,Papel Toalha Rolo 100f - Pacote 100,Papel,VENDA,20,6.25,1429.4,1097.8,47.36,50.03,47.36,234.21
2025-11-12,2025-11,51693,Uniao Negocios LTDA,Hotel,Interior Norte,Rogerio Antunes,Alcool 70 1L - Caixa 24,Quimicos,VENDA,20,0.18,823.4,544.4,16.26,24.7,16.26,238.04
2025-11-13,2025-11,51695,Rio Claro Servicos S/A,Industria,Interior Norte,Rogerio Antunes,Copo Descartavel 200ml,Descartaveis,VENDA,3,1.4,113.36,89.58,18.58,3.01,5.57,2.19
2025-11-13,2025-11,51698,TREVO ALIMENTOS S/A,Mercado,Interior Norte,Rogerio Antunes,luva plastica descartavel - pacote 100,Descartaveis,VENDA,10,6.77,241.91,194.6,51.16,6.18,15.35,-10.03
2025-11-14,2025-11,51705,Guarani Servicos S/A,Restaurante,Regiao Metropolitana,Simone Klein,Copo Descartavel 200ml,Descartaveis,VENDA,1,1.6,37.75,29.86,6.23,1.17,1.87,0.49
2025-11-17,2025-11,51714,horizonte distribuidora me,Condominio,Regiao Metropolitana,Rogerio Antunes,removedor 1l,Quimicos,VENDA,5,2.31,320.84,193.4,49.33,8.59,14.79,69.52
2025-11-17,2025-11,51714,horizonte distribuidora me,Condominio,Regiao Metropolitana,Rogerio Antunes,Marmitex Aluminio 800ml,Descartaveis,VENDA,3,9.6,30.36,26.37,4.67,0.81,1.4,-1.49
2025-11-18,2025-11,51718,Boreal Comercio EIRELI,Mercado,Interior Sul,Simone Klein,COPO DESCARTAVEL 200ML - FARDO 6,Descartaveis,VENDA,2,7.43,49.7,47.24,3.58,1.74,3.58,-2.86
2025-11-21,2025-11,51737,TREVO ALIMENTOS S/A,Mercado,Interior Norte,Rogerio Antunes,Papel Higienico Folha Dupla 30m - Fardo 12,Papel,VENDA,1,4.66,35.6,18.48,15.9,0.73,4.77,0.49
2025-11-24,2025-11,51744,Serrano Servicos LTDA ME,Mercado,Interior Norte,Simone Klein,Prato Descartavel 15cm - Caixa 24,Descartaveis,VENDA,10,9.82,198.5,193.7,15.06,6.95,15.06,-17.21
2025-11-24,2025-11,51744,Serrano Servicos LTDA ME,Mercado,Interior Norte,Simone Klein,Avental PVC,EPI,VENDA,2,0.69,61.22,38.22,4.65,2.14,4.65,16.21
2025-11-24,2025-11,51745,Oriente Participacoes LTDA,Clinica,Regiao Metropolitana,Simone Klein,BORRIFADOR 500ML - FARDO 12,Acessorios,VENDA,1,2.68,61.46,28.72,20.12,1.66,6.04,10.96
2025-11-24,2025-11,51752,Serrano Servicos LTDA ME,Mercado,Interior Norte,Simone Klein,MOP UMIDO - CAIXA 24,Acessorios,VENDA,1,1.97,72.42,28.18,36.56,1.64,10.96,6.04
2025-11-25,2025-11,51756,Alvorada Servicos LTDA,Hotel,Interior Norte,Rogerio Antunes,ALCOOL 70 1L - FARDO 6,Quimicos,VENDA,1,6.43,70.36,41.95,15.56,1.78,4.67,11.07
2025-11-25,2025-11,51760,Querencia Negocios LTDA,Industria,Interior Norte,Simone Klein,Oculos Protecao,EPI,VENDA,3,2.69,136.53,70.02,38.02,3.85,11.41,24.64
2025-11-28,2025-11,51771,Uniao Negocios LTDA,Hotel,Interior Norte,Rogerio Antunes,Bota PVC - Fardo 6,EPI,VENDA,1,0.01,25.32,11.74,9.11,0.57,2.73,3.9
2025-11-28,2025-11,51777,UNIAO ALIMENTOS EIRELI,Industria,Litoral,Simone Klein,Saco Lixo 30L - Fardo 6,Descartaveis,VENDA,5,3.44,139.85,127.45,8.97,4.89,8.97,-1.46
2025-11-29,2025-11,51781,Querencia Participacoes EIRELI,Mercado,Regiao Metropolitana,Tarcisio Bueno,Luva Latex - Fardo 6,EPI,VENDA,3,3.87,76.17,35.85,29.43,1.56,8.82,9.33
2025-12-01,2025-12,51783,Trevo Comercio ME,Clinica,Regiao Metropolitana,Tarcisio Bueno,Rodo 40cm,Acessorios,VENDA,20,3.66,445.8,273.0,43.2,12.48,43.2,117.12
2025-12-01,2025-12,51783,Trevo Comercio ME,Clinica,Regiao Metropolitana,Tarcisio Bueno,Alvejante 5L - Fardo 6,Quimicos,VENDA,5,0.47,119.05,78.95,11.54,3.33,11.54,25.23
2025-12-02,2025-12,51788,Pampa Alimentos ME,Padaria,Regiao Metropolitana,Rogerio Antunes,Copo Descartavel 200ml,Descartaveis,VENDA,3,7.82,111.88,89.58,25.77,2.82,7.73,-6.29
2025-12-02,2025-12,51791,Boreal Comercio EIRELI,Mercado,Interior Sul,Simone Klein,Guardanapo 24x24 - Caixa 24,Papel,VENDA,2,2.36,132.64,97.8,10.51,4.64,10.51,19.69
2025-12-02,2025-12,51797,BANDEIRANTE NEGOCIOS S/A,Condominio,Interior Sul,Simone Klein,Marmitex Aluminio 800ml - Caixa 24,Descartaveis,VENDA,10,3.51,114.9,104.8,11.31,4.02,11.31,-5.23
2025-12-03,2025-12,51802,Pampa Alimentos ME,Padaria,Regiao Metropolitana,Rogerio Antunes,Marmitex Aluminio 800ml - Caixa 24,Descartaveis,VENDA,3,12.65,102.27,103.05,3.09,3.07,3.09,-6.94
2025-12-04,2025-12,51810,Horizonte Distribuidora S/A,Condominio,Regiao Metropolitana,Rogerio Antunes,Prato Descartavel 15cm,Descartaveis,VENDA,5,2.09,174.4,140.05,26.56,4.67,7.96,3.12
2025-12-05,2025-12,51816,BOREAL SERVICOS LTDA ME,Escola,Regiao Metropolitana,Tarcisio Bueno,Luva Latex - Fardo 6,EPI,VENDA,2,1.74,41.17,23.9,4.74,1.06,1.43,11.47
2025-12-05,2025-12,51817,Vitoria Comercio LTDA,Industria,Interior Sul,Simone Klein,Saco Lixo 60L - Fardo 6,Descartaveis,VENDA,1,4.68,11.33,8.39,3.21,0.32,0.96,-0.59
2025-12-05,2025-12,51822,Estrela Negocios EIRELI,Padaria,Interior Norte,Rogerio Antunes,Alvejante 5L - Caixa 24,Quimicos,VENDA,10,2.04,561.0,378.0,53.61,16.83,53.61,112.56
2025-12-05,2025-12,51824,Imperial Servicos S/A,Clinica,Regiao Metropolitana,Rogerio Antunes,BOBINA PAPEL TOALHA 200M - PACOTE 100,Papel,VENDA,20,9.67,581.68,437.0,47.54,16.45,14.26,80.69
2025-12-06,2025-12,51828,Imperial Servicos S/A,Clinica,Regiao Metropolitana,Rogerio Antunes,Talher Descartavel Misto - Caixa 24,Descartaveis,VENDA,2,15.94,67.59,62.66,11.05,1.8,3.32,-7.92
2025-12-09,2025-12,51841,Missoes Participacoes LTDA ME,Restaurante,Litoral,Tarcisio Bueno,saco lixo 100l - fardo 12,Descartaveis,VENDA,1,0.14,39.3,29.52,8.29,0.94,2.49,0.55
2025-12-09,2025-12,51849,Serrano Servicos LTDA ME,Mercado,Interior Norte,Simone Klein,Mascara Descartavel - Fardo 6,EPI,VENDA,1,2.26,12.39,6.31,3.49,0.35,1.05,2.24
2025-12-11,2025-12,51858,BOREAL SERVICOS LTDA ME,Escola,Regiao Metropolitana,Tarcisio Bueno,Guardanapo 24x24 - Caixa 24,Papel,VENDA,3,8.03,209.05,146.7,30.91,5.25,9.27,26.19
2025-12-12,2025-12,51869,Pampa Alimentos ME,Padaria,Regiao Metropolitana,Rogerio Antunes,Saco Lixo 100L - Pacote 100,Descartaveis,VENDA,5,15.5,76.45,79.6,13.29,2.29,13.29,-18.73
2025-12-12,2025-12,51870,Oriente Negocios LTDA ME,Industria,Litoral,Rogerio Antunes,Luva Plastica Descartavel - Fardo 6,Descartaveis,VENDA,1,2.44,24.53,15.25,10.88,0.51,3.26,-2.11
2025-12-12,2025-12,51872,Estrela Servicos ME,Hotel,Interior Sul,Tarcisio Bueno,Borrifador 500ml,Acessorios,VENDA,2,4.19,79.35,41.14,17.92,1.87,5.37,18.42
2025-12-13,2025-12,51877,Zenite Participacoes ME,Padaria,Interior Norte,Simone Klein,SACO LIXO 60L - PACOTE 100,Descartaveis,VENDA,10,7.24,140.5,133.3,10.85,4.92,10.85,-8.57
2025-12-13,2025-12,51878,Luminar Participacoes LTDA,Condominio,Litoral,Simone Klein,Avental PVC - Pacote 100,EPI,VENDA,3,2.29,31.62,20.07,1.52,1.11,1.52,8.92
2025-12-16,2025-12,51890,Zenite Participacoes ME,Padaria,Interior Norte,Simone Klein,Papel Toalha Interfolha 1000f,Papel,VENDA,2,4.65,64.17,41.84,12.5,1.94,3.75,7.89
2025-12-16,2025-12,51892,missoes empreendimentos me,Clinica,Regiao Metropolitana,Rogerio Antunes,Cera Liquida Incolor 5L - Fardo 6,Quimicos,VENDA,1,3.21,58.36,35.22,9.58,1.55,2.87,12.01
2025-12-16,2025-12,51892,missoes empreendimentos me,Clinica,Regiao Metropolitana,Rogerio Antunes,MASCARA DESCARTAVEL - CAIXA 24,EPI,VENDA,5,2.01,118.01,66.1,19.37,3.13,5.81,29.41
2025-12-16,2025-12,51898,Imperial Servicos S/A,Clinica,Regiao Metropolitana,Rogerio Antunes,papel higienico rolao 300m - fardo 6,Papel,VENDA,2,8.94,155.2,122.72,8.18,4.66,8.18,19.64
2025-12-18,2025-12,51907,Pampa Alimentos ME,Padaria,Regiao Metropolitana,Rogerio Antunes,Papel Higienico Rolao 300m - Fardo 12,Papel,VENDA,2,3.25,178.8,133.06,21.09,5.36,21.09,19.29
2025-12-19,2025-12,51913,Trevo Alimentos EIRELI,Condominio,Interior Norte,Simone Klein,sabao liquido 5l - pacote 100,Quimicos,VENDA,2,7.04,79.23,45.8,21.02,2.26,6.31,10.15
2025-12-19,2025-12,51916,Aurora Industria LTDA ME,Clinica,Interior Sul,Tarcisio Bueno,Alcool 70 1L - Caixa 24,Quimicos,VENDA,1,1.24,20.57,12.45,2.77,0.52,0.83,4.83
2025-12-19,2025-12,51919,Horizonte Distribuidora S/A,Condominio,Regiao Metropolitana,Rogerio Antunes,pano multiuso - caixa 24,Acessorios,VENDA,5,0.49,130.05,77.1,15.55,3.9,15.55,33.5
2025-12-19,2025-12,51919,Horizonte Distribuidora S/A,Condominio,Regiao Metropolitana,Rogerio Antunes,Copo Descartavel 200ml - Fardo 12,Descartaveis,VENDA,2,5.84,67.2,62.8,8.03,2.02,8.03,-5.65
2025-12-22,2025-12,51924,Trevo Comercio LTDA,Restaurante,Interior Norte,Simone Klein,Guardanapo 24x24 - Caixa 24,Papel,VENDA,2,5.33,155.97,97.8,39.1,4.5,11.73,14.57
2025-12-22,2025-12,51927,BOREAL SERVICOS LTDA ME,Escola,Regiao Metropolitana,Tarcisio Bueno,SACO LIXO 60L - CAIXA 24,Descartaveis,VENDA,1,6.3,11.59,10.01,1.33,0.3,0.4,-0.05
2025-12-22,2025-12,51929,Uniao Servicos LTDA,Industria,Interior Sul,Tarcisio Bueno,AVENTAL PVC - CAIXA 24,EPI,VENDA,50,1.22,1008.5,633.0,56.75,28.24,56.75,290.51
2025-12-23,2025-12,51934,Aurora Industria LTDA ME,Clinica,Interior Sul,Tarcisio Bueno,Cera Liquida Incolor 5L - Fardo 6,Quimicos,VENDA,5,2.54,192.37,118.65,24.53,4.91,7.36,44.28
2025-12-24,2025-12,51943,Jangada Comercio ME,Padaria,Regiao Metropolitana,Simone Klein,Saco Lixo 100L - Pacote 100,Descartaveis,DEVOLUCAO,-20,6.3,-339.0,-318.4,41.27,-11.87,41.27,-50.01
2025-12-24,2025-12,51946,Querencia Participacoes EIRELI,Mercado,Regiao Metropolitana,Tarcisio Bueno,Bota PVC - Caixa 24,EPI,VENDA,5,2.95,42.78,21.3,13.47,0.93,4.04,7.08
2025-12-26,2025-12,51968,BOREAL SERVICOS LTDA ME,Escola,Regiao Metropolitana,Tarcisio Bueno,Luva Plastica Descartavel - Pacote 100,Descartaveis,VENDA,1,5.46,29.77,16.94,16.53,0.51,4.96,-4.21
2025-12-26,2025-12,51972,Serrano Servicos LTDA ME,Mercado,Interior Norte,Simone Klein,Saco Lixo 30L - Fardo 6,Descartaveis,VENDA,5,0.72,143.8,127.45,7.24,5.03,7.24,4.08
2025-12-27,2025-12,51980,Horizonte Distribuidora S/A,Condominio,Regiao Metropolitana,Rogerio Antunes,Saco Lixo 30L,Descartaveis,VENDA,1,0.2,27.88,17.55,11.41,0.6,3.43,-1.68
2025-12-27,2025-12,51981,Zenite Industria LTDA,Mercado,Litoral,Simone Klein,Papel Toalha Rolo 100f - Pacote 100,Papel,VENDA,20,1.72,1498.6,1097.8,73.92,52.45,73.92,274.43
2025-12-27,2025-12,51982,Nortao Empreendimentos LTDA ME,Padaria,Interior Sul,Tarcisio Bueno,Papel Toalha Interfolha 1000f - Caixa 24,Papel,VENDA,1,0.08,54.16,34.31,9.36,1.33,2.81,9.16
2025-12-30,2025-12,51993,Nortao Industria ME,Padaria,Interior Norte,Simone Klein,Embalagem Delivery 750ml - Fardo 6,Descartaveis,VENDA,2,1.82,34.8,31.18,6.44,1.22,6.44,-4.04
2025-12-30,2025-12,51994,Serrano Servicos LTDA ME,Mercado,Interior Norte,Simone Klein,sabao liquido 5l - pacote 100,Quimicos,VENDA,1,3.84,33.37,22.9,2.12,1.17,2.12,7.18
2025-12-30,2025-12,51994,Serrano Servicos LTDA ME,Mercado,Interior Norte,Simone Klein,saco lixo 30l - fardo 6,Descartaveis,VENDA,2,4.75,27.96,25.84,1.77,0.98,1.77,-0.63
2025-12-30,2025-12,51995,Imperial Servicos EIRELI,Condominio,Interior Norte,Rogerio Antunes,papel toalha rolo 100f,Papel,VENDA,5,5.23,243.3,184.85,27.99,7.3,27.99,23.16
2025-12-31,2025-12,51998,Uniao Servicos S/A,Condominio,Litoral,Rogerio Antunes,removedor 1l - pacote 100,Quimicos,VENDA,3,7.39,88.66,53.1,20.21,2.24,6.07,13.11
2025-12-31,2025-12,51999,Trevo Empreendimentos LTDA,Padaria,Interior Norte,Rogerio Antunes,Marmitex Aluminio 800ml - Caixa 24,Descartaveis,VENDA,10,12.19,342.7,343.5,29.5,10.28,29.5,-40.58
2025-12-31,2025-12,52001,Boreal Participacoes EIRELI,Clinica,Litoral,Rogerio Antunes,Limpa Vidros 500ml - Caixa 24,Quimicos,VENDA,2,6.6,81.64,50.36,14.83,2.14,4.45,14.31
2025-12-31,2025-12,52004,Serrano Servicos LTDA ME,Mercado,Interior Norte,Simone Klein,Copo Descartavel 50ml - Fardo 6,Descartaveis,VENDA,1,9.9,60.5,26.45,47.74,0.95,14.32,-14.64
2025-01-01,2025-01,50001,BOREAL SERVICOS LTDA ME,Escola,Regiao Metropolitana,Tarcisio Bueno,Detergente Neutro 5L - Pacote 100,Quimicos,VENDA,20,0.58,444.6,295.2,26.54,12.45,26.54,110.41
2025-01-02,2025-01,50012,Luminar Alimentos S/A,Restaurante,Interior Sul,Rogerio Antunes,Alvejante 5L - Fardo 12,Quimicos,VENDA,10,1.82,321.0,215.8,31.54,9.63,31.54,64.03
2025-01-06,2025-01,50024,Aurora Distribuidora LTDA ME,Clinica,Litoral,Simone Klein,papel higienico folha dupla 30m - fardo 12,Papel,VENDA,2,2.73,163.48,102.08,36.54,4.83,10.96,20.03
2025-01-06,2025-01,50027,Estrela Industria EIRELI,Clinica,Interior Norte,Rogerio Antunes,Vassoura Nylon,Acessorios,VENDA,3,2.99,49.77,30.27,2.8,1.49,2.8,15.21
2025-01-06,2025-01,50028,Zenite Participacoes ME,Padaria,Interior Norte,Simone Klein,Luva Plastica Descartavel - Fardo 12,Descartaveis,VENDA,2,1.77,80.92,72.5,6.66,2.83,6.66,-1.07
2025-01-07,2025-01,50035,Horizonte Distribuidora S/A,Condominio,Regiao Metropolitana,Rogerio Antunes,Limpa Vidros 500ml,Quimicos,VENDA,2,4.01,64.97,36.36,17.24,1.59,5.17,9.78
2025-01-07,2025-01,50035,Horizonte Distribuidora S/A,Condominio,Regiao Metropolitana,Rogerio Antunes,Luva Latex - Caixa 24,EPI,VENDA,1,1.79,7.61,3.91,2.02,0.19,0.61,1.49
2025-01-07,2025-01,50037,Horizonte Distribuidora S/A,Condominio,Regiao Metropolitana,Rogerio Antunes,Esponja Dupla Face - Caixa 24,Acessorios,VENDA,5,2.66,253.6,133.7,47.21,6.62,14.16,66.07
2025-01-08,2025-01,50039,Estrela Industria EIRELI,Clinica,Interior Norte,Rogerio Antunes,Marmitex Aluminio 800ml - Caixa 24,Descartaveis,VENDA,1,3.14,18.65,10.48,10.16,0.35,3.05,-2.34
2025-01-08,2025-01,50040,Xavante Servicos EIRELI,Padaria,Litoral,Rogerio Antunes,Talher Descartavel Misto - Fardo 6,Descartaveis,VENDA,1,3.44,44.4,36.29,6.54,1.19,1.96,0.38
2025-01-09,2025-01,50042,Imperial Servicos S/A,Clinica,Regiao Metropolitana,Rogerio Antunes,Bota PVC - Fardo 12,EPI,VENDA,1,4.15,32.54,18.14,6.41,0.84,1.92,7.15
2025-01-10,2025-01,50051,Aurora Industria LTDA,Clinica,Regiao Metropolitana,Tarcisio Bueno,REMOVEDOR 1L - CAIXA 24,Quimicos,VENDA,3,4.43,51.08,30.21,10.49,1.22,3.15,9.16
2025-01-11,2025-01,50056,Querencia Participacoes EIRELI,Mercado,Regiao Metropolitana,Tarcisio Bueno,Copo Descartavel 50ml - Pacote 100,Descartaveis,VENDA,1,7.83,28.96,24.0,5.47,0.7,1.64,-1.21
2025-01-13,2025-01,50062,Horizonte Distribuidora S/A,Condominio,Regiao Metropolitana,Rogerio Antunes,Marmitex Aluminio 800ml - Caixa 24,Descartaveis,VENDA,3,4.03,131.3,103.05,27.02,3.37,8.1,-2.14
2025-01-13,2025-01,50066,BOREAL SERVICOS LTDA ME,Escola,Regiao Metropolitana,Tarcisio Bueno,Papel Toalha Rolo 100f - Fardo 6,Papel,VENDA,5,6.44,455.12,324.9,47.03,11.82,14.11,71.37
2025-01-13,2025-01,50066,BOREAL SERVICOS LTDA ME,Escola,Regiao Metropolitana,Tarcisio Bueno,Marmitex Aluminio 800ml - Pacote 100,Descartaveis,VENDA,1,1.83,33.34,27.73,3.45,0.87,1.04,1.29
2025-01-15,2025-01,50079,Oriente Participacoes LTDA,Clinica,Regiao Metropolitana,Simone Klein,COPO DESCARTAVEL 200ML - FARDO 6,Descartaveis,VENDA,2,9.52,54.9,47.24,9.05,1.7,2.71,-3.09
2025-01-17,2025-01,50088,Serrano Servicos LTDA ME,Mercado,Interior Norte,Simone Klein,Limpa Vidros 500ml - Fardo 12,Quimicos,VENDA,2,3.3,97.4,66.48,5.06,3.41,5.06,22.45
2025-01-17,2025-01,50088,Serrano Servicos LTDA ME,Mercado,Interior Norte,Simone Klein,Papel Higienico Rolao 300m - Fardo 12,Papel,VENDA,10,1.02,857.0,623.4,44.49,30.0,44.49,159.11
2025-01-18,2025-01,50089,Boreal Negocios ME,Padaria,Interior Norte,Rogerio Antunes,Desinfetante Lavanda 5L,Quimicos,VENDA,10,0.74,303.9,202.1,21.21,9.12,21.21,71.47
2025-01-21,2025-01,50107,UNIAO ALIMENTOS EIRELI,Industria,Litoral,Simone Klein,Luva Latex - Fardo 6,EPI,VENDA,10,0.48,191.8,119.5,4.82,6.71,4.82,60.77
2025-01-23,2025-01,50115,Serrano Servicos LTDA ME,Mercado,Interior Norte,Simone Klein,removedor 1l,Quimicos,VENDA,20,4.92,1114.6,773.6,32.0,39.01,32.0,269.99
2025-01-23,2025-01,50115,Serrano Servicos LTDA ME,Mercado,Interior Norte,Simone Klein,Alcool 70 1L - Caixa 24,Quimicos,VENDA,10,2.46,184.0,124.5,5.28,6.44,5.28,47.78
2025-01-24,2025-01,50132,Oriente Alimentos ME,Padaria,Interior Norte,Tarcisio Bueno,Sabao Liquido 5L,Quimicos,VENDA,2,3.21,109.19,67.36,14.87,2.77,4.46,24.19
2025-01-27,2025-01,50139,Imperial Empreendimentos EIRELI,Padaria,Litoral,Rogerio Antunes,Saco Lixo 30L,Descartaveis,VENDA,1,5.24,27.5,17.55,12.28,0.57,3.68,-2.9
2025-01-29,2025-01,50146,Xavante Negocios ME,Hotel,Regiao Metropolitana,Simone Klein,Alcool 70 1L - Caixa 24,Quimicos,VENDA,3,2.28,68.66,37.35,19.1,1.94,5.73,10.27
2025-01-29,2025-01,50148,Imperial Servicos EIRELI,Condominio,Interior Norte,Rogerio Antunes,Talher Descartavel Misto - Caixa 24,Descartaveis,VENDA,1,2.43,45.53,31.33,15.44,1.04,4.64,-2.28
2025-01-30,2025-01,50153,Querencia Distribuidora LTDA ME,Padaria,Interior Norte,Rogerio Antunes,Marmitex Aluminio 800ml,Descartaveis,VENDA,1,9.29,12.46,8.79,4.86,0.27,1.46,-1.46
2025-01-30,2025-01,50156,Vitoria Comercio LTDA,Industria,Interior Sul,Simone Klein,papel higienico folha dupla 30m - fardo 12,Papel,VENDA,1,3.94,84.02,51.04,22.75,2.38,6.83,7.85
2025-01-30,2025-01,50156,Vitoria Comercio LTDA,Industria,Interior Sul,Simone Klein,Papel Higienico Rolao 300m - Fardo 12,Papel,VENDA,3,2.87,222.79,133.86,60.31,6.32,18.09,22.3
2025-01-30,2025-01,50159,Luminar Alimentos S/A,Restaurante,Interior Sul,Rogerio Antunes,Cera Liquida Incolor 5L,Quimicos,VENDA,2,2.99,115.46,69.36,19.28,3.06,5.78,23.76
2025-02-03,2025-02,50182,Pampa Alimentos ME,Padaria,Regiao Metropolitana,Rogerio Antunes,papel higienico rolao 300m - fardo 6,Papel,VENDA,1,8.15,78.27,61.36,13.01,2.35,13.01,1.55
2025-02-04,2025-02,50187,missoes empreendimentos me,Clinica,Regiao Metropolitana,Rogerio Antunes,Bobina Papel Toalha 200m - Fardo 6,Papel,VENDA,3,4.06,81.0,60.78,2.96,2.43,2.96,14.83
2025-02-04,2025-02,50189,Jangada Comercio ME,Padaria,Regiao Metropolitana,Simone Klein,Bobina Papel Toalha 200m - Fardo 6,Papel,VENDA,2,4.46,65.83,40.52,17.24,1.88,5.17,6.19
2025-02-06,2025-02,50197,Imperial Empreendimentos EIRELI,Padaria,Litoral,Rogerio Antunes,saco lixo 100l - fardo 12,Descartaveis,VENDA,5,4.55,160.1,147.6,7.27,4.8,7.27,0.43
2025-02-06,2025-02,50198,Guarani Servicos S/A,Restaurante,Regiao Metropolitana,Simone Klein,Papel Toalha Rolo 100f - Pacote 100,Papel,VENDA,1,0.23,102.76,54.89,38.14,2.66,11.44,7.07
2025-02-06,2025-02,50204,Vitoria Distribuidora LTDA ME,Hotel,Interior Sul,Tarcisio Bueno,AVENTAL PVC - CAIXA 24,EPI,VENDA,5,1.85,111.98,63.3,16.83,2.81,5.05,29.04
2025-02-07,2025-02,50206,Imperial Servicos EIRELI,Condominio,Interior Norte,Rogerio Antunes,Avental PVC,EPI,VENDA,1,0.55,30.65,19.11,3.32,0.92,3.32,7.3
2025-02-11,2025-02,50222,Zenite Participacoes ME,Padaria,Interior Norte,Simone Klein,Balde 20L - Caixa 24,Acessorios,VENDA,2,0.03,30.93,16.32,4.67,0.97,1.4,8.97
2025-02-12,2025-02,50228,UNIAO ALIMENTOS LTDA ME,Restaurante,Litoral,Simone Klein,Balde 20L - Pacote 100,Acessorios,VENDA,2,0.24,65.06,38.48,9.6,2.28,9.6,14.7
2025-02-15,2025-02,50242,Vitoria Comercio LTDA,Industria,Interior Sul,Simone Klein,Copo Descartavel 50ml - Pacote 100,Descartaveis,VENDA,1,7.09,36.39,24.0,15.78,0.89,4.73,-4.28
2025-02-15,2025-02,50242,Vitoria Comercio LTDA,Industria,Interior Sul,Simone Klein,Rodo 40cm - Caixa 24,Acessorios,VENDA,1,0.33,17.38,7.16,7.54,0.42,2.26,2.26
2025-02-18,2025-02,50254,TREVO ALIMENTOS S/A,Mercado,Interior Norte,Rogerio Antunes,Papel Higienico Folha Dupla 30m - Fardo 12,Papel,VENDA,5,3.9,336.75,252.3,20.61,10.1,20.61,53.74
2025-02-18,2025-02,50257,BOREAL SERVICOS LTDA ME,Escola,Regiao Metropolitana,Tarcisio Bueno,Desinfetante Lavanda 5L,Quimicos,VENDA,3,5.41,99.84,60.63,18.51,2.43,5.55,18.27
2025-02-19,2025-02,50259,BOREAL SERVICOS LTDA ME,Escola,Regiao Metropolitana,Tarcisio Bueno,Oculos Protecao - Caixa 24,EPI,VENDA,3,3.5,105.39,53.28,32.06,2.32,9.62,17.73
2025-02-19,2025-02,50260,Trevo Empreendimentos LTDA,Padaria,Interior Norte,Rogerio Antunes,Desinfetante Lavanda 5L - Fardo 6,Quimicos,VENDA,10,3.17,451.7,307.9,52.92,13.55,52.92,77.33
2025-02-19,2025-02,50260,Trevo Empreendimentos LTDA,Padaria,Interior Norte,Rogerio Antunes,BORRIFADOR 500ML - FARDO 12,Acessorios,VENDA,10,1.17,293.3,175.1,34.36,8.8,34.36,75.04
2025-02-20,2025-02,50274,Oriente Negocios ME,Restaurante,Interior Sul,Rogerio Antunes,Luva Plastica Descartavel - Fardo 12,Descartaveis,VENDA,10,10.75,367.6,362.5,38.53,11.03,38.53,-44.46
2025-02-21,2025-02,50280,Guarani Servicos LTDA ME,Escola,Litoral,Tarcisio Bueno,Embalagem Delivery 750ml - Fardo 6,Descartaveis,VENDA,20,19.64,284.8,311.8,11.17,7.97,11.17,-46.14
2025-02-21,2025-02,50282,Luminar Participacoes LTDA,Condominio,Litoral,Simone Klein,Copo Descartavel 200ml - Fardo 12,Descartaveis,VENDA,1,12.95,50.14,17.51,46.89,0.61,14.07,-14.87
2025-02-22,2025-02,50288,BOREAL SERVICOS LTDA ME,Escola,Regiao Metropolitana,Tarcisio Bueno,Removedor 1L - Fardo 6,Quimicos,VENDA,3,6.32,46.14,29.79,5.48,1.18,1.64,9.69
2025-02-24,2025-02,50297,BOREAL SERVICOS LTDA ME,Escola,Regiao Metropolitana,Tarcisio Bueno,papel higienico folha dupla 30m - fardo 12,Papel,VENDA,5,8.9,322.9,255.2,35.99,9.04,35.99,22.67
2025-02-25,2025-02,50299,Nortao Industria ME,Padaria,Interior Norte,Simone Klein,Alvejante 5L - Fardo 12,Quimicos,VENDA,1,5.55,29.43,17.01,7.27,0.85,2.18,4.3
2025-02-25,2025-02,50303,Luminar Distribuidora EIRELI,Clinica,Litoral,Rogerio Antunes,PAPEL HIGIENICO ROLAO 300M,Papel,VENDA,1,0.85,19.48,12.54,3.16,0.52,0.95,3.26
2025-02-26,2025-02,50310,XAVANTE EMPREENDIMENTOS LTDA ME,Mercado,Interior Norte,Simone Klein,PRATO DESCARTAVEL 15CM - PACOTE 100,Descartaveis,VENDA,1,9.62,51.83,33.04,25.55,1.19,7.66,-7.95
2025-02-27,2025-02,50314,Trevo Alimentos EIRELI,Condominio,Interior Norte,Simone Klein,Rodo 40cm - Fardo 12,Acessorios,VENDA,20,5.94,139.6,87.6,4.0,4.89,4.0,43.11
2025-02-28,2025-02,50320,Boreal Industria LTDA,Hotel,Litoral,Tarcisio Bueno,SABAO LIQUIDO 5L - FARDO 6,Quimicos,VENDA,50,3.38,2050.5,1400.5,27.88,57.41,27.88,564.71
2025-03-03,2025-03,50327,BANDEIRANTE NEGOCIOS S/A,Condominio,Interior Sul,Simone Klein,Luva Plastica Descartavel - Fardo 6,Descartaveis,VENDA,2,1.12,38.5,30.5,6.04,1.2,1.82,0.76
2025-03-03,2025-03,50328,BANDEIRANTE NEGOCIOS S/A,Condominio,Interior Sul,Simone Klein,Embalagem Delivery 750ml - Pacote 100,Descartaveis,VENDA,10,11.73,110.2,109.9,14.84,3.86,14.84,-18.4
2025-03-03,2025-03,50333,Trevo Empreendimentos LTDA,Padaria,Interior Norte,Rogerio Antunes,Bobina Papel Toalha 200m - Caixa 24,Papel,VENDA,2,5.14,130.1,98.76,11.63,3.9,11.63,15.81
2025-03-04,2025-03,50339,Boreal Negocios ME,Padaria,Interior Norte,Rogerio Antunes,Mop Umido,Acessorios,VENDA,2,1.83,94.03,48.22,19.73,2.41,5.92,23.67
2025-03-04,2025-03,50342,Uniao Negocios LTDA,Hotel,Interior Norte,Rogerio Antunes,Alvejante 5L - Fardo 12,Quimicos,VENDA,1,3.25,41.59,17.01,23.8,0.75,7.14,0.03
2025-03-05,2025-03,50348,Pampa Alimentos ME,Padaria,Regiao Metropolitana,Rogerio Antunes,Alcool 70 1L - Caixa 24,Quimicos,VENDA,1,4.48,59.39,37.9,6.49,1.65,1.95,13.35
2025-03-06,2025-03,50360,Pampa Alimentos ME,Padaria,Regiao Metropolitana,Rogerio Antunes,PAPEL HIGIENICO ROLAO 300M,Papel,VENDA,1,4.29,16.67,12.54,1.32,0.5,1.32,2.31
2025-03-06,2025-03,50365,Guarani Servicos S/A,Restaurante,Regiao Metropolitana,Simone Klein,Talher Descartavel Misto - Pacote 100,Descartaveis,VENDA,20,19.06,526.55,526.2,60.79,16.94,18.24,-77.38
2025-03-07,2025-03,50366,BOREAL SERVICOS LTDA ME,Escola,Regiao Metropolitana,Tarcisio Bueno,Guardanapo 24x24 - Fardo 12,Papel,VENDA,10,10.89,614.9,496.8,68.18,17.22,68.18,32.7
2025-03-07,2025-03,50373,Serrano Servicos LTDA ME,Mercado,Interior Norte,Simone Klein,Desengordurante 5L - Pacote 100,Quimicos,VENDA,1,1.06,18.54,12.37,1.01,0.65,1.01,4.51
2025-03-08,2025-03,50378,Vitoria Comercio LTDA,Industria,Interior Sul,Simone Klein,Limpa Vidros 500ml,Quimicos,VENDA,5,2.93,143.55,90.9,14.07,4.68,4.22,33.9
2025-03-12,2025-03,50402,Guarani Servicos LTDA ME,Escola,Litoral,Tarcisio Bueno,PRATO DESCARTAVEL 15CM - PACOTE 100,Descartaveis,VENDA,3,16.95,93.57,99.12,11.34,2.62,11.34,-19.51
2025-03-12,2025-03,50403,Pampa Alimentos ME,Padaria,Regiao Metropolitana,Rogerio Antunes,Alvejante 5L,Quimicos,VENDA,1,2.0,67.16,41.64,7.61,1.85,2.28,16.06
2025-03-12,2025-03,50406,Guarani Servicos LTDA ME,Escola,Litoral,Tarcisio Bueno,Copo Descartavel 50ml - Pacote 100,Descartaveis,VENDA,5,5.29,129.15,120.0,29.67,3.62,29.67,-24.14
2025-03-12,2025-03,50406,Guarani Servicos LTDA ME,Escola,Litoral,Tarcisio Bueno,Papel Higienico Rolao 300m - Fardo 12,Papel,VENDA,1,2.73,84.22,62.34,19.35,2.36,19.35,0.17
2025-03-12,2025-03,50411,BANDEIRANTE NEGOCIOS S/A,Condominio,Interior Sul,Simone Klein,Rodo 40cm - Pacote 100,Acessorios,VENDA,10,3.09,481.14,278.5,33.91,16.01,10.17,152.72
2025-03-12,2025-03,50412,Uniao Servicos LTDA,Industria,Interior Sul,Tarcisio Bueno,Detergente Neutro 5L,Quimicos,VENDA,1,10.23,45.17,33.21,4.19,1.26,4.19,6.51
2025-03-12,2025-03,50412,Uniao Servicos LTDA,Industria,Interior Sul,Tarcisio Bueno,Desengordurante 5L - Pacote 100,Quimicos,VENDA,1,4.58,17.88,12.37,1.66,0.5,1.66,3.35
2025-03-13,2025-03,50413,Estrela Servicos ME,Hotel,Interior Sul,Tarcisio Bueno,REMOVEDOR 1L - CAIXA 24,Quimicos,VENDA,20,10.9,272.0,201.4,20.48,7.62,20.48,42.5
2025-03-13,2025-03,50416,Serrano Servicos LTDA ME,Mercado,Interior Norte,Simone Klein,Limpador Multiuso 5L - Fardo 6,Quimicos,VENDA,2,0.82,85.1,51.98,9.97,2.73,2.99,20.42
2025-03-13,2025-03,50417,Horizonte Distribuidora S/A,Condominio,Regiao Metropolitana,Rogerio Antunes,Limpa Vidros 500ml - Fardo 12,Quimicos,VENDA,5,0.89,249.55,166.2,3.9,7.49,3.9,71.96
2025-03-14,2025-03,50425,Querencia Participacoes EIRELI,Mercado,Regiao Metropolitana,Tarcisio Bueno,Vassoura Nylon - Fardo 12,Acessorios,VENDA,1,2.64,42.48,25.74,4.21,1.19,4.21,11.34
2025-03-14,2025-03,50430,Querencia Participacoes EIRELI,Mercado,Regiao Metropolitana,Tarcisio Bueno,Marmitex Aluminio 800ml - Pacote 100,Descartaveis,VENDA,1,13.53,27.25,27.73,2.1,0.76,2.1,-3.34
2025-03-14,2025-03,50431,Oriente Participacoes LTDA,Clinica,Regiao Metropolitana,Simone Klein,Saco Lixo 30L,Descartaveis,VENDA,20,12.86,347.6,351.0,25.26,12.17,25.26,-40.83
2025-03-14,2025-03,50433,Luminar Alimentos S/A,Restaurante,Interior Sul,Rogerio Antunes,Escova Sanitaria - Caixa 24,Acessorios,VENDA,2,5.28,17.05,9.64,2.24,0.46,0.67,4.71
2025-03-14,2025-03,50434,Querencia Participacoes EIRELI,Mercado,Regiao Metropolitana,Tarcisio Bueno,Embalagem Delivery 750ml - Fardo 6,Descartaveis,VENDA,50,19.25,1461.0,1592.5,41.17,40.91,41.17,-213.58
2025-03-14,2025-03,50434,Querencia Participacoes EIRELI,Mercado,Regiao Metropolitana,Tarcisio Bueno,Alvejante 5L,Quimicos,VENDA,3,6.93,176.16,124.92,4.96,4.93,4.96,41.35
2025-03-15,2025-03,50441,Nortao Industria ME,Padaria,Interior Norte,Simone Klein,Marmitex Aluminio 800ml - Pacote 100,Descartaveis,VENDA,2,6.55,68.83,55.46,14.18,2.06,4.25,-2.87
2025-03-17,2025-03,50446,Aurora Industria LTDA ME,Clinica,Interior Sul,Tarcisio Bueno,Desinfetante Lavanda 5L,Quimicos,VENDA,20,3.47,591.2,404.2,53.02,16.55,53.02,117.43
2025-03-17,2025-03,50447,Estrela Servicos LTDA,Escola,Litoral,Tarcisio Bueno,Alcool 70 1L - Caixa 24,Quimicos,VENDA,2,7.23,76.52,54.44,9.34,2.14,9.34,10.6
2025-03-18,2025-03,50455,Pampa Alimentos ME,Padaria,Regiao Metropolitana,Rogerio Antunes,borrifador 500ml - fardo 6,Acessorios,VENDA,3,0.46,94.74,56.16,7.88,2.84,7.88,27.86
2025-03-19,2025-03,50465,Luminar Alimentos S/A,Restaurante,Interior Sul,Rogerio Antunes,Alvejante 5L,Quimicos,DEVOLUCAO,-3,3.09,-183.42,-124.92,24.8,-5.5,24.8,-77.8
2025-03-19,2025-03,50467,Boreal Comercio EIRELI,Mercado,Interior Sul,Simone Klein,Cera Liquida Incolor 5L - Fardo 6,Quimicos,DEVOLUCAO,-1,1.41,-27.75,-21.98,7.26,-1.15,2.18,-11.88
2025-03-20,2025-03,50469,Querencia Participacoes EIRELI,Mercado,Regiao Metropolitana,Tarcisio Bueno,Guardanapo 24x24,Papel,VENDA,2,2.83,147.3,87.74,41.25,3.32,12.37,14.99
2025-03-20,2025-03,50473,BOREAL SERVICOS LTDA ME,Escola,Regiao Metropolitana,Tarcisio Bueno,Talher Descartavel Misto - Fardo 6,Descartaveis,VENDA,1,0.81,40.91,36.29,4.66,1.15,4.66,-1.19
2025-03-20,2025-03,50474,Estrela Servicos ME,Hotel,Interior Sul,Tarcisio Bueno,Cera Liquida Incolor 5L - Fardo 6,Quimicos,VENDA,2,2.41,70.16,47.46,4.92,1.96,4.92,15.82
2025-03-20,2025-03,50476,Rio Claro Negocios LTDA,Restaurante,Regiao Metropolitana,Simone Klein,Papel Toalha Interfolha 1000f - Caixa 24,Papel,VENDA,2,0.41,163.38,100.1,35.61,4.85,10.69,22.82
2025-03-20,2025-03,50479,horizonte distribuidora me,Condominio,Regiao Metropolitana,Rogerio Antunes,Luva Latex - Fardo 12,EPI,VENDA,5,0.85,55.73,30.6,9.69,1.47,2.91,13.97
2025-03-26,2025-03,50514,BOREAL SERVICOS LTDA ME,Escola,Regiao Metropolitana,Tarcisio Bueno,Luva Latex - Caixa 24,EPI,VENDA,1,2.98,6.12,3.91,0.36,0.17,0.36,1.68
2025-03-26,2025-03,50516,Serrano Servicos LTDA ME,Mercado,Interior Norte,Simone Klein,Alvejante 5L,Quimicos,VENDA,2,2.61,122.88,83.28,12.68,4.3,12.68,22.62
2025-03-26,2025-03,50519,Horizonte Distribuidora S/A,Condominio,Regiao Metropolitana,Rogerio Antunes,Vassoura Nylon - Fardo 12,Acessorios,VENDA,2,3.13,99.84,51.48,21.89,2.54,6.57,23.93
2025-03-27,2025-03,50524,UNIAO ALIMENTOS EIRELI,Industria,Litoral,Simone Klein,Vassoura Nylon - Caixa 24,Acessorios,VENDA,1,3.29,65.06,25.6,33.0,1.47,9.9,4.99
2025-03-27,2025-03,50525,Boreal Negocios ME,Padaria,Interior Norte,Rogerio Antunes,luva plastica descartavel - pacote 100,Descartaveis,VENDA,2,8.41,40.5,38.92,2.74,1.21,2.74,-2.38
2025-03-27,2025-03,50527,Nortao Industria ME,Padaria,Interior Norte,Simone Klein,Desinfetante Lavanda 5L,Quimicos,VENDA,3,9.12,97.7,60.63,20.3,2.92,6.09,13.85
2025-03-31,2025-03,50549,Pampa Alimentos ME,Padaria,Regiao Metropolitana,Rogerio Antunes,Papel Toalha Interfolha 1000f - Caixa 24,Papel,VENDA,2,8.97,109.1,68.62,31.91,2.6,9.57,5.97
2025-04-01,2025-04,50556,Luminar Alimentos S/A,Restaurante,Interior Sul,Rogerio Antunes,Papel Higienico Folha Dupla 30m,Papel,VENDA,2,7.27,46.56,36.14,6.91,1.4,6.91,2.11
2025-04-03,2025-04,50566,Horizonte Distribuidora S/A,Condominio,Regiao Metropolitana,Rogerio Antunes,removedor 1l,Quimicos,VENDA,20,4.33,1121.4,773.6,37.49,33.64,37.49,276.67
2025-04-04,2025-04,50571,Horizonte Industria S/A,Escola,Interior Norte,Rogerio Antunes,Rodo 40cm,Acessorios,VENDA,2,3.21,55.44,27.3,15.2,1.34,4.56,11.6
2025-04-04,2025-04,50574,Vitoria Comercio LTDA,Industria,Interior Sul,Simone Klein,Cera Liquida Incolor 5L - Fardo 6,Quimicos,VENDA,10,4.98,340.4,219.8,34.29,11.07,10.29,75.24
2025-04-04,2025-04,50579,Vitoria Distribuidora LTDA ME,Hotel,Interior Sul,Tarcisio Bueno,Sabao Liquido 5L - Fardo 12,Quimicos,VENDA,3,1.07,62.77,31.23,22.81,1.31,6.84,7.42
2025-04-05,2025-04,50580,Horizonte Distribuidora S/A,Condominio,Regiao Metropolitana,Rogerio Antunes,ALCOOL 70 1L - FARDO 6,Quimicos,VENDA,2,0.81,126.1,83.9,9.89,3.78,9.89,28.53
2025-04-07,2025-04,50584,TREVO ALIMENTOS S/A,Mercado,Interior Norte,Rogerio Antunes,Cera Liquida Incolor 5L - Fardo 6,Quimicos,VENDA,10,2.62,324.3,219.8,57.9,9.73,57.9,36.87
2025-04-08,2025-04,50590,Vitoria Comercio LTDA,Industria,Interior Sul,Simone Klein,Papel Higienico Folha Dupla 30m - Fardo 12,Papel,VENDA,1,2.68,51.85,18.48,38.38,0.87,11.51,-5.88
2025-04-10,2025-04,50607,Boreal Empreendimentos LTDA,Industria,Regiao Metropolitana,Tarcisio Bueno,BORRIFADOR 500ML - FARDO 12,Acessorios,VENDA,5,3.81,253.96,143.6,28.3,6.56,8.49,75.5
2025-04-10,2025-04,50608,Serrano Servicos LTDA ME,Mercado,Interior Norte,Simone Klein,Papel Higienico Folha Dupla 30m - Fardo 12,Papel,VENDA,1,3.05,30.26,18.48,7.68,0.87,2.31,3.23
2025-04-11,2025-04,50612,Pampa Alimentos ME,Padaria,Regiao Metropolitana,Rogerio Antunes,SABAO LIQUIDO 5L - FARDO 6,Quimicos,VENDA,1,0.13,56.66,28.01,20.39,1.27,6.11,6.99
2025-04-11,2025-04,50616,Boreal Empreendimentos LTDA,Industria,Regiao Metropolitana,Tarcisio Bueno,Talher Descartavel Misto - Pacote 100,Descartaveis,VENDA,3,12.97,86.14,78.93,11.54,2.19,3.46,-6.52
2025-04-14,2025-04,50621,Alvorada Servicos LTDA,Hotel,Interior Norte,Rogerio Antunes,Copo Descartavel 200ml,Descartaveis,VENDA,1,12.3,36.26,29.86,9.29,0.89,2.79,-3.78
2025-04-14,2025-04,50622,Horizonte Distribuidora S/A,Condominio,Regiao Metropolitana,Rogerio Antunes,papel higienico rolao 300m - fardo 6,Papel,VENDA,2,1.12,189.32,122.72,29.69,5.06,8.91,31.85
2025-04-15,2025-04,50624,Horizonte Negocios LTDA ME,Mercado,Litoral,Simone Klein,Desinfetante Lavanda 5L,Quimicos,VENDA,1,2.5,32.38,20.21,3.61,1.04,1.08,7.52
2025-04-16,2025-04,50629,Trevo Comercio ME,Clinica,Regiao Metropolitana,Tarcisio Bueno,Marmitex Aluminio 800ml - Caixa 24,Descartaveis,VENDA,2,4.64,25.95,20.96,4.62,0.64,1.39,-0.27
2025-04-16,2025-04,50634,TREVO ALIMENTOS S/A,Mercado,Interior Norte,Rogerio Antunes,DESINFETANTE LAVANDA 5L - PACOTE 100,Quimicos,VENDA,5,2.64,303.1,205.45,10.17,9.09,10.17,78.39
2025-04-16,2025-04,50635,BOREAL SERVICOS LTDA ME,Escola,Regiao Metropolitana,Tarcisio Bueno,SACO LIXO 60L,Descartaveis,VENDA,3,17.33,20.7,19.5,3.39,0.51,1.02,-2.7
2025-04-16,2025-04,50635,BOREAL SERVICOS LTDA ME,Escola,Regiao Metropolitana,Tarcisio Bueno,Alvejante 5L - Caixa 24,Quimicos,VENDA,3,5.51,183.32,113.4,29.98,4.55,8.99,35.39
2025-04-16,2025-04,50636,Zenite Servicos EIRELI,Industria,Interior Sul,Tarcisio Bueno,DESINFETANTE LAVANDA 5L - FARDO 6,Quimicos,VENDA,1,2.24,56.59,27.63,22.38,1.15,6.71,5.43
2025-04-17,2025-04,50638,Imperial Servicos S/A,Clinica,Regiao Metropolitana,Rogerio Antunes,Desengordurante 5L - Pacote 100,Quimicos,VENDA,10,1.99,183.7,123.7,8.97,5.51,8.97,45.52
2025-04-17,2025-04,50640,Aurora Negocios EIRELI,Hotel,Regiao Metropolitana,Rogerio Antunes,Alvejante 5L - Fardo 12,Quimicos,VENDA,20,4.86,622.2,431.6,27.53,18.67,27.53,144.4
2025-04-17,2025-04,50647,Serrano Servicos LTDA ME,Mercado,Interior Norte,Simone Klein,Cera Liquida Incolor 5L,Quimicos,VENDA,1,2.82,57.94,34.68,9.82,1.79,2.95,11.65
2025-04-21,2025-04,50657,Uniao Servicos S/A,Condominio,Litoral,Rogerio Antunes,Copo Descartavel 200ml - Pacote 100,Descartaveis,VENDA,1,3.41,40.27,28.9,12.22,0.95,3.67,-1.8
2025-04-21,2025-04,50658,Central Alimentos LTDA ME,Clinica,Litoral,Tarcisio Bueno,Papel Higienico Rolao 300m - Fardo 12,Papel,VENDA,3,3.42,290.64,199.59,32.74,7.5,9.82,50.81
2025-04-21,2025-04,50661,BANDEIRANTE NEGOCIOS S/A,Condominio,Interior Sul,Simone Klein,removedor 1l,Quimicos,VENDA,2,0.6,125.81,77.36,13.27,4.08,3.98,31.1
2025-04-23,2025-04,50669,BOREAL SERVICOS LTDA ME,Escola,Regiao Metropolitana,Tarcisio Bueno,PAPEL HIGIENICO ROLAO 300M,Papel,VENDA,3,6.87,66.75,37.62,25.83,1.36,7.74,1.94
2025-04-30,2025-04,50698,Central Negocios ME,Mercado,Interior Sul,Tarcisio Bueno,Alcool 70 1L - Caixa 24,Quimicos,VENDA,1,3.39,18.22,12.45,1.79,0.51,1.79,3.47
2025-05-01,2025-05,50710,Boreal Empreendimentos LTDA,Industria,Regiao Metropolitana,Tarcisio Bueno,Guardanapo 24x24 - Caixa 24,Papel,VENDA,2,4.37,148.9,91.94,38.25,3.42,11.47,15.29
2025-05-01,2025-05,50711,Uniao Servicos LTDA,Industria,Interior Sul,Tarcisio Bueno,PAPEL HIGIENICO ROLAO 300M,Papel,VENDA,2,2.64,37.95,25.08,5.75,0.95,1.72,6.17
2025-05-02,2025-05,50715,Boreal Empreendimentos LTDA,Industria,Regiao Metropolitana,Tarcisio Bueno,Copo Descartavel 50ml,Descartaveis,VENDA,10,17.21,329.05,325.5,32.65,8.57,9.8,-37.67
2025-05-03,2025-05,50716,Serrano Servicos LTDA ME,Mercado,Interior Norte,Simone Klein,Bota PVC - Fardo 6,EPI,VENDA,10,1.49,202.24,117.4,22.34,6.53,6.7,55.97
2025-05-05,2025-05,50721,Estrela Negocios S/A,Padaria,Litoral,Tarcisio Bueno,Guardanapo 24x24 - Caixa 24,Papel,VENDA,1,3.27,93.91,45.97,45.93,1.73,13.78,0.28
2025-05-08,2025-05,50746,BOREAL SERVICOS LTDA ME,Escola,Regiao Metropolitana,Tarcisio Bueno,Cera Liquida Incolor 5L - Fardo 6,Quimicos,VENDA,2,5.61,123.3,70.44,32.23,2.82,9.67,17.81
2025-05-08,2025-05,50746,BOREAL SERVICOS LTDA ME,Escola,Regiao Metropolitana,Tarcisio Bueno,Luva Plastica Descartavel - Fardo 6,Descartaveis,VENDA,3,8.9,57.98,45.75,15.15,1.33,4.54,-4.25
2025-05-12,2025-05,50766,Serrano Servicos LTDA ME,Mercado,Interior Norte,Simone Klein,Luva Latex - Caixa 24,EPI,VENDA,3,0.85,18.78,11.73,1.86,0.66,1.86,4.53
2025-05-12,2025-05,50766,Serrano Servicos LTDA ME,Mercado,Interior Norte,Simone Klein,Papel Higienico Rolao 300m - Fardo 12,Papel,VENDA,2,3.53,167.04,124.68,16.51,5.85,16.51,20.0
2025-05-12,2025-05,50769,Imperial Servicos S/A,Clinica,Regiao Metropolitana,Rogerio Antunes,Luva Latex - Caixa 24,EPI,VENDA,20,6.73,134.14,78.2,23.35,3.53,7.01,29.06
2025-05-12,2025-05,50772,Querencia Alimentos LTDA,Mercado,Interior Norte,Simone Klein,Luva Plastica Descartavel - Fardo 6,Descartaveis,VENDA,50,15.69,730.5,762.5,60.71,25.57,60.71,-118.28
2025-05-13,2025-05,50775,Querencia Distribuidora LTDA ME,Padaria,Interior Norte,Rogerio Antunes,Detergente Neutro 5L - Caixa 24,Quimicos,VENDA,1,1.08,47.57,31.74,2.04,1.43,2.04,12.36
2025-05-14,2025-05,50783,BANDEIRANTE NEGOCIOS S/A,Condominio,Interior Sul,Simone Klein,Detergente Neutro 5L,Quimicos,VENDA,3,2.19,174.13,99.63,37.81,5.17,11.34,31.52
2025-05-15,2025-05,50790,Xavante Servicos EIRELI,Padaria,Litoral,Rogerio Antunes,Oculos Protecao - Fardo 6,EPI,VENDA,2,1.2,76.72,39.9,18.77,1.91,5.63,16.14
2025-05-16,2025-05,50793,Querencia Participacoes EIRELI,Mercado,Regiao Metropolitana,Tarcisio Bueno,Cera Liquida Incolor 5L - Fardo 6,Quimicos,VENDA,2,5.73,62.78,43.96,1.33,1.76,1.33,15.73
2025-05-17,2025-05,50795,Central Negocios ME,Mercado,Interior Sul,Tarcisio Bueno,Desinfetante Lavanda 5L,Quimicos,VENDA,2,2.98,66.94,40.42,10.75,1.66,3.23,14.11
2025-05-20,2025-05,50800,Zenite Servicos EIRELI,Industria,Interior Sul,Tarcisio Bueno,Cera Liquida Incolor 5L - Fardo 6,Quimicos,VENDA,2,3.86,114.84,72.84,12.48,2.97,3.74,26.55
2025-05-20,2025-05,50802,Aurora Industria LTDA,Clinica,Regiao Metropolitana,Tarcisio Bueno,saco lixo 100l - fardo 12,Descartaveis,VENDA,2,15.92,71.06,59.04,20.92,1.58,6.28,-10.48
2025-05-21,2025-05,50803,Luminar Alimentos S/A,Restaurante,Interior Sul,Rogerio Antunes,Avental PVC - Pacote 100,EPI,VENDA,1,4.26,13.33,6.69,4.28,0.31,1.28,2.05
2025-05-22,2025-05,50809,Pampa Alimentos ME,Padaria,Regiao Metropolitana,Rogerio Antunes,Alvejante 5L - Fardo 6,Quimicos,VENDA,1,5.15,27.3,15.79,6.58,0.68,1.97,4.25
2025-05-22,2025-05,50811,Querencia Participacoes EIRELI,Mercado,Regiao Metropolitana,Tarcisio Bueno,Papel Toalha Rolo 100f - Caixa 24,Papel,VENDA,1,6.54,45.73,35.23,6.46,1.28,6.46,2.76
2025-05-22,2025-05,50811,Querencia Participacoes EIRELI,Mercado,Regiao Metropolitana,Tarcisio Bueno,Detergente Neutro 5L - Caixa 24,Quimicos,VENDA,1,6.45,44.99,31.74,6.36,1.26,6.36,5.63
2025-05-23,2025-05,50820,Central Negocios ME,Mercado,Interior Sul,Tarcisio Bueno,AVENTAL PVC - CAIXA 24,EPI,VENDA,5,0.7,127.4,63.3,37.14,2.84,11.14,24.12
2025-05-26,2025-05,50826,Xavante Servicos EIRELI,Padaria,Litoral,Rogerio Antunes,Prato Descartavel 15cm - Caixa 24,Descartaveis,VENDA,2,7.98,84.77,61.66,29.02,1.93,8.71,-7.84
2025-05-26,2025-05,50828,Pampa Participacoes ME,Padaria,Interior Norte,Tarcisio Bueno,Pano Multiuso - Fardo 6,Acessorios,VENDA,2,2.92,18.78,8.4,7.08,0.39,2.12,2.91
2025-05-27,2025-05,50836,Imperial Servicos S/A,Clinica,Regiao Metropolitana,Rogerio Antunes,Desinfetante Lavanda 5L - Fardo 6,Quimicos,VENDA,1,4.67,51.05,30.79,9.41,1.33,2.83,9.52
2025-05-27,2025-05,50836,Imperial Servicos S/A,Clinica,Regiao Metropolitana,Rogerio Antunes,Alvejante 5L - Fardo 12,Quimicos,VENDA,2,6.93,55.06,34.02,10.15,1.44,3.05,9.45
2025-05-28,2025-05,50846,Xavante Servicos EIRELI,Padaria,Litoral,Rogerio Antunes,Talher Descartavel Misto - Caixa 24,Descartaveis,VENDA,2,2.86,77.25,62.66,11.56,2.07,3.47,0.96
2025-05-28,2025-05,50846,Xavante Servicos EIRELI,Padaria,Litoral,Rogerio Antunes,Papel Higienico Folha Dupla 30m - Fardo 12,Papel,VENDA,2,1.12,56.7,36.96,8.49,1.52,2.55,9.73
2025-05-28,2025-05,50851,Oriente Negocios LTDA ME,Industria,Litoral,Rogerio Antunes,Embalagem Delivery 750ml - Fardo 6,Descartaveis,VENDA,3,7.45,108.05,95.55,10.83,3.01,3.25,-1.34
2025-05-28,2025-05,50855,Horizonte Negocios EIRELI,Escola,Litoral,Simone Klein,Cera Liquida Incolor 5L - Fardo 6,Quimicos,VENDA,1,3.86,75.66,36.42,32.3,1.86,9.69,5.08
2025-05-29,2025-05,50858,Vitoria Empreendimentos EIRELI,Restaurante,Litoral,Tarcisio Bueno,pano multiuso - caixa 24,Acessorios,VENDA,5,0.14,130.5,77.1,3.75,3.65,3.75,46.0
2025-06-03,2025-06,50872,Estrela Servicos ME,Hotel,Interior Sul,Tarcisio Bueno,Copo Descartavel 200ml - Fardo 12,Descartaveis,VENDA,5,4.1,111.45,87.55,22.92,2.67,6.87,-1.69
2025-06-03,2025-06,50872,Estrela Servicos ME,Hotel,Interior Sul,Tarcisio Bueno,Balde 20L - Pacote 100,Acessorios,VENDA,2,2.67,76.89,39.9,15.82,1.84,4.75,19.33
2025-06-03,2025-06,50874,Nortao Industria ME,Padaria,Interior Norte,Simone Klein,Alvejante 5L,Quimicos,VENDA,5,10.33,308.02,208.2,35.96,9.9,10.79,53.96
2025-06-03,2025-06,50874,Nortao Industria ME,Padaria,Interior Norte,Simone Klein,Saco Lixo 100L,Descartaveis,VENDA,5,16.1,139.72,134.55,16.31,4.49,4.89,-15.63
2025-06-03,2025-06,50879,Serrano Alimentos EIRELI,Padaria,Regiao Metropolitana,Simone Klein,Desinfetante Lavanda 5L,Quimicos,VENDA,1,3.7,29.49,20.21,0.72,1.03,0.72,7.53
2025-06-05,2025-06,50897,Xavante Negocios ME,Hotel,Regiao Metropolitana,Simone Klein,Prato Descartavel 15cm - Caixa 24,Descartaveis,VENDA,5,0.13,129.87,96.85,28.53,3.85,8.56,0.64
2025-06-06,2025-06,50899,Serrano Servicos LTDA ME,Mercado,Interior Norte,Simone Klein,Detergente Neutro 5L - Caixa 24,Quimicos,VENDA,5,0.73,238.7,158.7,35.83,8.35,35.83,35.82
2025-06-06,2025-06,50899,Serrano Servicos LTDA ME,Mercado,Interior Norte,Simone Klein,Marmitex Aluminio 800ml - Caixa 24,Descartaveis,VENDA,3,6.78,109.14,103.05,16.38,3.82,16.38,-14.11
2025-06-07,2025-06,50906,Trevo Comercio LTDA,Restaurante,Interior Norte,Simone Klein,mop umido - fardo 6,Acessorios,VENDA,10,6.02,366.29,202.3,62.85,11.28,18.86,89.86
2025-06-09,2025-06,50910,Serrano Servicos LTDA ME,Mercado,Interior Norte,Simone Klein,Cera Liquida Incolor 5L - Fardo 6,Quimicos,VENDA,1,3.62,74.92,36.42,31.06,1.86,9.32,5.58
2025-06-11,2025-06,50918,Querencia Distribuidora LTDA ME,Padaria,Interior Norte,Rogerio Antunes,Esponja Dupla Face - Fardo 6,Acessorios,DEVOLUCAO,-5,1.62,-164.35,-98.55,11.2,-4.93,11.2,-72.07
2025-06-11,2025-06,50918,Querencia Distribuidora LTDA ME,Padaria,Interior Norte,Rogerio Antunes,Alcool 70 1L - Caixa 24,Quimicos,VENDA,1,2.9,40.04,27.22,2.73,1.2,2.73,8.89
2025-06-13,2025-06,50933,Boreal Empreendimentos LTDA,Industria,Regiao Metropolitana,Tarcisio Bueno,Limpador Multiuso 5L - Fardo 6,Quimicos,VENDA,1,1.2,51.9,25.99,18.56,1.09,5.57,6.26
2025-06-16,2025-06,50938,Horizonte Distribuidora S/A,Condominio,Regiao Metropolitana,Rogerio Antunes,Papel Higienico Folha Dupla 30m,Papel,VENDA,2,2.38,49.0,36.14,5.86,1.47,5.86,5.53
2025-06-16,2025-06,50939,BOREAL SERVICOS LTDA ME,Escola,Regiao Metropolitana,Tarcisio Bueno,DESINFETANTE LAVANDA 5L - FARDO 6,Quimicos,VENDA,5,6.83,217.48,138.15,32.12,5.46,9.64,41.75
2025-06-16,2025-06,50941,BOREAL SERVICOS LTDA ME,Escola,Regiao Metropolitana,Tarcisio Bueno,removedor 1l - pacote 100,Quimicos,VENDA,10,0.89,297.62,177.0,45.45,7.44,13.63,67.73
2025-06-16,2025-06,50941,BOREAL SERVICOS LTDA ME,Escola,Regiao Metropolitana,Tarcisio Bueno,Prato Descartavel 15cm - Caixa 24,Descartaveis,VENDA,1,6.88,22.95,19.37,3.51,0.57,1.06,-0.5
2025-06-18,2025-06,50951,Boreal Negocios ME,Padaria,Interior Norte,Rogerio Antunes,Desengordurante 5L - Pacote 100,Quimicos,VENDA,1,1.34,20.91,12.37,3.46,0.55,1.04,4.53
2025-06-18,2025-06,50955,UNIAO ALIMENTOS EIRELI,Industria,Litoral,Simone Klein,Embalagem Delivery 750ml - Fardo 6,Descartaveis,VENDA,5,7.19,195.07,159.25,38.75,5.88,11.63,-8.81
2025-06-18,2025-06,50958,Querencia Alimentos LTDA,Mercado,Interior Norte,Simone Klein,Alcool 70 1L - Caixa 24,Quimicos,VENDA,1,0.5,29.55,12.45,15.39,0.66,4.61,1.05
2025-06-18,2025-06,50959,BOREAL SERVICOS LTDA ME,Escola,Regiao Metropolitana,Tarcisio Bueno,Desinfetante Lavanda 5L - Pacote 100,Quimicos,VENDA,10,6.96,528.1,374.6,45.65,14.79,45.65,93.06
2025-06-18,2025-06,50960,Boreal Comercio EIRELI,Mercado,Interior Sul,Simone Klein,Copo Descartavel 50ml - Pacote 100,Descartaveis,VENDA,2,0.43,33.39,25.74,6.11,1.02,1.84,0.52
2025-06-18,2025-06,50960,Boreal Comercio EIRELI,Mercado,Interior Sul,Simone Klein,SACO LIXO 60L - CAIXA 24,Descartaveis,VENDA,2,7.04,24.27,20.02,4.44,0.74,1.33,-0.93
2025-06-19,2025-06,50962,Querencia Participacoes EIRELI,Mercado,Regiao Metropolitana,Tarcisio Bueno,ESCOVA SANITARIA - CAIXA 24,Acessorios,VENDA,1,0.77,34.6,17.61,7.11,0.83,2.13,9.05
2025-06-19,2025-06,50962,Querencia Participacoes EIRELI,Mercado,Regiao Metropolitana,Tarcisio Bueno,Saco Lixo 30L,Descartaveis,VENDA,1,15.6,19.66,17.55,4.04,0.47,1.21,-2.4
2025-06-23,2025-06,50979,Querencia Participacoes EIRELI,Mercado,Regiao Metropolitana,Tarcisio Bueno,Papel Toalha Interfolha 1000f - Caixa 24,Papel,VENDA,2,3.89,120.45,68.62,41.22,2.56,12.37,8.05
2025-06-23,2025-06,50979,Querencia Participacoes EIRELI,Mercado,Regiao Metropolitana,Tarcisio Bueno,Embalagem Delivery 750ml - Pacote 100,Descartaveis,VENDA,3,7.34,45.64,32.97,15.62,0.97,4.69,-3.92
2025-06-23,2025-06,50980,Rio Claro Negocios LTDA,Restaurante,Regiao Metropolitana,Simone Klein,Cera Liquida Incolor 5L - Fardo 6,Quimicos,VENDA,10,1.9,352.7,237.3,6.58,12.34,6.58,96.48
2025-06-25,2025-06,50991,Rio Claro Servicos EIRELI,Mercado,Interior Norte,Tarcisio Bueno,Bobina Papel Toalha 200m - Fardo 6,Papel,VENDA,3,4.55,90.27,60.78,13.84,2.26,4.15,13.39
2025-06-25,2025-06,50991,Rio Claro Servicos EIRELI,Mercado,Interior Norte,Tarcisio Bueno,SACO LIXO 60L,Descartaveis,VENDA,1,7.86,7.63,6.5,1.17,0.19,0.35,-0.23
2025-06-25,2025-06,50992,Aurora Industria LTDA ME,Clinica,Interior Sul,Tarcisio Bueno,Marmitex Aluminio 800ml - Pacote 100,Descartaveis,VENDA,1,0.5,31.35,27.73,3.72,0.88,3.72,-0.98
2025-06-25,2025-06,50992,Aurora Industria LTDA ME,Clinica,Interior Sul,Tarcisio Bueno,Papel Higienico Rolao 300m - Fardo 12,Papel,VENDA,3,0.88,184.26,133.86,21.84,5.16,21.84,23.4
2025-06-28,2025-06,51003,Vitoria Distribuidora LTDA ME,Hotel,Interior Sul,Tarcisio Bueno,Embalagem Delivery 750ml - Fardo 6,Descartaveis,VENDA,3,4.37,50.85,46.77,7.9,1.42,7.9,-5.24
2025-06-30,2025-06,51005,Querencia Participacoes EIRELI,Mercado,Regiao Metropolitana,Tarcisio Bueno,Luva Plastica Descartavel - Pacote 100,Descartaveis,VENDA,2,9.63,47.4,33.88,17.99,0.97,5.39,-5.44
2025-06-30,2025-06,51009,Nortao Alimentos S/A,Escola,Interior Norte,Simone Klein,Copo Descartavel 200ml,Descartaveis,VENDA,1,1.78,36.21,29.86,4.12,1.17,1.24,1.06
2025-07-02,2025-07,51022,Serrano Servicos LTDA ME,Mercado,Interior Norte,Simone Klein,Papel Toalha Interfolha 1000f,Papel,VENDA,2,0.05,68.61,41.84,15.01,2.03,4.5,9.73
2025-07-03,2025-07,51028,BOREAL SERVICOS LTDA ME,Escola,Regiao Metropolitana,Tarcisio Bueno,Embalagem Delivery 750ml - Fardo 6,Descartaveis,VENDA,1,10.7,38.02,31.85,8.14,0.9,2.44,-2.87
2025-07-08,2025-07,51045,Xavante Servicos EIRELI,Padaria,Litoral,Rogerio Antunes,Balde 20L,Acessorios,VENDA,10,6.86,379.79,226.7,31.43,10.73,9.44,110.93
2025-07-10,2025-07,51053,Uniao Servicos LTDA,Industria,Interior Sul,Tarcisio Bueno,Alvejante 5L - Caixa 24,Quimicos,VENDA,1,2.75,63.44,37.8,11.06,1.56,3.32,13.02
2025-07-14,2025-07,51062,Uniao Comercio EIRELI,Escola,Interior Sul,Rogerio Antunes,Avental PVC - Pacote 100,EPI,VENDA,20,0.93,213.8,133.8,18.86,6.41,18.86,54.73
2025-07-14,2025-07,51068,Nortao Industria ME,Padaria,Interior Norte,Simone Klein,BORRIFADOR 500ML - FARDO 12,Acessorios,VENDA,3,2.23,142.77,86.16,6.84,5.0,6.84,44.77
2025-07-15,2025-07,51073,BOREAL SERVICOS LTDA ME,Escola,Regiao Metropolitana,Tarcisio Bueno,borrifador 500ml - fardo 6,Acessorios,VENDA,1,1.02,36.04,18.72,6.62,0.88,1.99,9.82
2025-07-16,2025-07,51075,Imperial Distribuidora S/A,Clinica,Interior Norte,Rogerio Antunes,Prato Descartavel 15cm - Caixa 24,Descartaveis,VENDA,3,4.87,73.58,58.11,15.38,1.88,4.62,-1.79
2025-07-17,2025-07,51083,Horizonte Industria S/A,Escola,Interior Norte,Rogerio Antunes,Papel Higienico Rolao 300m - Fardo 12,Papel,VENDA,1,3.29,100.39,66.53,15.76,2.68,4.73,15.42
2025-07-19,2025-07,51102,Serrano Alimentos EIRELI,Padaria,Regiao Metropolitana,Simone Klein,Copo Descartavel 200ml,Descartaveis,VENDA,3,9.03,119.54,89.58,38.46,3.24,11.53,-11.74
2025-07-21,2025-07,51103,Zenite Industria LTDA,Mercado,Litoral,Simone Klein,Saco Lixo 30L - Fardo 6,Descartaveis,VENDA,1,0.22,36.63,25.49,11.04,1.01,3.32,-0.91
2025-07-21,2025-07,51103,Zenite Industria LTDA,Mercado,Litoral,Simone Klein,Detergente Neutro 5L - Caixa 24,Quimicos,VENDA,1,3.27,58.95,31.74,17.76,1.63,5.33,7.82
2025-07-21,2025-07,51107,Querencia Negocios LTDA,Industria,Interior Norte,Simone Klein,Saco Lixo 100L,Descartaveis,VENDA,2,1.25,60.4,53.82,6.66,2.11,6.66,-2.19
2025-07-22,2025-07,51117,Querencia Empreendimentos LTDA,Clinica,Interior Sul,Simone Klein,Saco Lixo 30L,Descartaveis,VENDA,10,9.34,212.81,175.5,45.73,6.33,13.72,-14.75
2025-07-25,2025-07,51136,Oriente Participacoes LTDA,Clinica,Regiao Metropolitana,Simone Klein,saco lixo 100l - fardo 12,Descartaveis,VENDA,5,3.32,162.2,147.6,8.59,5.68,8.59,0.33
2025-07-25,2025-07,51139,Querencia Participacoes EIRELI,Mercado,Regiao Metropolitana,Tarcisio Bueno,Alvejante 5L - Caixa 24,Quimicos,VENDA,5,3.69,275.8,189.0,29.22,7.72,29.22,49.86
2025-07-28,2025-07,51144,Trevo Comercio LTDA,Restaurante,Interior Norte,Simone Klein,Sabao Liquido 5L,Quimicos,VENDA,1,4.65,52.5,33.68,5.49,1.7,1.65,11.63
2025-07-28,2025-07,51146,Estrela Servicos ME,Hotel,Interior Sul,Tarcisio Bueno,Papel Toalha Rolo 100f - Fardo 6,Papel,VENDA,10,9.55,816.3,649.8,59.81,22.86,59.81,83.83
2025-07-28,2025-07,51148,Querencia Participacoes EIRELI,Mercado,Regiao Metropolitana,Tarcisio Bueno,Prato Descartavel 15cm,Descartaveis,VENDA,2,12.16,70.46,56.02,20.78,1.57,6.24,-7.91
2025-07-29,2025-07,51150,BOREAL SERVICOS LTDA ME,Escola,Regiao Metropolitana,Tarcisio Bueno,Balde 20L - Pacote 100,Acessorios,VENDA,1,3.42,40.89,19.95,11.78,0.91,3.54,8.25
2025-07-29,2025-07,51152,Pampa Participacoes ME,Padaria,Interior Norte,Tarcisio Bueno,Copo Descartavel 200ml,Descartaveis,VENDA,5,10.1,152.5,149.3,15.3,4.27,15.3,-16.37
2025-07-30,2025-07,51156,Serrano Alimentos EIRELI,Padaria,Regiao Metropolitana,Simone Klein,Sabao Liquido 5L - Fardo 12,Quimicos,VENDA,1,3.35,40.26,10.41,35.75,0.53,10.73,-6.43
2025-08-04,2025-08,51178,UNIAO ALIMENTOS LTDA ME,Restaurante,Litoral,Simone Klein,Alcool 70 1L,Quimicos,VENDA,3,2.29,200.79,120.03,33.0,6.22,9.9,41.54
2025-08-04,2025-08,51179,BOREAL SERVICOS LTDA ME,Escola,Regiao Metropolitana,Tarcisio Bueno,SACO LIXO 60L - PACOTE 100,Descartaveis,VENDA,3,13.88,73.01,39.99,48.37,1.1,14.51,-16.45
2025-08-04,2025-08,51181,BOREAL SERVICOS LTDA ME,Escola,Regiao Metropolitana,Tarcisio Bueno,Luva Plastica Descartavel - Pacote 100,Descartaveis,VENDA,2,9.73,34.76,33.88,3.35,0.97,3.35,-3.44
2025-08-05,2025-08,51184,Pampa Participacoes ME,Padaria,Interior Norte,Tarcisio Bueno,Limpador Multiuso 5L - Fardo 6,Quimicos,VENDA,1,1.82,50.44,33.91,2.87,1.41,2.87,12.25
2025-08-06,2025-08,51189,Nortao Industria ME,Padaria,Interior Norte,Simone Klein,ALCOOL 70 1L - FARDO 6,Quimicos,VENDA,5,0.71,315.55,209.75,26.14,11.04,26.14,68.62
2025-08-06,2025-08,51191,Luminar Alimentos S/A,Restaurante,Interior Sul,Rogerio Antunes,Embalagem Delivery 750ml,Descartaveis,VENDA,5,16.81,113.55,120.1,2.85,3.41,2.85,-12.81
2025-08-07,2025-08,51195,Xavante Servicos EIRELI,Padaria,Litoral,Rogerio Antunes,Guardanapo 24x24 - Caixa 24,Papel,VENDA,3,8.92,185.58,146.7,10.55,5.57,10.55,22.76
2025-08-11,2025-08,51208,Oriente Negocios LTDA ME,Industria,Litoral,Rogerio Antunes,MASCARA DESCARTAVEL - CAIXA 24,EPI,VENDA,10,2.5,231.06,132.2,33.08,6.24,9.92,59.54
2025-08-12,2025-08,51210,Luminar Distribuidora EIRELI,Clinica,Litoral,Rogerio Antunes,Esponja Dupla Face - Caixa 24,Acessorios,VENDA,2,0.8,83.92,34.54,36.92,1.74,11.08,10.72
2025-08-12,2025-08,51212,Nortao Industria ME,Padaria,Interior Norte,Simone Klein,Detergente Neutro 5L,Quimicos,VENDA,5,8.9,265.8,166.05,52.28,8.02,15.68,39.45
2025-08-14,2025-08,51218,Serrano Servicos LTDA ME,Mercado,Interior Norte,Simone Klein,Copo Descartavel 200ml,Descartaveis,VENDA,1,1.5,33.42,29.86,1.69,1.17,1.69,0.7
2025-08-14,2025-08,51219,Pampa Alimentos ME,Padaria,Regiao Metropolitana,Rogerio Antunes,DESINFETANTE LAVANDA 5L - FARDO 6,Quimicos,VENDA,3,7.7,115.92,82.89,4.34,3.48,4.34,25.21
2025-08-15,2025-08,51223,Querencia Negocios LTDA,Industria,Interior Norte,Simone Klein,Mascara Descartavel - Fardo 6,EPI,VENDA,1,4.0,12.89,6.31,4.45,0.34,1.33,1.79
2025-08-15,2025-08,51225,Oriente Participacoes LTDA,Clinica,Regiao Metropolitana,Simone Klein,Limpador Multiuso 5L - Fardo 6,Quimicos,VENDA,1,1.27,57.32,33.91,9.42,1.78,2.83,12.21
2025-08-18,2025-08,51234,Pampa Alimentos ME,Padaria,Regiao Metropolitana,Rogerio Antunes,Papel Higienico Folha Dupla 30m - Fardo 12,Papel,VENDA,2,2.88,65.64,36.96,22.54,1.5,6.76,4.64
2025-08-18,2025-08,51236,Vitoria Comercio LTDA,Industria,Interior Sul,Simone Klein,luva plastica descartavel - pacote 100,Descartaveis,VENDA,2,0.69,66.7,38.92,32.54,1.54,9.76,-6.3
2025-08-19,2025-08,51244,Central Alimentos LTDA ME,Clinica,Litoral,Tarcisio Bueno,PRATO DESCARTAVEL 15CM - PACOTE 100,Descartaveis,VENDA,2,6.03,70.58,66.08,6.82,1.98,6.82,-4.3
2025-08-19,2025-08,51247,Horizonte Negocios EIRELI,Escola,Litoral,Simone Klein,Copo Descartavel 200ml - Pacote 100,Descartaveis,VENDA,1,11.14,33.95,28.9,6.81,1.02,2.04,-2.78
2025-08-20,2025-08,51249,Estrela Negocios EIRELI,Padaria,Interior Norte,Rogerio Antunes,Bobina Papel Toalha 200m,Papel,VENDA,1,2.75,47.56,35.21,1.4,1.43,1.4,9.52
2025-08-23,2025-08,51270,Estrela Negocios EIRELI,Padaria,Interior Norte,Rogerio Antunes,Desinfetante Lavanda 5L - Pacote 100,Quimicos,VENDA,2,0.14,126.68,74.92,19.03,3.4,5.71,29.33
2025-08-25,2025-08,51276,Estrela Servicos LTDA,Escola,Litoral,Tarcisio Bueno,BOBINA PAPEL TOALHA 200M - PACOTE 100,Papel,VENDA,5,4.1,145.55,109.25,4.92,4.08,4.92,27.3
2025-08-25,2025-08,51277,Serrano Servicos LTDA ME,Mercado,Interior Norte,Simone Klein,Papel Higienico Folha Dupla 30m - Fardo 12,Papel,VENDA,5,0.54,140.0,92.4,17.65,4.47,5.3,25.48
2025-08-26,2025-08,51280,BOREAL SERVICOS LTDA ME,Escola,Regiao Metropolitana,Tarcisio Bueno,Papel Toalha Rolo 100f - Pacote 100,Papel,VENDA,1,4.79,103.97,54.89,44.83,2.03,13.45,2.22
2025-08-26,2025-08,51284,Vitoria Empreendimentos EIRELI,Restaurante,Litoral,Tarcisio Bueno,Sabao Liquido 5L - Fardo 12,Quimicos,VENDA,3,1.53,51.96,31.23,7.67,1.3,2.3,11.76
2025-08-27,2025-08,51287,Horizonte Distribuidora S/A,Condominio,Regiao Metropolitana,Rogerio Antunes,Embalagem Delivery 750ml - Fardo 6,Descartaveis,VENDA,50,11.16,787.0,779.5,15.97,23.61,15.97,-32.08
2025-08-27,2025-08,51288,Querencia Participacoes EIRELI,Mercado,Regiao Metropolitana,Tarcisio Bueno,Talher Descartavel Misto - Pacote 100,Descartaveis,VENDA,1,10.18,60.97,26.31,48.73,0.75,14.62,-14.82
2025-08-28,2025-08,51295,Xavante Distribuidora LTDA ME,Clinica,Interior Sul,Rogerio Antunes,Alvejante 5L - Fardo 6,Quimicos,VENDA,1,2.55,47.93,15.79,35.17,0.7,10.55,-3.73
2025-08-29,2025-08,51301,Xavante Servicos EIRELI,Padaria,Litoral,Rogerio Antunes,Talher Descartavel Misto - Caixa 24,Descartaveis,VENDA,3,8.25,97.98,93.99,12.62,2.94,12.62,-11.57
2025-09-01,2025-09,51308,BOREAL SERVICOS LTDA ME,Escola,Regiao Metropolitana,Tarcisio Bueno,Limpa Vidros 500ml - Caixa 24,Quimicos,VENDA,3,5.81,134.93,75.54,38.78,3.02,11.64,17.59
2025-09-01,2025-09,51309,Horizonte Negocios LTDA ME,Mercado,Litoral,Simone Klein,Balde 20L - Fardo 12,Acessorios,VENDA,20,3.78,481.6,295.4,26.64,16.86,26.64,142.7
2025-09-01,2025-09,51316,Querencia Distribuidora LTDA ME,Padaria,Interior Norte,Rogerio Antunes,ALCOOL 70 1L - FARDO 6,Quimicos,VENDA,5,3.97,326.27,209.75,30.09,9.16,9.02,77.27
2025-09-02,2025-09,51318,Nortao Alimentos S/A,Escola,Interior Norte,Simone Klein,borrifador 500ml - fardo 6,Acessorios,VENDA,2,2.99,61.56,37.44,10.08,2.15,10.08,11.89
2025-09-02,2025-09,51319,Pampa Alimentos ME,Padaria,Regiao Metropolitana,Rogerio Antunes,Talher Descartavel Misto - Fardo 6,Descartaveis,VENDA,5,14.26,203.69,181.45,38.41,5.3,11.52,-21.47
2025-09-04,2025-09,51338,Central Negocios LTDA ME,Clinica,Interior Sul,Simone Klein,Detergente Neutro 5L,Quimicos,VENDA,2,2.33,98.3,66.42,16.56,3.44,16.56,11.88
2025-09-04,2025-09,51341,Serrano Servicos LTDA ME,Mercado,Interior Norte,Simone Klein,Papel Toalha Rolo 100f - Caixa 24,Papel,VENDA,3,1.01,157.4,105.69,17.25,5.09,5.17,29.37
2025-09-04,2025-09,51341,Serrano Servicos LTDA ME,Mercado,Interior Norte,Simone Klein,Escova Sanitaria - Fardo 12,Acessorios,VENDA,1,1.06,26.3,14.48,2.88,0.85,0.86,8.09
2025-09-04,2025-09,51344,UNIAO ALIMENTOS LTDA ME,Restaurante,Litoral,Simone Klein,Cera Liquida Incolor 5L - Fardo 6,Quimicos,VENDA,1,0.08,38.39,23.73,3.53,1.26,1.06,9.87
2025-09-04,2025-09,51345,Querencia Participacoes EIRELI,Mercado,Regiao Metropolitana,Tarcisio Bueno,Bota PVC,EPI,VENDA,1,3.24,27.28,13.62,8.6,0.6,2.58,4.46
2025-09-06,2025-09,51351,Nortao Industria LTDA,Industria,Interior Sul,Rogerio Antunes,Pano Multiuso - Fardo 6,Acessorios,VENDA,2,0.92,36.86,8.4,32.51,0.42,9.75,-4.47
2025-09-08,2025-09,51356,Aurora Industria LTDA,Clinica,Regiao Metropolitana,Tarcisio Bueno,Copo Descartavel 50ml - Fardo 6,Descartaveis,VENDA,1,1.58,29.59,26.45,2.35,0.83,2.35,-0.04
2025-09-09,2025-09,51364,Rio Claro Servicos EIRELI,Mercado,Interior Norte,Tarcisio Bueno,Vassoura Nylon,Acessorios,VENDA,2,3.86,37.07,20.18,5.99,0.92,1.8,9.98
2025-09-09,2025-09,51364,Rio Claro Servicos EIRELI,Mercado,Interior Norte,Tarcisio Bueno,Cera Liquida Incolor 5L,Quimicos,VENDA,5,9.35,268.59,173.4,43.42,6.67,13.03,45.1
2025-09-10,2025-09,51371,Rio Claro Servicos S/A,Industria,Interior Norte,Rogerio Antunes,Saco Lixo 100L - Pacote 100,Descartaveis,VENDA,1,6.83,23.38,15.92,9.33,0.51,2.8,-2.38
2025-09-11,2025-09,51376,TREVO ALIMENTOS S/A,Mercado,Interior Norte,Rogerio Antunes,Saco Lixo 60L - Fardo 6,Descartaveis,VENDA,5,2.27,52.68,41.95,8.76,1.4,2.63,0.57
2025-09-12,2025-09,51381,Aurora Distribuidora LTDA ME,Clinica,Litoral,Simone Klein,Marmitex Aluminio 800ml - Caixa 24,Descartaveis,VENDA,20,10.32,240.74,209.6,38.77,7.48,11.63,-15.11
2025-09-16,2025-09,51395,Uniao Negocios LTDA,Hotel,Interior Norte,Rogerio Antunes,luva plastica descartavel - pacote 100,Descartaveis,VENDA,10,4.2,211.8,194.6,8.88,6.35,8.88,1.97
2025-09-16,2025-09,51398,Serrano Servicos LTDA ME,Mercado,Interior Norte,Simone Klein,Alcool 70 1L - Caixa 24,Quimicos,VENDA,5,2.58,279.7,189.5,6.07,9.79,6.07,74.34
2025-09-17,2025-09,51410,Pampa Alimentos ME,Padaria,Regiao Metropolitana,Rogerio Antunes,Vassoura Nylon - Caixa 24,Acessorios,VENDA,1,0.69,52.61,24.51,16.22,1.24,4.86,10.64
2025-09-22,2025-09,51425,Horizonte Distribuidora S/A,Condominio,Regiao Metropolitana,Rogerio Antunes,Luva Latex,EPI,VENDA,5,2.55,110.91,62.05,19.09,2.93,5.73,26.84
2025-09-23,2025-09,51428,Vitoria Comercio LTDA,Industria,Interior Sul,Simone Klein,Pano Multiuso - Caixa 24,Acessorios,VENDA,3,3.02,99.18,38.91,50.31,2.24,15.09,7.72
2025-09-23,2025-09,51429,Trevo Comercio ME,Clinica,Regiao Metropolitana,Tarcisio Bueno,Desinfetante Lavanda 5L - Fardo 6,Quimicos,VENDA,3,2.54,165.04,92.37,40.9,3.82,12.27,27.95
2025-09-23,2025-09,51430,Serrano Servicos LTDA ME,Mercado,Interior Norte,Simone Klein,Bobina Papel Toalha 200m - Caixa 24,Papel,VENDA,2,0.3,136.74,98.76,6.97,4.79,6.97,26.22
2025-09-25,2025-09,51437,Vitoria Distribuidora LTDA ME,Hotel,Interior Sul,Tarcisio Bueno,Papel Toalha Interfolha 1000f - Pacote 100,Papel,VENDA,5,2.67,416.07,288.65,36.96,10.93,11.09,79.53
2025-09-25,2025-09,51438,TREVO ALIMENTOS S/A,Mercado,Interior Norte,Rogerio Antunes,papel higienico rolao 300m - fardo 6,Papel,VENDA,1,1.1,99.76,61.36,22.12,2.53,6.64,13.75
2025-09-25,2025-09,51440,Querencia Alimentos LTDA,Mercado,Interior Norte,Simone Klein,Prato Descartavel 15cm - Caixa 24,Descartaveis,VENDA,2,3.08,42.66,38.74,4.5,1.49,4.5,-2.07
2025-09-25,2025-09,51442,Vitoria Comercio LTDA,Industria,Interior Sul,Simone Klein,Saco Lixo 100L - Pacote 100,Descartaveis,VENDA,2,1.33,39.61,31.84,5.58,1.25,1.67,0.94
2025-09-25,2025-09,51442,Vitoria Comercio LTDA,Industria,Interior Sul,Simone Klein,Guardanapo 24x24,Papel,VENDA,2,3.98,129.81,87.74,18.3,4.1,5.49,19.68
2025-09-26,2025-09,51450,Nortao Alimentos S/A,Escola,Interior Norte,Simone Klein,Desinfetante Lavanda 5L,Quimicos,VENDA,2,1.07,66.12,40.42,7.91,2.12,2.37,15.67
2025-09-27,2025-09,51451,BOREAL SERVICOS LTDA ME,Escola,Regiao Metropolitana,Tarcisio Bueno,Saco Lixo 100L,Descartaveis,VENDA,3,7.32,85.02,80.73,6.59,2.38,6.59,-4.68
2025-09-29,2025-09,51455,Luminar Alimentos S/A,Restaurante,Interior Sul,Rogerio Antunes,Marmitex Aluminio 800ml - Caixa 24,Descartaveis,VENDA,2,3.48,57.57,20.96,49.39,0.69,14.82,-13.47
2025-09-30,2025-09,51462,Querencia Empreendimentos LTDA,Clinica,Interior Sul,Simone Klein,Papel Toalha Interfolha 1000f - Pacote 100,Papel,VENDA,1,8.45,92.5,57.73,27.29,2.57,8.19,4.91
2025-10-01,2025-10,51466,Serrano Servicos LTDA ME,Mercado,Interior Norte,Simone Klein,Rodo 40cm - Pacote 100,Acessorios,VENDA,2,1.04,93.42,55.7,8.28,3.27,8.28,26.17
2025-10-01,2025-10,51468,Querencia Participacoes EIRELI,Mercado,Regiao Metropolitana,Tarcisio Bueno,Oculos Protecao - Fardo 6,EPI,VENDA,1,0.98,12.32,7.71,1.84,0.34,1.84,2.43
2025-10-02,2025-10,51473,Xavante Distribuidora LTDA ME,Clinica,Interior Sul,Rogerio Antunes,Desengordurante 5L - Pacote 100,Quimicos,VENDA,3,3.52,63.72,37.11,13.55,1.63,4.07,11.43
2025-10-02,2025-10,51477,Pampa Alimentos ME,Padaria,Regiao Metropolitana,Rogerio Antunes,PRATO DESCARTAVEL 15CM - PACOTE 100,Descartaveis,VENDA,1,4.4,35.9,33.04,1.52,1.08,1.52,0.26
2025-10-03,2025-10,51482,Xavante Servicos EIRELI,Padaria,Litoral,Rogerio Antunes,papel higienico folha dupla 30m - fardo 12,Papel,VENDA,10,6.32,664.1,510.4,54.1,19.92,54.1,79.68
2025-10-03,2025-10,51486,Horizonte Distribuidora S/A,Condominio,Regiao Metropolitana,Rogerio Antunes,removedor 1l - pacote 100,Quimicos,VENDA,5,2.89,145.01,88.5,21.17,3.91,6.36,31.43
2025-10-03,2025-10,51487,Oriente Participacoes LTDA,Clinica,Regiao Metropolitana,Simone Klein,PAPEL HIGIENICO ROLAO 300M,Papel,VENDA,1,4.1,23.43,12.54,9.6,0.58,2.88,0.71
2025-10-04,2025-10,51489,Pampa Alimentos ME,Padaria,Regiao Metropolitana,Rogerio Antunes,Prato Descartavel 15cm,Descartaveis,VENDA,1,11.94,28.03,28.01,2.23,0.84,2.23,-3.05
2025-10-06,2025-10,51492,Uniao Servicos S/A,Condominio,Litoral,Rogerio Antunes,Talher Descartavel Misto - Caixa 24,Descartaveis,VENDA,5,16.47,148.7,156.65,24.81,4.46,24.81,-37.22
2025-10-06,2025-10,51494,BOREAL SERVICOS LTDA ME,Escola,Regiao Metropolitana,Tarcisio Bueno,Bobina Papel Toalha 200m,Papel,VENDA,10,0.22,487.9,352.1,38.62,13.66,38.62,83.52
2025-10-07,2025-10,51507,Aurora Alimentos S/A,Escola,Litoral,Simone Klein,Papel Higienico Folha Dupla 30m - Fardo 12,Papel,VENDA,3,6.73,100.02,55.44,40.28,2.51,12.08,1.79
2025-10-08,2025-10,51510,Oriente Participacoes LTDA,Clinica,Regiao Metropolitana,Simone Klein,Bobina Papel Toalha 200m - Fardo 6,Papel,VENDA,3,1.73,82.95,60.78,5.68,2.9,5.68,13.59
2025-10-09,2025-10,51516,Horizonte Distribuidora S/A,Condominio,Regiao Metropolitana,Rogerio Antunes,Papel Toalha Interfolha 1000f,Papel,VENDA,3,4.23,92.64,62.76,13.07,2.5,3.92,14.31
2025-10-11,2025-10,51528,Querencia Participacoes EIRELI,Mercado,Regiao Metropolitana,Tarcisio Bueno,Copo Descartavel 50ml,Descartaveis,VENDA,1,15.97,40.71,32.55,13.75,0.87,4.12,-6.46
2025-10-13,2025-10,51534,Querencia Participacoes EIRELI,Mercado,Regiao Metropolitana,Tarcisio Bueno,Limpa Vidros 500ml,Quimicos,VENDA,2,2.62,62.51,36.36,12.65,1.5,3.8,12.0
2025-10-14,2025-10,51535,BOREAL SERVICOS LTDA ME,Escola,Regiao Metropolitana,Tarcisio Bueno,Copo Descartavel 200ml - Fardo 12,Descartaveis,VENDA,2,0.99,91.08,62.8,29.18,1.98,8.76,-2.88
2025-10-14,2025-10,51539,Horizonte Negocios LTDA ME,Mercado,Litoral,Simone Klein,Papel Toalha Interfolha 1000f - Pacote 100,Papel,VENDA,1,1.99,78.58,57.73,17.73,2.75,17.73,0.37
2025-10-14,2025-10,51539,Horizonte Negocios LTDA ME,Mercado,Litoral,Simone Klein,Saco Lixo 100L,Descartaveis,VENDA,5,4.2,146.5,134.55,33.06,5.13,33.06,-26.24
2025-10-16,2025-10,51553,Querencia Participacoes EIRELI,Mercado,Regiao Metropolitana,Tarcisio Bueno,Copo Descartavel 200ml,Descartaveis,VENDA,10,11.26,301.1,298.6,46.75,8.43,46.75,-52.68
2025-10-16,2025-10,51553,Querencia Participacoes EIRELI,Mercado,Regiao Metropolitana,Tarcisio Bueno,Bobina Papel Toalha 200m - Fardo 6,Papel,VENDA,1,6.26,26.38,20.26,4.1,0.74,4.1,1.28
2025-10-17,2025-10,51557,Serrano Servicos LTDA ME,Mercado,Interior Norte,Simone Klein,Vassoura Nylon - Pacote 100,Acessorios,VENDA,3,2.33,90.21,45.48,21.35,2.63,6.41,20.75
2025-10-21,2025-10,51571,Horizonte Negocios LTDA ME,Mercado,Litoral,Simone Klein,Papel Toalha Rolo 100f - Pacote 100,Papel,VENDA,3,3.43,248.78,164.67,39.88,7.73,11.96,36.5
2025-10-22,2025-10,51575,BOREAL SERVICOS LTDA ME,Escola,Regiao Metropolitana,Tarcisio Bueno,Detergente Neutro 5L,Quimicos,VENDA,20,11.43,891.4,664.2,40.14,24.96,40.14,162.1
2025-10-22,2025-10,51579,Horizonte Distribuidora S/A,Condominio,Regiao Metropolitana,Rogerio Antunes,Alvejante 5L - Fardo 12,Quimicos,VENDA,3,3.86,94.32,64.74,8.15,2.83,8.15,18.6
2025-10-22,2025-10,51581,Boreal Negocios ME,Padaria,Interior Norte,Rogerio Antunes,Avental PVC - Pacote 100,EPI,VENDA,10,0.26,107.6,66.9,4.01,3.23,4.01,33.46
2025-10-23,2025-10,51586,BOREAL SERVICOS LTDA ME,Escola,Regiao Metropolitana,Tarcisio Bueno,Papel Toalha Rolo 100f - Fardo 6,Papel,VENDA,5,7.06,450.46,324.9,44.36,11.74,13.3,69.46
2025-10-24,2025-10,51591,Xavante Industria EIRELI,Escola,Regiao Metropolitana,Tarcisio Bueno,Copo Descartavel 50ml - Pacote 100,Descartaveis,VENDA,1,3.89,16.84,12.87,3.98,0.39,1.19,-0.4
2025-10-25,2025-10,51598,Luminar Alimentos S/A,Restaurante,Interior Sul,Rogerio Antunes,Saco Lixo 30L - Fardo 6,Descartaveis,VENDA,1,1.69,28.48,25.49,0.69,0.85,0.69,1.45
2025-10-27,2025-10,51602,Trevo Comercio LTDA,Restaurante,Interior Norte,Simone Klein,BORRIFADOR 500ML - FARDO 12,Acessorios,VENDA,1,4.6,58.55,28.72,17.3,1.63,5.19,10.9
2025-10-27,2025-10,51603,TREVO ALIMENTOS S/A,Mercado,Interior Norte,Rogerio Antunes,Cera Liquida Incolor 5L - Fardo 6,Quimicos,VENDA,10,2.34,368.56,237.3,24.95,10.53,7.49,95.78
2025-10-27,2025-10,51605,Pampa Alimentos ME,Padaria,Regiao Metropolitana,Rogerio Antunes,Sabao Liquido 5L - Fardo 12,Quimicos,VENDA,1,0.95,19.54,10.41,5.6,0.47,1.68,3.06
2025-10-27,2025-10,51605,Pampa Alimentos ME,Padaria,Regiao Metropolitana,Rogerio Antunes,Copo Descartavel 50ml - Pacote 100,Descartaveis,VENDA,2,0.35,67.98,48.0,19.49,1.63,5.85,-1.14
2025-10-28,2025-10,51608,Querencia Participacoes EIRELI,Mercado,Regiao Metropolitana,Tarcisio Bueno,Bobina Papel Toalha 200m - Caixa 24,Papel,VENDA,3,8.52,188.22,148.14,12.0,5.27,12.0,22.81
2025-10-28,2025-10,51610,Estrela Servicos ME,Hotel,Interior Sul,Tarcisio Bueno,saco lixo 100l - fardo 12,Descartaveis,VENDA,5,14.54,162.75,147.6,27.72,4.01,8.32,-16.58
2025-10-29,2025-10,51617,Trevo Empreendimentos LTDA,Padaria,Interior Norte,Rogerio Antunes,Papel Toalha Rolo 100f - Fardo 6,Papel,VENDA,5,7.66,416.7,324.9,63.2,12.5,63.2,16.1
2025-10-29,2025-10,51620,Oriente Negocios LTDA ME,Industria,Litoral,Rogerio Antunes,sabao liquido 5l - pacote 100,Quimicos,VENDA,5,0.46,172.7,114.5,16.92,5.18,16.92,36.1
2025-10-29,2025-10,51622,Horizonte Distribuidora S/A,Condominio,Regiao Metropolitana,Rogerio Antunes,Pano Multiuso - Caixa 24,Acessorios,VENDA,10,2.89,213.4,129.7,12.63,6.4,12.63,64.67
2025-10-29,2025-10,51622,Horizonte Distribuidora S/A,Condominio,Regiao Metropolitana,Rogerio Antunes,Alcool 70 1L - Caixa 24,Quimicos,VENDA,10,0.24,188.1,124.5,11.13,5.64,11.13,46.83
2025-10-29,2025-10,51623,Trevo Comercio ME,Clinica,Regiao Metropolitana,Tarcisio Bueno,Saco Lixo 60L - Fardo 6,Descartaveis,VENDA,3,6.14,34.43,25.17,10.87,0.75,3.26,-2.36
2025-10-30,2025-10,51626,Serrano Servicos LTDA ME,Mercado,Interior Norte,Simone Klein,Saco Lixo 100L - Fardo 6,Descartaveis,VENDA,3,10.84,75.06,74.07,9.27,2.63,9.27,-10.91
2025-10-30,2025-10,51628,Trevo Alimentos EIRELI,Condominio,Interior Norte,Simone Klein,Desinfetante Lavanda 5L - Pacote 100,Quimicos,VENDA,2,5.3,107.5,74.92,15.28,3.76,15.28,13.54
2025-10-30,2025-10,51628,Trevo Alimentos EIRELI,Condominio,Interior Norte,Simone Klein,saco lixo 30l - fardo 6,Descartaveis,VENDA,3,3.52,42.48,38.76,6.04,1.49,6.04,-3.81
2025-10-31,2025-10,51637,Luminar Alimentos S/A,Restaurante,Interior Sul,Rogerio Antunes,REMOVEDOR 1L - CAIXA 24,Quimicos,VENDA,1,1.93,18.78,10.07,5.45,0.45,1.64,2.81
2025-10-31,2025-10,51637,Luminar Alimentos S/A,Restaurante,Interior Sul,Rogerio Antunes,Oculos Protecao - Fardo 6,EPI,VENDA,1,2.15,15.27,7.71,4.43,0.37,1.33,2.76
2025-11-03,2025-11,51643,Horizonte Industria S/A,Escola,Interior Norte,Rogerio Antunes,saco lixo 30l - fardo 6,Descartaveis,VENDA,3,6.13,57.93,38.76,23.7,1.24,7.11,-5.77
2025-11-03,2025-11,51650,Nortao Alimentos S/A,Escola,Interior Norte,Simone Klein,Sabao Liquido 5L,Quimicos,VENDA,1,2.73,57.92,33.68,11.83,1.74,3.55,10.67
2025-11-04,2025-11,51653,Luminar Alimentos S/A,Restaurante,Interior Sul,Rogerio Antunes,Rodo 40cm - Caixa 24,Acessorios,VENDA,1,0.02,12.14,7.16,0.76,0.36,0.76,3.86
2025-11-05,2025-11,51654,Zenite Industria LTDA,Mercado,Litoral,Simone Klein,Esponja Dupla Face - Fardo 6,Acessorios,VENDA,2,1.32,73.91,39.42,11.38,2.31,3.41,20.8
2025-11-06,2025-11,51658,Rio Claro Servicos S/A,Industria,Interior Norte,Rogerio Antunes,Bobina Papel Toalha 200m - Fardo 6,Papel,VENDA,1,4.18,29.53,20.26,3.67,0.81,1.1,4.79
2025-11-06,2025-11,51658,Rio Claro Servicos S/A,Industria,Interior Norte,Rogerio Antunes,Luva Latex - Caixa 24,EPI,VENDA,5,1.47,34.06,19.55,4.23,0.93,1.27,9.35
2025-11-06,2025-11,51659,Boreal Negocios ME,Padaria,Interior Norte,Rogerio Antunes,Papel Toalha Interfolha 1000f - Caixa 24,Papel,VENDA,3,3.98,200.22,150.15,15.78,6.01,15.78,28.28
2025-11-07,2025-11,51663,BOREAL SERVICOS LTDA ME,Escola,Regiao Metropolitana,Tarcisio Bueno,Esponja Dupla Face - Caixa 24,Acessorios,VENDA,5,3.72,236.4,133.7,26.07,6.11,7.82,70.52
2025-11-07,2025-11,51665,Uniao Negocios LTDA,Hotel,Interior Norte,Rogerio Antunes,Alvejante 5L - Fardo 6,Quimicos,VENDA,3,2.61,69.9,47.37,3.02,2.1,3.02,17.41
2025-11-10,2025-11,51670,Pampa Alimentos ME,Padaria,Regiao Metropolitana,Rogerio Antunes,Limpador Multiuso 5L - Fardo 6,Quimicos,VENDA,2,0.63,127.36,67.82,36.06,3.06,10.82,20.42
2025-11-11,2025-11,51677,Estrela Servicos LTDA,Escola,Litoral,Tarcisio Bueno,Bobina Papel Toalha 200m,Papel,VENDA,2,4.29,111.2,70.42,25.14,2.62,7.54,13.02
2025-11-11,2025-11,51679,Jangada Empreendimentos ME,Condominio,Litoral,Rogerio Antunes,Desengordurante 5L,Quimicos,VENDA,1,2.25,59.63,33.93,13.39,1.51,4.01,10.8
2025-11-12,2025-11,51684,Trevo Alimentos EIRELI,Condominio,Interior Norte,Simone Klein,Saco Lixo 30L - Fardo 6,Descartaveis,VENDA,50,7.54,1339.5,1274.5,60.38,46.88,60.38,-42.26
2025-11-12,2025-11,51684,Trevo Alimentos EIRELI,Condominio,Interior Norte,Simone Klein,Vassoura Nylon - Caixa 24,Acessorios,VENDA,2,0.83,86.06,51.2,3.88,3.01,3.88,27.97
2025-11-12,2025-11,51689,Pampa Alimentos ME,Padaria,Regiao Metropolitana,Rogerio Antunes,Marmitex Aluminio 800ml - Caixa 24,Descartaveis,VENDA,1,8.3,12.89,10.48,2.81,0.33,0.84,-0.73
2025-11-14,2025-11,51701,Vitoria Distribuidora LTDA ME,Hotel,Interior Sul,Tarcisio Bueno,removedor 1l,Quimicos,VENDA,1,2.36,57.23,38.68,6.13,1.6,6.13,10.82
2025-11-14,2025-11,51701,Vitoria Distribuidora LTDA ME,Hotel,Interior Sul,Tarcisio Bueno,Vassoura Nylon - Fardo 12,Acessorios,VENDA,3,2.35,127.8,77.22,13.69,3.58,13.69,33.31
2025-11-14,2025-11,51704,Serrano Alimentos EIRELI,Padaria,Regiao Metropolitana,Simone Klein,Luva Plastica Descartavel - Fardo 12,Descartaveis,VENDA,1,8.02,44.28,36.25,9.13,1.33,2.74,-2.43
2025-11-15,2025-11,51706,Alvorada Servicos LTDA,Hotel,Interior Norte,Rogerio Antunes,AVENTAL PVC - CAIXA 24,EPI,VENDA,2,2.05,49.7,25.32,13.86,1.2,4.16,9.32
2025-11-19,2025-11,51722,Uniao Comercio EIRELI,Escola,Interior Sul,Rogerio Antunes,Limpa Vidros 500ml - Fardo 12,Quimicos,VENDA,1,0.19,58.39,33.24,11.61,1.51,3.48,12.03
2025-11-20,2025-11,51728,Oriente Participacoes LTDA,Clinica,Regiao Metropolitana,Simone Klein,Papel Higienico Rolao 300m - Fardo 12,Papel,VENDA,5,3.9,451.12,311.7,50.17,14.56,15.05,74.69
2025-11-20,2025-11,51730,Oriente Alimentos ME,Padaria,Interior Norte,Tarcisio Bueno,Cera Liquida Incolor 5L - Fardo 6,Quimicos,VENDA,3,2.78,186.43,109.26,36.4,4.51,10.92,36.26
2025-11-22,2025-11,51741,Oriente Negocios LTDA ME,Industria,Litoral,Rogerio Antunes,Cera Liquida Incolor 5L - Fardo 6,Quimicos,VENDA,2,1.15,109.1,72.84,3.92,3.27,3.92,29.07
2025-11-22,2025-11,51741,Oriente Negocios LTDA ME,Industria,Litoral,Rogerio Antunes,Papel Higienico Rolao 300m - Fardo 12,Papel,VENDA,20,7.67,1706.2,1330.6,61.34,51.19,61.34,263.07
2025-11-24,2025-11,51748,Trevo Alimentos EIRELI,Condominio,Interior Norte,Simone Klein,Copo Descartavel 200ml - Pacote 100,Descartaveis,VENDA,2,6.87,95.47,57.8,49.02,2.14,14.71,-13.49
2025-11-25,2025-11,51754,Serrano Servicos LTDA ME,Mercado,Interior Norte,Simone Klein,Alvejante 5L,Quimicos,VENDA,3,1.28,219.33,124.92,46.41,6.54,13.92,41.46
2025-11-25,2025-11,51759,Nortao Alimentos S/A,Escola,Interior Norte,Simone Klein,Papel Higienico Rolao 300m - Fardo 12,Papel,VENDA,5,3.35,418.4,311.7,28.7,14.64,28.7,63.36
2025-11-25,2025-11,51762,UNIAO ALIMENTOS EIRELI,Industria,Litoral,Simone Klein,DESINFETANTE LAVANDA 5L - FARDO 6,Quimicos,VENDA,1,3.82,46.07,27.63,8.3,1.41,2.49,8.73
2025-11-25,2025-11,51762,UNIAO ALIMENTOS EIRELI,Industria,Litoral,Simone Klein,Saco Lixo 100L - Fardo 6,Descartaveis,VENDA,2,8.95,58.48,49.38,10.54,1.79,3.16,-3.23
2025-11-28,2025-11,51773,Horizonte Distribuidora S/A,Condominio,Regiao Metropolitana,Rogerio Antunes,Limpador Multiuso 5L - Fardo 6,Quimicos,VENDA,3,0.06,175.75,101.73,31.0,4.62,9.3,38.4
2025-12-01,2025-12,51785,Estrela Servicos LTDA,Escola,Litoral,Tarcisio Bueno,Vassoura Nylon - Fardo 12,Acessorios,VENDA,20,0.34,869.6,514.8,31.98,24.35,31.98,298.47
2025-12-02,2025-12,51792,Aurora Distribuidora LTDA,Escola,Regiao Metropolitana,Rogerio Antunes,Embalagem Delivery 750ml - Fardo 6,Descartaveis,VENDA,5,6.63,168.95,159.25,17.11,5.07,17.11,-12.48
2025-12-02,2025-12,51792,Aurora Distribuidora LTDA,Escola,Regiao Metropolitana,Rogerio Antunes,Detergente Neutro 5L - Caixa 24,Quimicos,VENDA,3,4.69,137.49,95.22,13.93,4.12,13.93,24.22
2025-12-02,2025-12,51794,Nortao Industria ME,Padaria,Interior Norte,Simone Klein,Guardanapo 24x24,Papel,VENDA,1,8.18,55.95,43.87,3.59,1.96,3.59,6.53
2025-12-03,2025-12,51803,Querencia Distribuidora LTDA ME,Padaria,Interior Norte,Rogerio Antunes,Alcool 70 1L - Caixa 24,Quimicos,VENDA,1,1.54,22.23,12.45,5.23,0.56,1.57,3.99
2025-12-08,2025-12,51835,Jangada Empreendimentos ME,Condominio,Litoral,Rogerio Antunes,Alcool 70 1L - Caixa 24,Quimicos,VENDA,5,0.39,119.39,62.25,36.34,2.82,10.9,17.98
2025-12-12,2025-12,51866,Imperial Servicos S/A,Clinica,Regiao Metropolitana,Rogerio Antunes,Marmitex Aluminio 800ml - Caixa 24,Descartaveis,VENDA,2,7.65,82.86,68.7,15.41,2.16,4.63,-3.41
2025-12-12,2025-12,51868,Luminar Alimentos S/A,Restaurante,Interior Sul,Rogerio Antunes,Marmitex Aluminio 800ml,Descartaveis,VENDA,2,13.66,17.26,17.58,1.82,0.52,1.82,-2.66
2025-12-12,2025-12,51871,Nortao Empreendimentos LTDA ME,Padaria,Interior Sul,Tarcisio Bueno,Limpador Multiuso 5L - Fardo 6,Quimicos,VENDA,1,4.11,49.27,33.91,3.45,1.38,3.45,10.53
2025-12-13,2025-12,51878,Luminar Participacoes LTDA,Condominio,Litoral,Simone Klein,Alvejante 5L - Caixa 24,Quimicos,VENDA,3,0.31,171.27,113.4,8.26,5.99,8.26,43.62
2025-12-13,2025-12,51878,Luminar Participacoes LTDA,Condominio,Litoral,Simone Klein,Limpa Vidros 500ml - Fardo 12,Quimicos,VENDA,20,7.24,934.2,664.8,45.05,32.7,45.05,191.65
2025-12-15,2025-12,51883,Vitoria Distribuidora LTDA ME,Hotel,Interior Sul,Tarcisio Bueno,Luva Latex - Fardo 6,EPI,VENDA,1,2.17,24.72,11.95,8.39,0.53,2.52,3.85
2025-12-16,2025-12,51895,BOREAL SERVICOS LTDA ME,Escola,Regiao Metropolitana,Tarcisio Bueno,papel toalha rolo 100f - fardo 6,Papel,VENDA,1,1.04,42.34,30.81,6.59,1.19,6.59,3.75
2025-12-16,2025-12,51895,BOREAL SERVICOS LTDA ME,Escola,Regiao Metropolitana,Tarcisio Bueno,Copo Descartavel 50ml - Pacote 100,Descartaveis,VENDA,20,4.08,280.4,257.4,43.63,7.85,43.63,-28.48
2025-12-16,2025-12,51896,Xavante Servicos EIRELI,Padaria,Litoral,Rogerio Antunes,Saco Lixo 30L - Fardo 6,Descartaveis,VENDA,3,11.94,90.19,76.47,19.51,2.3,5.85,-8.09
2025-12-16,2025-12,51896,Xavante Servicos EIRELI,Padaria,Litoral,Rogerio Antunes,Papel Higienico Rolao 300m - Fardo 12,Papel,VENDA,2,4.07,195.77,124.68,42.36,4.98,12.71,23.75
2025-12-17,2025-12,51902,BOREAL SERVICOS LTDA ME,Escola,Regiao Metropolitana,Tarcisio Bueno,Papel Higienico Folha Dupla 30m,Papel,VENDA,2,2.93,58.17,36.14,13.5,1.36,4.05,7.17
2025-12-18,2025-12,51908,BOREAL SERVICOS LTDA ME,Escola,Regiao Metropolitana,Tarcisio Bueno,Detergente Neutro 5L - Pacote 100,Quimicos,VENDA,5,8.27,110.38,73.8,11.18,2.87,3.35,22.53
2025-12-18,2025-12,51908,BOREAL SERVICOS LTDA ME,Escola,Regiao Metropolitana,Tarcisio Bueno,pano multiuso - caixa 24,Acessorios,VENDA,3,4.86,80.3,46.26,8.14,2.09,2.45,23.81
2025-12-18,2025-12,51909,Serrano Servicos LTDA ME,Mercado,Interior Norte,Simone Klein,LUVA PLASTICA DESCARTAVEL,Descartaveis,VENDA,1,8.86,33.37,32.22,3.17,1.17,3.17,-3.19
2025-12-18,2025-12,51909,Serrano Servicos LTDA ME,Mercado,Interior Norte,Simone Klein,Papel Toalha Rolo 100f - Caixa 24,Papel,VENDA,5,1.35,241.35,176.15,22.95,8.45,22.95,33.8
2025-12-18,2025-12,51910,Querencia Participacoes EIRELI,Mercado,Regiao Metropolitana,Tarcisio Bueno,Oculos Protecao - Fardo 6,EPI,VENDA,2,4.55,61.44,39.9,5.68,1.72,5.68,14.14
2025-12-19,2025-12,51911,Uniao Servicos S/A,Condominio,Litoral,Rogerio Antunes,Luva Plastica Descartavel - Fardo 12,Descartaveis,VENDA,1,12.57,36.01,36.25,4.72,1.08,4.72,-6.04
2025-12-20,2025-12,51921,Oriente Negocios ME,Restaurante,Interior Sul,Rogerio Antunes,Limpador Multiuso 5L - Fardo 6,Quimicos,VENDA,3,3.44,136.38,77.97,31.84,3.42,9.55,23.15
2025-12-20,2025-12,51922,Boreal Empreendimentos LTDA,Industria,Regiao Metropolitana,Tarcisio Bueno,Esponja Dupla Face - Fardo 6,Acessorios,VENDA,10,7.08,310.4,197.1,10.41,8.69,10.41,94.2
2025-12-22,2025-12,51928,BOREAL SERVICOS LTDA ME,Escola,Regiao Metropolitana,Tarcisio Bueno,Detergente Neutro 5L - Caixa 24,Quimicos,VENDA,2,5.6,96.86,63.48,8.66,2.54,2.6,22.18
2025-12-22,2025-12,51929,Uniao Servicos LTDA,Industria,Interior Sul,Tarcisio Bueno,Luva Plastica Descartavel - Pacote 100,Descartaveis,VENDA,5,12.19,84.5,84.7,4.76,2.37,4.76,-7.33
2025-12-22,2025-12,51929,Uniao Servicos LTDA,Industria,Interior Sul,Tarcisio Bueno,Vassoura Nylon - Pacote 100,Acessorios,VENDA,20,0.23,512.6,303.2,28.85,14.35,28.85,166.2
2025-12-24,2025-12,51945,Aurora Negocios EIRELI,Hotel,Regiao Metropolitana,Rogerio Antunes,papel higienico folha dupla 30m - fardo 12,Papel,VENDA,5,4.63,338.05,255.2,23.35,10.14,23.35,49.36
2025-12-24,2025-12,51952,BOREAL SERVICOS LTDA ME,Escola,Regiao Metropolitana,Tarcisio Bueno,Papel Toalha Interfolha 1000f - Caixa 24,Papel,VENDA,5,2.57,338.6,250.25,50.67,9.48,50.67,28.2
2025-12-24,2025-12,51953,BOREAL SERVICOS LTDA ME,Escola,Regiao Metropolitana,Tarcisio Bueno,Papel Toalha Rolo 100f - Caixa 24,Papel,VENDA,20,3.58,943.6,704.6,45.23,26.42,45.23,167.35
2025-12-25,2025-12,51955,Serrano Servicos LTDA ME,Mercado,Interior Norte,Simone Klein,Marmitex Aluminio 800ml - Caixa 24,Descartaveis,VENDA,10,10.24,132.62,104.8,36.74,3.74,11.02,-12.66
2025-12-25,2025-12,51955,Serrano Servicos LTDA ME,Mercado,Interior Norte,Simone Klein,Avental PVC - Fardo 6,EPI,VENDA,1,0.75,8.96,4.51,2.48,0.25,0.74,1.72
2025-12-25,2025-12,51961,Boreal Comercio EIRELI,Mercado,Interior Sul,Simone Klein,Mascara Descartavel,EPI,VENDA,10,2.29,150.4,95.4,2.72,5.26,2.72,47.02
2025-12-25,2025-12,51963,Boreal Empreendimentos LTDA,Industria,Regiao Metropolitana,Tarcisio Bueno,DESINFETANTE LAVANDA 5L - PACOTE 100,Quimicos,VENDA,2,6.81,116.04,82.18,5.46,3.25,5.46,25.15
2025-12-26,2025-12,51975,BOREAL SERVICOS LTDA ME,Escola,Regiao Metropolitana,Tarcisio Bueno,Copo Descartavel 200ml - Fardo 12,Descartaveis,VENDA,3,7.29,85.9,52.53,43.65,1.55,13.1,-11.83
2025-12-31,2025-12,51999,Trevo Empreendimentos LTDA,Padaria,Interior Norte,Rogerio Antunes,DESINFETANTE LAVANDA 5L - PACOTE 100,Quimicos,VENDA,10,7.43,576.3,410.9,49.61,17.29,49.61,98.5
2025-12-31,2025-12,52001,Boreal Participacoes EIRELI,Clinica,Litoral,Rogerio Antunes,Copo Descartavel 50ml,Descartaveis,VENDA,3,15.89,106.92,97.65,19.42,2.8,5.83,-12.95
2025-12-31,2025-12,52002,Boreal Comercio EIRELI,Mercado,Interior Sul,Simone Klein,Cera Liquida Incolor 5L,Quimicos,VENDA,2,2.83,113.99,69.36,16.96,3.57,5.09,24.1
2025-01-07,2025-01,50029,Serrano Servicos LTDA ME,Mercado,Interior Norte,Simone Klein,papel toalha rolo 100f - fardo 6,Papel,VENDA,1,1.5,49.71,30.81,10.8,1.48,3.24,6.62
2025-01-09,2025-01,50042,Imperial Servicos S/A,Clinica,Regiao Metropolitana,Rogerio Antunes,Guardanapo 24x24 - Caixa 24,Papel,VENDA,3,1.95,217.84,137.91,42.91,5.63,12.87,31.39
2025-01-10,2025-01,50051,Aurora Industria LTDA,Clinica,Regiao Metropolitana,Tarcisio Bueno,Mop Umido,Acessorios,VENDA,2,2.9,92.68,48.22,19.04,2.22,5.72,23.2
2025-01-10,2025-01,50054,Trevo Comercio LTDA,Restaurante,Interior Norte,Simone Klein,Bobina Papel Toalha 200m - Fardo 6,Papel,VENDA,3,7.28,78.27,60.78,5.51,2.74,5.51,9.24
2025-01-13,2025-01,50058,Horizonte Distribuidora S/A,Condominio,Regiao Metropolitana,Rogerio Antunes,saco lixo 30l - fardo 6,Descartaveis,VENDA,1,2.24,22.56,12.92,11.73,0.43,3.52,-2.52
2025-01-14,2025-01,50069,Querencia Empreendimentos LTDA,Clinica,Interior Sul,Simone Klein,Marmitex Aluminio 800ml,Descartaveis,VENDA,2,16.37,16.7,17.58,1.17,0.58,1.17,-2.63
2025-01-15,2025-01,50077,Xavante Negocios ME,Hotel,Regiao Metropolitana,Simone Klein,Marmitex Aluminio 800ml - Caixa 24,Descartaveis,VENDA,1,4.73,37.18,34.35,1.07,1.3,1.07,0.46
2025-01-15,2025-01,50077,Xavante Negocios ME,Hotel,Regiao Metropolitana,Simone Klein,Talher Descartavel Misto - Fardo 6,Descartaveis,VENDA,3,10.64,110.55,108.87,3.19,3.87,3.19,-5.38
2025-01-17,2025-01,50084,Serrano Alimentos EIRELI,Padaria,Regiao Metropolitana,Simone Klein,Embalagem Delivery 750ml - Fardo 6,Descartaveis,VENDA,1,0.26,20.15,15.59,3.55,0.62,1.07,0.39
2025-01-17,2025-01,50084,Serrano Alimentos EIRELI,Padaria,Regiao Metropolitana,Simone Klein,Marmitex Aluminio 800ml,Descartaveis,VENDA,1,3.68,10.97,8.79,1.93,0.34,0.58,-0.09
2025-01-18,2025-01,50089,Boreal Negocios ME,Padaria,Interior Norte,Rogerio Antunes,REMOVEDOR 1L - CAIXA 24,Quimicos,VENDA,1,3.27,14.76,10.07,1.03,0.44,1.03,3.22
2025-01-20,2025-01,50096,Querencia Participacoes EIRELI,Mercado,Regiao Metropolitana,Tarcisio Bueno,Saco Lixo 100L - Fardo 6,Descartaveis,VENDA,3,5.23,112.17,74.07,46.29,2.23,13.89,-10.42
2025-01-21,2025-01,50100,Aurora Distribuidora LTDA ME,Clinica,Litoral,Simone Klein,Guardanapo 24x24,Papel,VENDA,20,2.79,1184.6,877.4,64.65,41.46,64.65,201.09
2025-01-21,2025-01,50106,Serrano Servicos LTDA ME,Mercado,Interior Norte,Simone Klein,Bota PVC - Caixa 24,EPI,VENDA,10,0.13,68.6,42.6,2.91,2.4,2.91,20.69
2025-01-24,2025-01,50129,Boreal Comercio EIRELI,Mercado,Interior Sul,Simone Klein,DETERGENTE NEUTRO 5L - PACOTE 100,Quimicos,VENDA,10,1.86,185.71,109.6,32.45,5.71,9.74,37.96
2025-01-27,2025-01,50138,Boreal Comercio EIRELI,Mercado,Interior Sul,Simone Klein,Borrifador 500ml - Fardo 12,Acessorios,VENDA,1,2.23,22.97,12.21,3.91,0.71,1.17,6.14
2025-01-27,2025-01,50138,Boreal Comercio EIRELI,Mercado,Interior Sul,Simone Klein,Papel Toalha Interfolha 1000f - Caixa 24,Papel,VENDA,5,0.61,392.17,250.25,66.73,12.09,20.01,63.1
2025-01-28,2025-01,50144,Nortao Empreendimentos LTDA ME,Padaria,Interior Sul,Tarcisio Bueno,Bobina Papel Toalha 200m,Papel,VENDA,5,3.34,264.56,176.05,40.3,6.62,12.09,41.59
2025-01-30,2025-01,50152,Aurora Industria LTDA,Clinica,Regiao Metropolitana,Tarcisio Bueno,Balde 20L - Pacote 100,Acessorios,VENDA,2,3.45,62.96,38.48,8.66,1.76,8.66,14.06
2025-01-30,2025-01,50152,Aurora Industria LTDA,Clinica,Regiao Metropolitana,Tarcisio Bueno,DESINFETANTE LAVANDA 5L - PACOTE 100,Quimicos,VENDA,2,1.95,122.1,82.18,16.8,3.42,16.8,19.7
2025-01-30,2025-01,50153,Querencia Distribuidora LTDA ME,Padaria,Interior Norte,Rogerio Antunes,Vassoura Nylon - Caixa 24,Acessorios,VENDA,1,0.23,59.56,25.6,23.24,1.3,6.97,9.42
2025-01-30,2025-01,50159,Luminar Alimentos S/A,Restaurante,Interior Sul,Rogerio Antunes,Copo Descartavel 50ml - Fardo 6,Descartaveis,VENDA,5,6.93,158.42,132.25,26.46,4.2,7.94,-4.49
2025-02-01,2025-02,50173,Pampa Alimentos ME,Padaria,Regiao Metropolitana,Rogerio Antunes,PAPEL HIGIENICO ROLAO 300M,Papel,VENDA,2,5.55,32.9,25.08,2.24,0.99,2.24,4.59
2025-02-03,2025-02,50177,Serrano Alimentos EIRELI,Padaria,Regiao Metropolitana,Simone Klein,Esponja Dupla Face - Caixa 24,Acessorios,VENDA,5,0.81,170.93,86.35,36.83,5.08,11.05,42.67
2025-02-04,2025-02,50184,Central Negocios LTDA ME,Clinica,Interior Sul,Simone Klein,SABAO LIQUIDO 5L - FARDO 6,Quimicos,VENDA,1,0.58,52.35,28.01,14.51,1.48,4.35,8.35
2025-02-04,2025-02,50184,Central Negocios LTDA ME,Clinica,Interior Sul,Simone Klein,DESINFETANTE LAVANDA 5L - PACOTE 100,Quimicos,VENDA,1,3.42,74.61,41.09,20.68,2.1,6.2,10.74
2025-02-04,2025-02,50185,Serrano Servicos LTDA ME,Mercado,Interior Norte,Simone Klein,Guardanapo 24x24 - Caixa 24,Papel,VENDA,20,5.71,1204.0,919.4,48.5,42.14,48.5,193.96
2025-02-04,2025-02,50186,Serrano Servicos LTDA ME,Mercado,Interior Norte,Simone Klein,BOBINA PAPEL TOALHA 200M - PACOTE 100,Papel,VENDA,5,1.85,171.8,109.25,32.65,5.21,9.8,24.69
2025-02-04,2025-02,50189,Jangada Comercio ME,Padaria,Regiao Metropolitana,Simone Klein,MASCARA DESCARTAVEL - CAIXA 24,EPI,VENDA,2,0.92,51.72,26.44,13.55,1.48,4.07,10.25
2025-02-06,2025-02,50197,Imperial Empreendimentos EIRELI,Padaria,Litoral,Rogerio Antunes,DESINFETANTE LAVANDA 5L - FARDO 6,Quimicos,VENDA,10,0.17,417.9,276.3,18.98,12.54,18.98,110.08
2025-02-07,2025-02,50206,Imperial Servicos EIRELI,Condominio,Interior Norte,Rogerio Antunes,borrifador 500ml - fardo 6,Acessorios,VENDA,3,0.02,95.16,56.16,10.31,2.85,10.31,25.84
2025-02-08,2025-02,50210,Rio Claro Servicos EIRELI,Mercado,Interior Norte,Tarcisio Bueno,Papel Toalha Interfolha 1000f,Papel,VENDA,3,9.98,85.59,62.76,10.15,2.2,3.04,10.48
2025-02-10,2025-02,50215,Oriente Alimentos ME,Padaria,Interior Norte,Tarcisio Bueno,Papel Toalha Rolo 100f - Caixa 24,Papel,VENDA,2,8.28,114.36,70.46,35.15,2.51,10.55,6.24
2025-02-12,2025-02,50228,UNIAO ALIMENTOS LTDA ME,Restaurante,Litoral,Simone Klein,Limpador Multiuso 5L - Fardo 6,Quimicos,VENDA,2,2.02,77.16,51.98,11.38,2.7,11.38,11.1
2025-02-14,2025-02,50241,Pampa Alimentos ME,Padaria,Regiao Metropolitana,Rogerio Antunes,sabao liquido 5l - pacote 100,Quimicos,VENDA,2,3.71,74.37,45.8,10.78,2.0,3.23,15.79
2025-02-14,2025-02,50241,Pampa Alimentos ME,Padaria,Regiao Metropolitana,Rogerio Antunes,Alvejante 5L - Caixa 24,Quimicos,VENDA,1,6.97,59.3,37.8,8.59,1.6,2.57,11.31
2025-02-17,2025-02,50243,Horizonte Distribuidora S/A,Condominio,Regiao Metropolitana,Rogerio Antunes,Talher Descartavel Misto - Caixa 24,Descartaveis,VENDA,20,14.05,612.0,626.6,44.27,18.36,44.27,-77.23
2025-02-17,2025-02,50243,Horizonte Distribuidora S/A,Condominio,Regiao Metropolitana,Rogerio Antunes,mop umido - fardo 6,Acessorios,VENDA,10,2.78,333.4,202.3,24.12,10.0,24.12,96.98
2025-02-17,2025-02,50248,Horizonte Distribuidora S/A,Condominio,Regiao Metropolitana,Rogerio Antunes,Papel Higienico Folha Dupla 30m - Fardo 12,Papel,VENDA,1,3.11,95.23,50.46,39.05,2.04,11.72,3.68
2025-02-18,2025-02,50252,BOREAL SERVICOS LTDA ME,Escola,Regiao Metropolitana,Tarcisio Bueno,Copo Descartavel 50ml,Descartaveis,VENDA,10,7.18,370.03,325.5,38.18,9.61,11.45,-3.26
2025-02-18,2025-02,50256,BOREAL SERVICOS LTDA ME,Escola,Regiao Metropolitana,Tarcisio Bueno,sabao liquido 5l - pacote 100,Quimicos,VENDA,10,1.12,383.54,229.0,57.77,9.61,17.33,87.16
2025-02-20,2025-02,50269,Zenite Empreendimentos ME,Hotel,Litoral,Tarcisio Bueno,Mascara Descartavel,EPI,VENDA,3,0.92,45.75,28.62,6.35,1.28,6.35,9.5
2025-02-20,2025-02,50269,Zenite Empreendimentos ME,Hotel,Litoral,Tarcisio Bueno,Embalagem Delivery 750ml - Fardo 6,Descartaveis,VENDA,3,7.24,49.32,46.77,6.85,1.38,6.85,-5.68
2025-02-20,2025-02,50272,Boreal Participacoes EIRELI,Clinica,Litoral,Rogerio Antunes,Prato Descartavel 15cm - Caixa 24,Descartaveis,VENDA,5,13.28,95.45,96.85,6.94,2.86,6.94,-11.2
2025-02-21,2025-02,50283,Aurora Industria LTDA,Clinica,Regiao Metropolitana,Tarcisio Bueno,Alvejante 5L - Fardo 6,Quimicos,VENDA,1,3.05,35.93,15.79,18.2,0.65,5.46,1.29
2025-02-21,2025-02,50284,Vitoria Distribuidora LTDA ME,Hotel,Interior Sul,Tarcisio Bueno,Saco Lixo 100L - Fardo 6,Descartaveis,VENDA,10,1.14,299.34,246.9,31.33,7.77,9.39,13.34
2025-02-21,2025-02,50286,Trevo Comercio ME,Clinica,Regiao Metropolitana,Tarcisio Bueno,Papel Higienico Folha Dupla 30m,Papel,VENDA,1,4.44,23.99,18.07,0.97,0.67,0.97,4.28
2025-02-22,2025-02,50287,Uniao Servicos LTDA,Industria,Interior Sul,Tarcisio Bueno,Sabao Liquido 5L - Fardo 12,Quimicos,VENDA,1,5.56,14.89,10.41,1.39,0.42,1.39,2.67
2025-02-22,2025-02,50287,Uniao Servicos LTDA,Industria,Interior Sul,Tarcisio Bueno,Desinfetante Lavanda 5L - Fardo 6,Quimicos,VENDA,2,0.43,92.9,61.58,8.67,2.6,8.67,20.05
2025-02-22,2025-02,50288,BOREAL SERVICOS LTDA ME,Escola,Regiao Metropolitana,Tarcisio Bueno,Alvejante 5L - Caixa 24,Quimicos,VENDA,2,6.87,116.35,75.6,13.82,2.99,4.15,23.94
2025-02-24,2025-02,50291,BOREAL SERVICOS LTDA ME,Escola,Regiao Metropolitana,Tarcisio Bueno,papel higienico rolao 300m - fardo 6,Papel,VENDA,1,8.43,86.77,61.36,12.47,2.19,3.74,10.75
2025-02-24,2025-02,50291,BOREAL SERVICOS LTDA ME,Escola,Regiao Metropolitana,Tarcisio Bueno,Copo Descartavel 50ml - Pacote 100,Descartaveis,VENDA,2,1.7,59.62,48.0,8.57,1.5,2.57,1.55
2025-02-24,2025-02,50292,BOREAL SERVICOS LTDA ME,Escola,Regiao Metropolitana,Tarcisio Bueno,saco lixo 100l - fardo 12,Descartaveis,VENDA,2,3.28,64.9,59.04,5.92,1.82,5.92,-1.88
2025-02-26,2025-02,50307,Imperial Servicos EIRELI,Condominio,Interior Norte,Rogerio Antunes,SABAO LIQUIDO 5L - FARDO 6,Quimicos,VENDA,5,3.82,228.44,140.05,34.78,6.12,10.44,47.49
2025-03-01,2025-03,50325,Zenite Empreendimentos ME,Hotel,Litoral,Tarcisio Bueno,Escova Sanitaria - Fardo 12,Acessorios,VENDA,2,2.52,56.48,28.96,12.34,1.34,3.7,13.84
2025-03-03,2025-03,50328,BANDEIRANTE NEGOCIOS S/A,Condominio,Interior Sul,Simone Klein,Saco Lixo 60L - Fardo 6,Descartaveis,VENDA,3,9.93,25.74,25.17,3.47,0.9,3.47,-3.8
2025-03-03,2025-03,50332,Boreal Comercio EIRELI,Mercado,Interior Sul,Simone Klein,Bobina Papel Toalha 200m - Fardo 6,Papel,VENDA,3,2.07,93.04,60.78,14.81,2.89,4.45,14.56
2025-03-03,2025-03,50333,Trevo Empreendimentos LTDA,Padaria,Interior Norte,Rogerio Antunes,Mascara Descartavel - Fardo 12,EPI,VENDA,3,5.24,53.64,35.1,4.8,1.61,4.8,12.13
2025-03-04,2025-03,50337,UNIAO ALIMENTOS LTDA ME,Restaurante,Litoral,Simone Klein,Marmitex Aluminio 800ml - Pacote 100,Descartaveis,VENDA,5,4.56,163.17,138.65,18.31,5.26,5.49,0.95
2025-03-04,2025-03,50340,Serrano Servicos LTDA ME,Mercado,Interior Norte,Simone Klein,Bobina Papel Toalha 200m,Papel,VENDA,10,4.08,469.0,352.1,37.25,16.42,37.25,63.23
2025-03-05,2025-03,50344,Luminar Participacoes LTDA,Condominio,Litoral,Simone Klein,Oculos Protecao - Fardo 6,EPI,VENDA,3,1.91,44.48,23.13,11.26,1.28,3.38,8.81
2025-03-05,2025-03,50345,Pampa Alimentos ME,Padaria,Regiao Metropolitana,Rogerio Antunes,Bobina Papel Toalha 200m - Fardo 6,Papel,VENDA,5,9.69,127.05,101.3,16.78,3.81,16.78,5.16
2025-03-05,2025-03,50347,Nortao Alimentos S/A,Escola,Interior Norte,Simone Klein,Borrifador 500ml,Acessorios,VENDA,3,1.47,103.05,61.71,2.0,3.61,2.0,35.73
2025-03-05,2025-03,50353,Serrano Servicos LTDA ME,Mercado,Interior Norte,Simone Klein,PAPEL HIGIENICO ROLAO 300M,Papel,VENDA,2,0.12,34.8,25.08,4.54,1.22,4.54,3.96
2025-03-07,2025-03,50372,Boreal Participacoes EIRELI,Clinica,Litoral,Rogerio Antunes,Embalagem Delivery 750ml - Fardo 6,Descartaveis,VENDA,20,14.47,330.96,311.8,39.65,9.1,11.89,-29.59
2025-03-07,2025-03,50374,Imperial Servicos S/A,Clinica,Regiao Metropolitana,Rogerio Antunes,Prato Descartavel 15cm - Caixa 24,Descartaveis,VENDA,1,13.55,20.46,19.37,2.05,0.57,0.62,-1.53
2025-03-10,2025-03,50384,Luminar Participacoes LTDA,Condominio,Litoral,Simone Klein,Papel Higienico Folha Dupla 30m,Papel,VENDA,5,2.56,122.3,90.35,12.59,4.28,12.59,15.08
2025-03-10,2025-03,50384,Luminar Participacoes LTDA,Condominio,Litoral,Simone Klein,Papel Higienico Folha Dupla 30m,Papel,VENDA,5,3.92,120.6,90.35,12.42,4.22,12.42,13.61
2025-03-11,2025-03,50393,Pampa Alimentos ME,Padaria,Regiao Metropolitana,Rogerio Antunes,BOTA PVC - FARDO 6,EPI,VENDA,1,4.36,9.68,4.41,4.12,0.2,1.24,0.95
2025-03-12,2025-03,50407,Estrela Servicos LTDA,Escola,Litoral,Tarcisio Bueno,Papel Toalha Interfolha 1000f - Caixa 24,Papel,VENDA,3,9.39,216.73,150.15,39.7,5.29,11.91,21.59
2025-03-13,2025-03,50422,Boreal Negocios ME,Padaria,Interior Norte,Rogerio Antunes,Sabao Liquido 5L,Quimicos,VENDA,2,0.27,120.92,67.36,27.35,3.05,8.21,23.16
2025-03-14,2025-03,50425,Querencia Participacoes EIRELI,Mercado,Regiao Metropolitana,Tarcisio Bueno,Copo Descartavel 200ml,Descartaveis,VENDA,2,4.41,64.86,59.72,6.43,1.82,6.43,-3.11
2025-03-14,2025-03,50430,Querencia Participacoes EIRELI,Mercado,Regiao Metropolitana,Tarcisio Bueno,Papel Higienico Folha Dupla 30m,Papel,VENDA,3,3.77,72.45,54.21,5.57,2.03,5.57,10.64
2025-03-14,2025-03,50430,Querencia Participacoes EIRELI,Mercado,Regiao Metropolitana,Tarcisio Bueno,Guardanapo 24x24 - Caixa 24,Papel,VENDA,20,10.37,1144.6,919.4,88.07,32.05,88.07,105.08
2025-03-14,2025-03,50434,Querencia Participacoes EIRELI,Mercado,Regiao Metropolitana,Tarcisio Bueno,Cera Liquida Incolor 5L - Fardo 6,Quimicos,VENDA,10,7.97,491.1,352.2,13.84,13.75,13.84,111.31
2025-03-14,2025-03,50435,BOREAL SERVICOS LTDA ME,Escola,Regiao Metropolitana,Tarcisio Bueno,Esponja Dupla Face - Caixa 24,Acessorios,VENDA,10,0.57,319.41,172.7,40.59,8.15,12.18,97.97
2025-03-15,2025-03,50438,Serrano Servicos LTDA ME,Mercado,Interior Norte,Simone Klein,Embalagem Delivery 750ml - Fardo 6,Descartaveis,VENDA,1,7.26,47.87,15.59,44.91,0.58,13.47,-13.21
2025-03-18,2025-03,50460,Boreal Industria LTDA,Hotel,Litoral,Tarcisio Bueno,Escova Sanitaria - Caixa 24,Acessorios,VENDA,10,2.73,91.4,48.2,17.0,2.23,5.1,23.97
2025-03-20,2025-03,50469,Querencia Participacoes EIRELI,Mercado,Regiao Metropolitana,Tarcisio Bueno,Saco Lixo 100L,Descartaveis,VENDA,3,2.13,111.68,80.73,31.28,2.51,9.39,-2.84
2025-03-20,2025-03,50473,BOREAL SERVICOS LTDA ME,Escola,Regiao Metropolitana,Tarcisio Bueno,AVENTAL PVC - CAIXA 24,EPI,VENDA,50,2.4,996.5,633.0,113.4,27.9,113.4,222.2
2025-03-20,2025-03,50476,Rio Claro Negocios LTDA,Restaurante,Regiao Metropolitana,Simone Klein,Saco Lixo 30L - Fardo 6,Descartaveis,VENDA,5,4.94,162.49,127.45,35.41,4.82,10.62,-5.19
2025-03-20,2025-03,50478,Imperial Servicos S/A,Clinica,Regiao Metropolitana,Rogerio Antunes,Mascara Descartavel - Fardo 6,EPI,VENDA,3,2.9,41.95,18.93,17.59,0.89,5.28,4.54
2025-03-21,2025-03,50484,BOREAL SERVICOS LTDA ME,Escola,Regiao Metropolitana,Tarcisio Bueno,Guardanapo 24x24,Papel,VENDA,2,3.08,128.62,87.74,15.03,3.31,4.51,22.54
2025-03-21,2025-03,50485,BOREAL SERVICOS LTDA ME,Escola,Regiao Metropolitana,Tarcisio Bueno,Saco Lixo 100L - Fardo 6,Descartaveis,VENDA,3,6.06,93.76,74.07,20.97,2.21,6.29,-3.49
2025-03-21,2025-03,50487,Boreal Empreendimentos LTDA,Industria,Regiao Metropolitana,Tarcisio Bueno,Alcool 70 1L,Quimicos,VENDA,20,9.01,1103.2,800.2,52.16,30.89,52.16,219.95
2025-03-21,2025-03,50488,Luminar Participacoes LTDA,Condominio,Litoral,Simone Klein,Talher Descartavel Misto - Caixa 24,Descartaveis,VENDA,3,4.11,132.05,93.99,42.33,3.58,12.7,-7.85
2025-03-21,2025-03,50491,Vitoria Distribuidora LTDA ME,Hotel,Interior Sul,Tarcisio Bueno,Papel Toalha Interfolha 1000f - Caixa 24,Papel,VENDA,3,3.04,160.89,102.93,31.84,3.88,9.55,22.24
2025-03-24,2025-03,50497,Estrela Negocios EIRELI,Padaria,Interior Norte,Rogerio Antunes,Alcool 70 1L - Caixa 24,Quimicos,VENDA,10,3.61,199.47,124.5,25.25,5.45,7.58,44.27
2025-03-24,2025-03,50497,Estrela Negocios EIRELI,Padaria,Interior Norte,Rogerio Antunes,Bobina Papel Toalha 200m,Papel,VENDA,3,3.03,156.09,105.63,19.76,4.27,5.93,26.43
2025-03-24,2025-03,50498,Pampa Alimentos ME,Padaria,Regiao Metropolitana,Rogerio Antunes,Copo Descartavel 50ml - Pacote 100,Descartaveis,VENDA,3,6.91,40.83,38.61,1.05,1.22,1.05,-0.05
2025-03-25,2025-03,50509,Nortao Industria ME,Padaria,Interior Norte,Simone Klein,Alvejante 5L,Quimicos,VENDA,2,6.44,146.87,83.28,41.16,4.13,12.35,18.3
2025-03-26,2025-03,50512,BOREAL SERVICOS LTDA ME,Escola,Regiao Metropolitana,Tarcisio Bueno,Desinfetante Lavanda 5L - Pacote 100,Quimicos,VENDA,1,3.94,79.64,37.46,35.88,1.53,10.76,4.77
2025-03-26,2025-03,50520,UNIAO ALIMENTOS EIRELI,Industria,Litoral,Simone Klein,Papel Toalha Interfolha 1000f - Caixa 24,Papel,VENDA,5,4.4,257.4,171.55,42.37,7.97,12.72,35.51
2025-03-27,2025-03,50523,UNIAO ALIMENTOS LTDA ME,Restaurante,Litoral,Simone Klein,Luva Plastica Descartavel - Pacote 100,Descartaveis,VENDA,3,0.93,73.79,50.82,23.69,2.0,7.11,-2.72
2025-04-01,2025-04,50553,Trevo Comercio LTDA,Restaurante,Interior Norte,Simone Klein,Papel Toalha Rolo 100f - Fardo 6,Papel,VENDA,50,2.11,4417.5,3249.0,79.31,154.61,79.31,934.58
2025-04-01,2025-04,50553,Trevo Comercio LTDA,Restaurante,Interior Norte,Simone Klein,Sabao Liquido 5L - Fardo 12,Quimicos,VENDA,2,0.58,31.36,20.82,0.56,1.1,0.56,8.88
2025-04-01,2025-04,50554,Estrela Servicos LTDA,Escola,Litoral,Tarcisio Bueno,REMOVEDOR 1L - CAIXA 24,Quimicos,VENDA,1,6.24,25.67,10.07,16.24,0.4,4.88,-1.04
2025-04-01,2025-04,50556,Luminar Alimentos S/A,Restaurante,Interior Sul,Rogerio Antunes,Alvejante 5L,Quimicos,VENDA,5,7.24,292.6,208.2,43.42,8.78,43.42,32.2
2025-04-02,2025-04,50559,Serrano Servicos LTDA ME,Mercado,Interior Norte,Simone Klein,Copo Descartavel 200ml - Pacote 100,Descartaveis,VENDA,2,0.99,72.78,57.8,11.08,2.28,3.32,1.62
2025-04-02,2025-04,50559,Serrano Servicos LTDA ME,Mercado,Interior Norte,Simone Klein,Guardanapo 24x24,Papel,DEVOLUCAO,-1,0.99,-53.13,-43.87,10.28,-2.11,3.08,-17.43
2025-04-03,2025-04,50567,Serrano Servicos LTDA ME,Mercado,Interior Norte,Simone Klein,borrifador 500ml - fardo 6,Acessorios,VENDA,2,1.55,62.48,37.44,5.07,2.19,5.07,17.78
2025-04-03,2025-04,50569,Rio Claro Servicos S/A,Industria,Interior Norte,Rogerio Antunes,Bobina Papel Toalha 200m - Fardo 6,Papel,VENDA,3,3.47,104.0,60.78,32.17,2.44,9.65,8.61
2025-04-04,2025-04,50576,Central Negocios LTDA ME,Clinica,Interior Sul,Simone Klein,Removedor 1L - Fardo 6,Quimicos,VENDA,1,1.06,14.89,9.93,2.13,0.52,2.13,2.31
2025-04-04,2025-04,50579,Vitoria Distribuidora LTDA ME,Hotel,Interior Sul,Tarcisio Bueno,Pano Multiuso - Fardo 6,Acessorios,VENDA,3,2.69,27.88,12.6,10.13,0.58,3.04,4.57
2025-04-07,2025-04,50584,TREVO ALIMENTOS S/A,Mercado,Interior Norte,Rogerio Antunes,Luva Plastica Descartavel - Fardo 6,Descartaveis,VENDA,1,7.0,16.12,15.25,2.88,0.48,2.88,-2.49
2025-04-07,2025-04,50584,TREVO ALIMENTOS S/A,Mercado,Interior Norte,Rogerio Antunes,ESCOVA SANITARIA - CAIXA 24,Acessorios,VENDA,5,2.32,145.8,88.05,26.03,4.37,26.03,27.35
2025-04-07,2025-04,50585,Querencia Participacoes EIRELI,Mercado,Regiao Metropolitana,Tarcisio Bueno,Guardanapo 24x24,Papel,VENDA,5,7.99,280.3,219.35,23.76,7.85,23.76,29.34
2025-04-08,2025-04,50593,Zenite Servicos EIRELI,Industria,Interior Sul,Tarcisio Bueno,Desengordurante 5L,Quimicos,VENDA,10,4.19,515.35,339.3,32.5,13.79,9.75,129.76
2025-04-10,2025-04,50610,Pampa Alimentos ME,Padaria,Regiao Metropolitana,Rogerio Antunes,Copo Descartavel 50ml,Descartaveis,VENDA,50,35.36,1195.5,1627.5,52.78,35.87,52.78,-520.64
2025-04-17,2025-04,50638,Imperial Servicos S/A,Clinica,Regiao Metropolitana,Rogerio Antunes,Alvejante 5L - Fardo 6,Quimicos,VENDA,3,2.37,70.05,47.37,3.42,2.1,3.42,17.16
2025-04-17,2025-04,50640,Aurora Negocios EIRELI,Hotel,Regiao Metropolitana,Rogerio Antunes,Vassoura Nylon - Pacote 100,Acessorios,VENDA,2,2.67,50.0,30.32,2.21,1.5,2.21,15.97
2025-04-17,2025-04,50644,Trevo Alimentos EIRELI,Condominio,Interior Norte,Simone Klein,Saco Lixo 30L - Fardo 6,Descartaveis,VENDA,2,6.4,54.24,50.98,4.5,1.9,4.5,-3.14
2025-04-22,2025-04,50664,Boreal Comercio EIRELI,Mercado,Interior Sul,Simone Klein,Talher Descartavel Misto - Pacote 100,Descartaveis,VENDA,2,9.39,54.18,52.62,6.03,1.9,6.03,-6.37
2025-04-22,2025-04,50666,Nortao Industria LTDA,Industria,Interior Sul,Rogerio Antunes,Limpador Multiuso 5L - Fardo 6,Quimicos,VENDA,1,2.86,38.25,25.99,3.95,1.15,3.95,7.16
2025-04-22,2025-04,50666,Nortao Industria LTDA,Industria,Interior Sul,Rogerio Antunes,Papel Toalha Interfolha 1000f - Caixa 24,Papel,VENDA,1,0.25,69.34,50.05,7.16,2.08,7.16,10.05
2025-04-23,2025-04,50671,Vitoria Comercio LTDA,Industria,Interior Sul,Simone Klein,luva plastica descartavel - pacote 100,Descartaveis,VENDA,2,0.94,47.1,38.92,4.72,1.53,1.42,1.93
2025-04-23,2025-04,50675,Aurora Industria LTDA,Clinica,Regiao Metropolitana,Tarcisio Bueno,Luva Latex - Fardo 12,EPI,VENDA,10,4.87,104.95,61.2,15.79,2.63,4.74,25.33
2025-04-23,2025-04,50675,Aurora Industria LTDA,Clinica,Regiao Metropolitana,Tarcisio Bueno,Guardanapo 24x24,Papel,VENDA,1,4.74,64.87,43.87,9.76,1.63,2.93,9.61
2025-04-25,2025-04,50683,BOREAL SERVICOS LTDA ME,Escola,Regiao Metropolitana,Tarcisio Bueno,Bobina Papel Toalha 200m - Fardo 6,Papel,VENDA,3,4.95,80.25,60.78,5.47,2.25,5.47,11.75
2025-04-26,2025-04,50686,Boreal Negocios ME,Padaria,Interior Norte,Rogerio Antunes,Alcool 70 1L - Caixa 24,Quimicos,VENDA,3,0.68,200.58,113.7,42.13,5.13,12.64,39.62
2025-04-28,2025-04,50687,Trevo Empreendimentos LTDA,Padaria,Interior Norte,Rogerio Antunes,DETERGENTE NEUTRO 5L - PACOTE 100,Quimicos,VENDA,3,5.7,63.91,32.88,24.18,1.41,7.25,5.44
2025-04-28,2025-04,50688,Serrano Servicos LTDA ME,Mercado,Interior Norte,Simone Klein,PRATO DESCARTAVEL 15CM - PACOTE 100,Descartaveis,VENDA,3,3.34,108.9,99.12,4.46,3.81,4.46,1.51
2025-04-28,2025-04,50688,Serrano Servicos LTDA ME,Mercado,Interior Norte,Simone Klein,Papel Higienico Folha Dupla 30m,Papel,VENDA,2,0.23,50.08,36.14,2.05,1.75,2.05,10.14
2025-04-30,2025-04,50701,Horizonte Distribuidora S/A,Condominio,Regiao Metropolitana,Rogerio Antunes,Guardanapo 24x24 - Caixa 24,Papel,VENDA,3,0.35,190.89,137.91,5.19,5.73,5.19,42.06
2025-05-01,2025-05,50704,Oriente Participacoes LTDA,Clinica,Regiao Metropolitana,Simone Klein,Bobina Papel Toalha 200m,Papel,VENDA,3,0.49,168.89,105.63,32.73,5.11,9.82,25.42
2025-05-01,2025-05,50707,Imperial Servicos S/A,Clinica,Regiao Metropolitana,Rogerio Antunes,Luva Latex - Fardo 6,EPI,VENDA,2,1.54,44.87,23.9,9.9,1.14,2.97,9.93
2025-05-01,2025-05,50711,Uniao Servicos LTDA,Industria,Interior Sul,Tarcisio Bueno,DETERGENTE NEUTRO 5L - PACOTE 100,Quimicos,VENDA,5,2.87,90.23,54.8,13.68,2.26,4.1,19.49
2025-05-05,2025-05,50720,XAVANTE EMPREENDIMENTOS LTDA ME,Mercado,Interior Norte,Simone Klein,Marmitex Aluminio 800ml - Pacote 100,Descartaveis,VENDA,5,2.73,171.27,138.65,25.74,5.36,7.72,1.52
2025-05-05,2025-05,50720,XAVANTE EMPREENDIMENTOS LTDA ME,Mercado,Interior Norte,Simone Klein,Balde 20L - Pacote 100,Acessorios,VENDA,2,3.01,73.29,39.9,11.01,2.3,3.3,20.08
2025-05-05,2025-05,50725,BOREAL SERVICOS LTDA ME,Escola,Regiao Metropolitana,Tarcisio Bueno,Papel Toalha Interfolha 1000f,Papel,VENDA,10,4.85,305.32,209.2,41.18,7.74,12.36,47.2
2025-05-06,2025-05,50726,Boreal Empreendimentos LTDA,Industria,Regiao Metropolitana,Tarcisio Bueno,Embalagem Delivery 750ml - Pacote 100,Descartaveis,VENDA,1,12.03,10.99,10.99,0.92,0.31,0.92,-1.23
2025-05-06,2025-05,50730,BOREAL SERVICOS LTDA ME,Escola,Regiao Metropolitana,Tarcisio Bueno,Papel Higienico Folha Dupla 30m - Fardo 12,Papel,VENDA,3,2.24,75.27,55.44,6.53,2.11,6.53,11.19
2025-05-07,2025-05,50737,Horizonte Industria S/A,Escola,Interior Norte,Rogerio Antunes,Papel Toalha Interfolha 1000f - Caixa 24,Papel,VENDA,3,2.45,167.91,102.93,40.67,4.18,12.2,20.13
2025-05-07,2025-05,50742,Aurora Alimentos S/A,Escola,Litoral,Simone Klein,ESCOVA SANITARIA - CAIXA 24,Acessorios,VENDA,1,5.88,28.09,17.61,2.76,0.98,2.76,6.74
2025-05-09,2025-05,50759,Horizonte Distribuidora S/A,Condominio,Regiao Metropolitana,Rogerio Antunes,Alcool 70 1L,Quimicos,VENDA,10,2.11,593.4,400.1,44.03,17.8,44.03,131.47
2025-05-13,2025-05,50774,Central Alimentos LTDA ME,Clinica,Litoral,Tarcisio Bueno,BORRIFADOR 500ML - FARDO 12,Acessorios,VENDA,3,0.73,164.25,86.16,27.55,4.06,8.26,46.48
2025-05-13,2025-05,50778,BOREAL SERVICOS LTDA ME,Escola,Regiao Metropolitana,Tarcisio Bueno,Papel Toalha Interfolha 1000f - Caixa 24,Papel,VENDA,5,7.96,359.31,250.25,56.31,8.96,16.9,43.79
2025-05-15,2025-05,50789,BOREAL SERVICOS LTDA ME,Escola,Regiao Metropolitana,Tarcisio Bueno,Sabao Liquido 5L - Fardo 12,Quimicos,VENDA,5,7.6,79.01,52.05,8.8,2.04,2.64,16.12
2025-05-16,2025-05,50793,Querencia Participacoes EIRELI,Mercado,Regiao Metropolitana,Tarcisio Bueno,Limpa Vidros 500ml - Fardo 12,Quimicos,VENDA,50,15.41,2130.0,1662.0,44.99,59.64,44.99,363.37
2025-05-17,2025-05,50794,Boreal Empreendimentos LTDA,Industria,Regiao Metropolitana,Tarcisio Bueno,Pano Multiuso - Fardo 6,Acessorios,VENDA,3,5.31,28.63,12.6,12.02,0.57,3.61,3.44
2025-05-20,2025-05,50800,Zenite Servicos EIRELI,Industria,Interior Sul,Tarcisio Bueno,sabao liquido 5l - pacote 100,Quimicos,VENDA,2,1.68,73.86,45.8,8.03,1.91,2.41,18.12
2025-05-22,2025-05,50808,Horizonte Distribuidora S/A,Condominio,Regiao Metropolitana,Rogerio Antunes,Alcool 70 1L - Caixa 24,Quimicos,VENDA,1,2.95,63.28,37.9,10.79,1.67,3.24,12.92
2025-05-22,2025-05,50810,Aurora Distribuidora LTDA ME,Clinica,Litoral,Simone Klein,papel toalha rolo 100f - fardo 6,Papel,VENDA,2,5.03,101.66,61.62,29.12,2.84,8.74,8.08
2025-05-27,2025-05,50839,BANDEIRANTE NEGOCIOS S/A,Condominio,Interior Sul,Simone Klein,Alvejante 5L - Fardo 6,Quimicos,VENDA,1,0.11,32.02,15.79,11.62,0.84,3.49,3.77
2025-05-28,2025-05,50847,Querencia Participacoes EIRELI,Mercado,Regiao Metropolitana,Tarcisio Bueno,Papel Toalha Interfolha 1000f - Caixa 24,Papel,VENDA,50,18.31,1946.5,1715.5,47.62,54.5,47.62,128.88
2025-05-29,2025-05,50857,UNIAO ALIMENTOS EIRELI,Industria,Litoral,Simone Klein,Guardanapo 24x24 - Caixa 24,Papel,VENDA,1,2.33,76.39,48.9,14.36,2.32,4.31,10.81
2025-06-02,2025-06,50869,Horizonte Negocios LTDA ME,Mercado,Litoral,Simone Klein,Guardanapo 24x24 - Caixa 24,Papel,VENDA,50,2.24,3320.0,2445.0,53.69,116.2,53.69,705.11
2025-06-02,2025-06,50869,Horizonte Negocios LTDA ME,Mercado,Litoral,Simone Klein,Desinfetante Lavanda 5L - Fardo 6,Quimicos,VENDA,2,0.14,93.16,61.58,1.51,3.26,1.51,26.81
2025-06-02,2025-06,50870,Oriente Participacoes LTDA,Clinica,Regiao Metropolitana,Simone Klein,Esponja Dupla Face - Fardo 6,Acessorios,VENDA,2,1.06,76.82,39.42,15.29,2.31,4.59,19.8
2025-06-03,2025-06,50879,Serrano Alimentos EIRELI,Padaria,Regiao Metropolitana,Simone Klein,BOBINA PAPEL TOALHA 200M - PACOTE 100,Papel,VENDA,5,4.59,144.8,109.25,3.56,5.07,3.56,26.92
2025-06-05,2025-06,50894,Serrano Servicos LTDA ME,Mercado,Interior Norte,Simone Klein,Avental PVC - Fardo 6,EPI,VENDA,2,1.65,14.3,9.02,0.4,0.5,0.4,4.38
2025-06-06,2025-06,50899,Serrano Servicos LTDA ME,Mercado,Interior Norte,Simone Klein,Copo Descartavel 200ml - Fardo 12,Descartaveis,VENDA,1,10.26,17.86,17.51,2.68,0.63,2.68,-2.96
2025-06-07,2025-06,50906,Trevo Comercio LTDA,Restaurante,Interior Norte,Simone Klein,AVENTAL PVC - CAIXA 24,EPI,VENDA,1,2.37,22.66,12.66,3.89,0.7,1.17,5.41
2025-06-11,2025-06,50916,Estrela Servicos ME,Hotel,Interior Sul,Tarcisio Bueno,Sabao Liquido 5L,Quimicos,VENDA,5,1.55,251.2,168.4,25.52,7.03,25.52,50.25
2025-06-13,2025-06,50931,Estrela Negocios EIRELI,Padaria,Interior Norte,Rogerio Antunes,Desinfetante Lavanda 5L - Fardo 6,Quimicos,VENDA,1,1.2,46.09,30.79,2.97,1.38,2.97,10.95
2025-06-14,2025-06,50936,Trevo Alimentos EIRELI,Condominio,Interior Norte,Simone Klein,Limpador Multiuso 5L - Fardo 6,Quimicos,DEVOLUCAO,-1,4.82,-37.48,-25.99,3.2,-1.31,3.2,-13.38
2025-06-16,2025-06,50937,BOREAL SERVICOS LTDA ME,Escola,Regiao Metropolitana,Tarcisio Bueno,Marmitex Aluminio 800ml - Pacote 100,Descartaveis,VENDA,10,15.65,288.7,277.3,32.72,7.44,9.82,-28.76
2025-06-16,2025-06,50938,Horizonte Distribuidora S/A,Condominio,Regiao Metropolitana,Rogerio Antunes,Papel Toalha Rolo 100f - Pacote 100,Papel,VENDA,3,0.41,227.79,164.67,27.23,6.83,27.23,29.06
2025-06-18,2025-06,50952,Pampa Alimentos ME,Padaria,Regiao Metropolitana,Rogerio Antunes,papel higienico folha dupla 30m - fardo 12,Papel,VENDA,3,2.67,207.0,153.12,20.26,6.21,20.26,27.41
2025-06-18,2025-06,50959,BOREAL SERVICOS LTDA ME,Escola,Regiao Metropolitana,Tarcisio Bueno,Alcool 70 1L,Quimicos,VENDA,2,0.43,120.72,80.02,10.44,3.38,10.44,26.88
2025-06-19,2025-06,50966,Oriente Negocios LTDA ME,Industria,Litoral,Rogerio Antunes,Borrifador 500ml,Acessorios,VENDA,2,0.66,69.26,41.14,8.03,2.08,8.03,18.01
2025-06-19,2025-06,50966,Oriente Negocios LTDA ME,Industria,Litoral,Rogerio Antunes,Limpador Multiuso 5L - Fardo 6,Quimicos,VENDA,10,4.46,490.9,339.1,56.94,14.73,56.94,80.13
2025-06-21,2025-06,50976,Central Negocios LTDA ME,Clinica,Interior Sul,Simone Klein,Vassoura Nylon - Fardo 12,Acessorios,VENDA,1,0.18,48.13,25.74,6.54,1.52,1.96,14.33
2025-06-23,2025-06,50982,Luminar Alimentos S/A,Restaurante,Interior Sul,Rogerio Antunes,Papel Toalha Interfolha 1000f - Pacote 100,Papel,VENDA,2,3.11,155.38,115.46,5.62,4.66,5.62,29.64
2025-06-24,2025-06,50985,Imperial Servicos EIRELI,Condominio,Interior Norte,Rogerio Antunes,papel higienico folha dupla 30m - fardo 12,Papel,VENDA,5,2.34,346.15,255.2,26.09,10.38,26.09,54.48
2025-06-25,2025-06,50989,Aurora Negocios EIRELI,Hotel,Regiao Metropolitana,Rogerio Antunes,papel toalha rolo 100f - fardo 6,Papel,VENDA,3,3.1,141.13,92.43,23.94,3.73,7.19,21.03
2025-06-26,2025-06,50996,Serrano Servicos LTDA ME,Mercado,Interior Norte,Simone Klein,Luva Latex - Fardo 6,EPI,VENDA,10,2.63,210.19,119.5,32.27,6.57,9.68,51.85
2025-06-27,2025-06,50999,Aurora Industria LTDA ME,Clinica,Interior Sul,Tarcisio Bueno,Alcool 70 1L - Caixa 24,Quimicos,VENDA,3,1.23,60.79,37.35,7.0,1.56,2.1,14.88
2025-06-27,2025-06,50999,Aurora Industria LTDA ME,Clinica,Interior Sul,Tarcisio Bueno,Sabao Liquido 5L,Quimicos,VENDA,3,0.12,166.32,101.04,19.16,4.28,5.75,41.84
2025-06-27,2025-06,51000,Querencia Distribuidora LTDA ME,Padaria,Interior Norte,Rogerio Antunes,Detergente Neutro 5L,Quimicos,VENDA,3,3.96,153.86,99.63,12.67,4.35,3.8,37.21
2025-06-27,2025-06,51002,Pampa Alimentos ME,Padaria,Regiao Metropolitana,Rogerio Antunes,Luva Plastica Descartavel - Fardo 12,Descartaveis,VENDA,2,7.45,76.24,72.5,14.05,2.29,14.05,-12.6
2025-06-28,2025-06,51003,Vitoria Distribuidora LTDA ME,Hotel,Interior Sul,Tarcisio Bueno,Saco Lixo 100L - Fardo 6,Descartaveis,VENDA,2,8.04,51.6,49.38,8.02,1.44,8.02,-7.24
2025-06-30,2025-06,51011,Nortao Alimentos S/A,Escola,Interior Norte,Simone Klein,Copo Descartavel 50ml - Pacote 100,Descartaveis,VENDA,5,7.28,80.92,64.35,18.74,2.37,5.62,-4.54
2025-07-02,2025-07,51020,Oriente Negocios LTDA ME,Industria,Litoral,Rogerio Antunes,Papel Toalha Rolo 100f - Pacote 100,Papel,VENDA,2,0.55,151.64,109.78,10.83,4.55,10.83,26.48
2025-07-03,2025-07,51029,Querencia Participacoes EIRELI,Mercado,Regiao Metropolitana,Tarcisio Bueno,Papel Higienico Folha Dupla 30m - Fardo 12,Papel,VENDA,1,8.7,93.85,50.46,42.68,1.79,12.81,-1.08
2025-07-07,2025-07,51040,BOREAL SERVICOS LTDA ME,Escola,Regiao Metropolitana,Tarcisio Bueno,Vassoura Nylon,Acessorios,VENDA,1,0.93,16.94,10.09,0.92,0.47,0.92,5.46
2025-07-07,2025-07,51041,Alvorada Servicos LTDA,Hotel,Interior Norte,Rogerio Antunes,Copo Descartavel 50ml,Descartaveis,VENDA,20,7.61,683.6,651.0,67.26,20.51,67.26,-55.17
2025-07-09,2025-07,51052,Oriente Participacoes LTDA,Clinica,Regiao Metropolitana,Simone Klein,Saco Lixo 30L,Descartaveis,VENDA,5,8.48,111.89,87.75,29.48,3.19,8.84,-8.53
2025-07-10,2025-07,51053,Uniao Servicos LTDA,Industria,Interior Sul,Tarcisio Bueno,BOBINA PAPEL TOALHA 200M - PACOTE 100,Papel,VENDA,3,11.63,91.64,65.55,15.98,2.25,4.8,7.86
2025-07-14,2025-07,51063,Querencia Participacoes EIRELI,Mercado,Regiao Metropolitana,Tarcisio Bueno,Desinfetante Lavanda 5L - Pacote 100,Quimicos,VENDA,10,7.94,522.5,374.6,47.15,14.63,47.15,86.12
2025-07-14,2025-07,51065,BOREAL SERVICOS LTDA ME,Escola,Regiao Metropolitana,Tarcisio Bueno,Saco Lixo 30L,Descartaveis,VENDA,3,14.22,69.78,52.65,26.4,1.44,7.92,-10.71
2025-07-14,2025-07,51066,Serrano Servicos LTDA ME,Mercado,Interior Norte,Simone Klein,Alvejante 5L - Fardo 6,Quimicos,VENDA,1,3.03,23.2,15.79,0.85,0.81,0.85,5.75
2025-07-14,2025-07,51067,Pampa Alimentos ME,Padaria,Regiao Metropolitana,Rogerio Antunes,Luva Latex - Fardo 6,EPI,VENDA,3,2.81,70.24,35.85,20.07,1.69,6.02,12.63
2025-07-14,2025-07,51068,Nortao Industria ME,Padaria,Interior Norte,Simone Klein,Copo Descartavel 50ml,Descartaveis,VENDA,50,0.1,1847.5,1627.5,88.45,64.66,88.45,66.89
2025-07-17,2025-07,51086,Zenite Participacoes ME,Padaria,Interior Norte,Simone Klein,Alcool 70 1L - Caixa 24,Quimicos,DEVOLUCAO,-3,1.7,-160.69,-113.7,12.33,-5.93,3.7,-53.39
2025-07-17,2025-07,51088,Querencia Participacoes EIRELI,Mercado,Regiao Metropolitana,Tarcisio Bueno,Talher Descartavel Misto - Fardo 6,Descartaveis,VENDA,10,5.97,429.24,362.9,59.21,10.86,17.77,-3.73
2025-07-18,2025-07,51097,Luminar Alimentos S/A,Restaurante,Interior Sul,Rogerio Antunes,Desengordurante 5L,Quimicos,VENDA,2,1.41,125.21,67.86,34.04,3.04,10.21,20.27
2025-07-18,2025-07,51098,Serrano Servicos LTDA ME,Mercado,Interior Norte,Simone Klein,Bobina Papel Toalha 200m - Fardo 6,Papel,VENDA,1,4.34,26.92,20.26,1.36,0.94,1.36,4.36
2025-07-19,2025-07,51102,Serrano Alimentos EIRELI,Padaria,Regiao Metropolitana,Simone Klein,BOBINA PAPEL TOALHA 200M - PACOTE 100,Papel,VENDA,1,2.19,38.32,21.85,12.33,1.04,3.7,3.1
2025-07-21,2025-07,51109,Alvorada Distribuidora ME,Mercado,Interior Sul,Simone Klein,Guardanapo 24x24 - Caixa 24,Papel,VENDA,1,1.09,67.18,48.9,8.67,2.35,8.67,7.26
2025-07-21,2025-07,51110,Uniao Servicos LTDA,Industria,Interior Sul,Tarcisio Bueno,Talher Descartavel Misto - Pacote 100,Descartaveis,VENDA,3,15.41,75.87,78.93,12.31,2.12,12.31,-17.49
2025-07-23,2025-07,51119,Imperial Servicos EIRELI,Condominio,Interior Norte,Rogerio Antunes,Limpa Vidros 500ml - Caixa 24,Quimicos,VENDA,10,1.87,374.4,251.8,7.72,11.23,7.72,103.65
2025-07-23,2025-07,51125,Pampa Alimentos ME,Padaria,Regiao Metropolitana,Rogerio Antunes,Marmitex Aluminio 800ml,Descartaveis,VENDA,1,4.19,18.42,8.79,12.64,0.29,3.79,-3.3
2025-07-24,2025-07,51127,BOREAL SERVICOS LTDA ME,Escola,Regiao Metropolitana,Tarcisio Bueno,Rodo 40cm - Fardo 12,Acessorios,VENDA,10,1.9,92.25,43.8,27.79,2.04,8.34,18.62
2025-07-25,2025-07,51133,Uniao Servicos LTDA,Industria,Interior Sul,Tarcisio Bueno,Copo Descartavel 200ml - Fardo 12,Descartaveis,VENDA,1,14.03,44.76,31.4,20.13,0.86,6.04,-7.63
2025-07-25,2025-07,51135,Pampa Alimentos ME,Padaria,Regiao Metropolitana,Rogerio Antunes,papel higienico rolao 300m - fardo 6,Papel,VENDA,3,8.52,253.96,184.08,28.68,7.02,8.6,34.18
2025-07-26,2025-07,51140,Nortao Empreendimentos LTDA ME,Padaria,Interior Sul,Tarcisio Bueno,Guardanapo 24x24,Papel,VENDA,2,2.36,148.64,87.74,42.37,3.33,12.71,15.2
2025-07-30,2025-07,51154,Zenite Industria LTDA,Mercado,Litoral,Simone Klein,Desinfetante Lavanda 5L - Pacote 100,Quimicos,VENDA,1,2.8,66.74,37.46,16.53,1.93,4.96,10.82
2025-07-30,2025-07,51154,Zenite Industria LTDA,Mercado,Litoral,Simone Klein,SACO LIXO 60L - CAIXA 24,Descartaveis,VENDA,1,8.61,12.58,10.01,3.12,0.36,0.94,-0.91
2025-07-30,2025-07,51162,Nortao Industria ME,Padaria,Interior Norte,Simone Klein,Desengordurante 5L,Quimicos,VENDA,10,11.66,480.75,339.3,37.93,15.9,11.38,87.62
2025-08-01,2025-08,51171,TREVO ALIMENTOS S/A,Mercado,Interior Norte,Rogerio Antunes,Sabao Liquido 5L - Fardo 12,Quimicos,VENDA,1,2.89,15.31,10.41,2.45,0.46,2.45,1.99
2025-08-01,2025-08,51171,TREVO ALIMENTOS S/A,Mercado,Interior Norte,Rogerio Antunes,Papel Higienico Rolao 300m - Fardo 12,Papel,VENDA,3,2.17,181.89,133.86,29.07,5.46,29.07,13.5
2025-08-05,2025-08,51185,Querencia Negocios LTDA,Industria,Interior Norte,Simone Klein,Alcool 70 1L - Caixa 24,Quimicos,VENDA,50,7.56,2654.0,1895.0,40.37,92.89,40.37,625.74
2025-08-06,2025-08,51187,Nortao Alimentos S/A,Escola,Interior Norte,Simone Klein,Copo Descartavel 50ml - Fardo 6,Descartaveis,VENDA,1,7.52,35.88,26.45,11.55,0.97,3.47,-3.09
2025-08-07,2025-08,51192,Oriente Alimentos ME,Padaria,Interior Norte,Tarcisio Bueno,Papel Higienico Rolao 300m - Fardo 12,Papel,VENDA,50,19.27,3729.5,3326.5,46.89,104.43,46.89,251.68
2025-08-08,2025-08,51196,Querencia Participacoes EIRELI,Mercado,Regiao Metropolitana,Tarcisio Bueno,Marmitex Aluminio 800ml - Pacote 100,Descartaveis,VENDA,10,20.67,250.0,277.3,11.62,7.0,11.62,-45.92
2025-08-08,2025-08,51200,BOREAL SERVICOS LTDA ME,Escola,Regiao Metropolitana,Tarcisio Bueno,Prato Descartavel 15cm - Caixa 24,Descartaveis,VENDA,2,4.58,77.08,38.74,50.11,1.18,15.03,-12.95
2025-08-15,2025-08,51222,Boreal Industria LTDA,Hotel,Litoral,Tarcisio Bueno,Cera Liquida Incolor 5L - Fardo 6,Quimicos,VENDA,10,2.73,519.0,352.2,35.57,14.53,35.57,116.7
2025-08-15,2025-08,51224,Horizonte Distribuidora S/A,Condominio,Regiao Metropolitana,Rogerio Antunes,Rodo 40cm - Caixa 24,Acessorios,VENDA,5,1.43,59.85,35.8,1.92,1.8,1.92,20.33
2025-08-20,2025-08,51251,Xavante Distribuidora LTDA ME,Clinica,Interior Sul,Rogerio Antunes,Cera Liquida Incolor 5L - Fardo 6,Quimicos,VENDA,5,2.98,177.81,109.9,23.23,4.85,6.97,39.83
2025-08-21,2025-08,51257,Rio Claro Servicos S/A,Industria,Interior Norte,Rogerio Antunes,pano multiuso - caixa 24,Acessorios,VENDA,5,3.1,126.65,77.1,18.14,3.8,18.14,27.61
2025-08-21,2025-08,51258,Trevo Comercio ME,Clinica,Regiao Metropolitana,Tarcisio Bueno,Bota PVC - Fardo 6,EPI,VENDA,3,1.11,64.1,35.22,11.3,1.57,3.39,16.01
2025-08-21,2025-08,51260,BOREAL SERVICOS LTDA ME,Escola,Regiao Metropolitana,Tarcisio Bueno,LUVA PLASTICA DESCARTAVEL,Descartaveis,VENDA,2,0.26,73.02,64.44,7.84,2.04,7.84,-1.3
2025-08-22,2025-08,51262,Nortao Alimentos S/A,Escola,Interior Norte,Simone Klein,COPO DESCARTAVEL 200ML - FARDO 6,Descartaveis,VENDA,2,10.29,79.18,47.24,44.31,1.69,13.29,-14.06
2025-08-25,2025-08,51274,Jangada Empreendimentos ME,Condominio,Litoral,Rogerio Antunes,Copo Descartavel 50ml - Pacote 100,Descartaveis,VENDA,1,9.7,16.32,12.87,4.46,0.4,1.34,-1.41
2025-08-26,2025-08,51281,Xavante Distribuidora LTDA ME,Clinica,Interior Sul,Rogerio Antunes,BORRIFADOR 500ML - FARDO 12,Acessorios,VENDA,50,0.08,2432.0,1436.0,32.35,72.96,32.35,890.69
2025-08-27,2025-08,51287,Horizonte Distribuidora S/A,Condominio,Regiao Metropolitana,Rogerio Antunes,Detergente Neutro 5L - Pacote 100,Quimicos,VENDA,3,1.17,66.3,44.28,1.35,1.99,1.35,18.68
2025-08-29,2025-08,51304,BOREAL SERVICOS LTDA ME,Escola,Regiao Metropolitana,Tarcisio Bueno,Alcool 70 1L - Caixa 24,Quimicos,VENDA,2,1.43,81.3,54.44,3.73,2.28,3.73,20.85
2025-09-01,2025-09,51309,Horizonte Negocios LTDA ME,Mercado,Litoral,Simone Klein,Escova Sanitaria - Caixa 24,Acessorios,VENDA,2,1.39,16.12,9.64,0.89,0.56,0.89,5.03
2025-09-01,2025-09,51315,Vitoria Distribuidora LTDA ME,Hotel,Interior Sul,Tarcisio Bueno,Papel Higienico Folha Dupla 30m - Fardo 12,Papel,VENDA,5,4.08,131.69,92.4,12.27,3.45,3.68,23.57
2025-09-02,2025-09,51320,Luminar Alimentos S/A,Restaurante,Interior Sul,Rogerio Antunes,Mop Umido,Acessorios,VENDA,1,2.93,39.66,24.11,4.8,1.19,4.8,9.56
2025-09-02,2025-09,51322,Pampa Alimentos ME,Padaria,Regiao Metropolitana,Rogerio Antunes,Papel Higienico Rolao 300m - Fardo 12,Papel,VENDA,3,1.29,202.32,133.86,26.87,5.51,8.06,36.08
2025-09-02,2025-09,51322,Pampa Alimentos ME,Padaria,Regiao Metropolitana,Rogerio Antunes,Cera Liquida Incolor 5L - Fardo 6,Quimicos,VENDA,1,0.42,39.47,23.73,5.24,1.07,1.57,9.43
2025-09-02,2025-09,51323,Uniao Negocios LTDA,Hotel,Interior Norte,Rogerio Antunes,SACO LIXO 60L - CAIXA 24,Descartaveis,VENDA,5,8.12,64.97,50.05,18.09,1.57,5.42,-4.74
2025-09-02,2025-09,51324,Serrano Servicos LTDA ME,Mercado,Interior Norte,Simone Klein,Detergente Neutro 5L - Pacote 100,Quimicos,VENDA,1,2.19,36.37,14.76,20.72,0.77,6.22,0.12
2025-09-03,2025-09,51335,Imperial Distribuidora LTDA,Industria,Litoral,Tarcisio Bueno,luva plastica descartavel - pacote 100,Descartaveis,VENDA,2,3.8,42.54,38.92,1.7,1.19,1.7,0.73
2025-09-04,2025-09,51337,Querencia Participacoes EIRELI,Mercado,Regiao Metropolitana,Tarcisio Bueno,Vassoura Nylon - Fardo 12,Acessorios,VENDA,1,1.66,46.41,25.74,5.0,1.2,1.5,14.47
2025-09-04,2025-09,51338,Central Negocios LTDA ME,Clinica,Interior Sul,Simone Klein,Guardanapo 24x24,Papel,VENDA,2,0.44,121.32,87.74,20.44,4.25,20.44,8.89
2025-09-04,2025-09,51340,BOREAL SERVICOS LTDA ME,Escola,Regiao Metropolitana,Tarcisio Bueno,Balde 20L,Acessorios,VENDA,5,0.64,202.02,113.35,15.95,5.34,4.78,67.38
2025-09-09,2025-09,51363,Oriente Negocios LTDA ME,Industria,Litoral,Rogerio Antunes,LUVA PLASTICA DESCARTAVEL,Descartaveis,VENDA,2,4.64,81.85,64.44,17.18,2.09,5.15,-1.86
2025-09-11,2025-09,51376,TREVO ALIMENTOS S/A,Mercado,Interior Norte,Rogerio Antunes,Prato Descartavel 15cm,Descartaveis,VENDA,2,7.85,66.39,56.02,11.04,1.76,3.31,-2.43
2025-09-12,2025-09,51382,Oriente Participacoes LTDA,Clinica,Regiao Metropolitana,Simone Klein,Guardanapo 24x24 - Caixa 24,Papel,VENDA,5,1.44,314.65,229.85,26.32,11.01,26.32,47.47
2025-09-12,2025-09,51387,Xavante Negocios ME,Hotel,Regiao Metropolitana,Simone Klein,Marmitex Aluminio 800ml - Caixa 24,Descartaveis,VENDA,10,4.48,146.55,104.8,46.78,3.98,14.03,-9.01
2025-09-17,2025-09,51411,Trevo Alimentos EIRELI,Condominio,Interior Norte,Simone Klein,BOTA PVC - FARDO 6,EPI,VENDA,1,1.91,8.59,4.41,2.31,0.24,0.69,1.63
2025-09-17,2025-09,51412,Horizonte Distribuidora S/A,Condominio,Regiao Metropolitana,Rogerio Antunes,Copo Descartavel 200ml - Fardo 12,Descartaveis,VENDA,3,10.61,60.66,52.53,10.41,1.6,3.12,-3.88
2025-09-22,2025-09,51424,Serrano Servicos LTDA ME,Mercado,Interior Norte,Simone Klein,luva plastica descartavel - pacote 100,Descartaveis,VENDA,5,8.35,101.3,97.3,6.8,3.55,6.8,-6.35
2025-09-25,2025-09,51439,Serrano Servicos LTDA ME,Mercado,Interior Norte,Simone Klein,Saco Lixo 60L - Fardo 6,Descartaveis,VENDA,2,1.8,22.8,16.78,5.83,0.66,1.75,-0.47
2025-09-27,2025-09,51451,BOREAL SERVICOS LTDA ME,Escola,Regiao Metropolitana,Tarcisio Bueno,Marmitex Aluminio 800ml - Caixa 24,Descartaveis,VENDA,50,29.28,421.0,524.0,32.63,11.79,32.63,-147.42
2025-09-29,2025-09,51457,XAVANTE EMPREENDIMENTOS LTDA ME,Mercado,Interior Norte,Simone Klein,BORRIFADOR 500ML - FARDO 12,Acessorios,VENDA,1,1.44,47.98,28.72,1.24,1.68,1.24,16.34
2025-09-29,2025-09,51457,XAVANTE EMPREENDIMENTOS LTDA ME,Mercado,Interior Norte,Simone Klein,Sabao Liquido 5L,Quimicos,VENDA,50,1.52,2512.5,1684.0,64.85,87.94,64.85,675.71
2025-09-29,2025-09,51458,Boreal Negocios ME,Padaria,Interior Norte,Rogerio Antunes,Prato Descartavel 15cm - Caixa 24,Descartaveis,VENDA,3,3.77,71.54,58.11,11.42,1.91,3.42,0.1
2025-09-29,2025-09,51458,Boreal Negocios ME,Padaria,Interior Norte,Rogerio Antunes,Alcool 70 1L - Caixa 24,Quimicos,VENDA,2,2.36,41.45,24.9,6.62,1.1,1.99,8.83
2025-09-30,2025-09,51463,Serrano Servicos LTDA ME,Mercado,Interior Norte,Simone Klein,Luva Latex - Caixa 24,EPI,VENDA,10,0.68,73.25,39.1,15.07,2.19,4.52,16.89
2025-10-01,2025-10,51468,Querencia Participacoes EIRELI,Mercado,Regiao Metropolitana,Tarcisio Bueno,Mop Umido,Acessorios,VENDA,5,1.37,201.5,120.55,30.11,5.64,30.11,45.2
2025-10-01,2025-10,51468,Querencia Participacoes EIRELI,Mercado,Regiao Metropolitana,Tarcisio Bueno,Alcool 70 1L,Quimicos,VENDA,2,4.83,115.38,80.02,17.24,3.23,17.24,14.89
2025-10-01,2025-10,51471,Imperial Empreendimentos EIRELI,Padaria,Litoral,Rogerio Antunes,Marmitex Aluminio 800ml - Caixa 24,Descartaveis,VENDA,1,9.0,45.61,34.35,14.42,1.07,4.33,-4.23
2025-10-02,2025-10,51476,Nortao Alimentos S/A,Escola,Interior Norte,Simone Klein,papel higienico rolao 300m - fardo 6,Papel,VENDA,5,3.7,410.35,306.8,28.47,14.36,28.47,60.72
2025-10-03,2025-10,51483,Imperial Servicos S/A,Clinica,Regiao Metropolitana,Rogerio Antunes,Alvejante 5L - Fardo 12,Quimicos,VENDA,1,1.24,50.05,17.01,35.14,0.76,10.54,-2.86
2025-10-03,2025-10,51484,Luminar Alimentos S/A,Restaurante,Interior Sul,Rogerio Antunes,Copo Descartavel 50ml - Fardo 6,Descartaveis,VENDA,2,1.25,66.26,52.9,9.85,1.78,2.95,1.73
2025-10-06,2025-10,51494,BOREAL SERVICOS LTDA ME,Escola,Regiao Metropolitana,Tarcisio Bueno,Copo Descartavel 50ml,Descartaveis,VENDA,3,10.56,99.24,97.65,7.86,2.78,7.86,-9.05
2025-10-07,2025-10,51499,BOREAL SERVICOS LTDA ME,Escola,Regiao Metropolitana,Tarcisio Bueno,Bobina Papel Toalha 200m - Caixa 24,Papel,VENDA,2,1.87,168.93,98.76,49.04,3.77,14.71,17.36
2025-10-07,2025-10,51501,Estrela Negocios EIRELI,Padaria,Interior Norte,Rogerio Antunes,Bobina Papel Toalha 200m - Caixa 24,Papel,VENDA,3,4.94,195.57,148.14,7.04,5.87,7.04,34.52
2025-10-07,2025-10,51506,Guarani Servicos LTDA ME,Escola,Litoral,Tarcisio Bueno,Luva Plastica Descartavel - Pacote 100,Descartaveis,VENDA,20,16.04,360.73,338.8,53.61,9.05,16.08,-40.73
2025-10-08,2025-10,51510,Oriente Participacoes LTDA,Clinica,Regiao Metropolitana,Simone Klein,Papel Toalha Interfolha 1000f - Caixa 24,Papel,VENDA,5,1.62,234.4,171.55,16.06,8.2,16.06,38.59
2025-10-08,2025-10,51511,Serrano Servicos LTDA ME,Mercado,Interior Norte,Simone Klein,Balde 20L - Fardo 12,Acessorios,VENDA,1,0.94,26.86,14.77,2.96,0.87,0.89,8.26
2025-10-08,2025-10,51513,Trevo Empreendimentos LTDA,Padaria,Interior Norte,Rogerio Antunes,LUVA PLASTICA DESCARTAVEL,Descartaveis,VENDA,2,15.77,68.91,64.44,10.33,1.85,3.1,-7.71
2025-10-09,2025-10,51515,BANDEIRANTE NEGOCIOS S/A,Condominio,Interior Sul,Simone Klein,Alcool 70 1L - Caixa 24,Quimicos,VENDA,3,0.27,171.78,113.7,14.13,6.01,14.13,37.94
2025-10-10,2025-10,51522,Serrano Alimentos EIRELI,Padaria,Regiao Metropolitana,Simone Klein,Papel Higienico Rolao 300m - Fardo 12,Papel,VENDA,3,4.64,275.69,187.02,40.02,8.67,12.01,39.98
2025-10-10,2025-10,51525,BOREAL SERVICOS LTDA ME,Escola,Regiao Metropolitana,Tarcisio Bueno,Saco Lixo 30L - Fardo 6,Descartaveis,VENDA,3,6.49,81.27,76.47,13.7,2.28,13.7,-11.18
2025-10-10,2025-10,51526,Bandeirante Comercio ME,Condominio,Litoral,Rogerio Antunes,SABAO LIQUIDO 5L - FARDO 6,Quimicos,VENDA,1,3.07,41.14,28.01,3.62,1.23,3.62,8.28
2025-10-13,2025-10,51532,Boreal Industria LTDA,Hotel,Litoral,Tarcisio Bueno,Removedor 1L - Fardo 6,Quimicos,VENDA,2,2.22,29.44,19.86,3.71,0.82,3.71,5.05
2025-10-13,2025-10,51533,Horizonte Distribuidora S/A,Condominio,Regiao Metropolitana,Rogerio Antunes,PRATO DESCARTAVEL 15CM - PACOTE 100,Descartaveis,VENDA,1,2.49,49.93,33.04,19.02,1.1,5.71,-3.23
2025-10-14,2025-10,51538,Luminar Participacoes LTDA,Condominio,Litoral,Simone Klein,Mascara Descartavel - Fardo 6,EPI,VENDA,1,2.89,11.49,6.31,2.29,0.35,0.69,2.54
2025-10-15,2025-10,51545,BOREAL SERVICOS LTDA ME,Escola,Regiao Metropolitana,Tarcisio Bueno,Embalagem Delivery 750ml - Fardo 6,Descartaveis,VENDA,3,7.05,128.21,95.55,38.99,2.83,11.7,-9.16
2025-10-16,2025-10,51555,BOREAL SERVICOS LTDA ME,Escola,Regiao Metropolitana,Tarcisio Bueno,Oculos Protecao - Fardo 6,EPI,VENDA,2,1.5,24.5,15.42,0.72,0.69,0.72,7.67
2025-10-18,2025-10,51565,Querencia Participacoes EIRELI,Mercado,Regiao Metropolitana,Tarcisio Bueno,Cera Liquida Incolor 5L - Fardo 6,Quimicos,VENDA,1,6.18,56.85,36.42,7.26,1.45,2.18,11.72
2025-10-18,2025-10,51565,Querencia Participacoes EIRELI,Mercado,Regiao Metropolitana,Tarcisio Bueno,Papel Higienico Rolao 300m - Fardo 12,Papel,VENDA,1,5.45,64.34,44.62,8.22,1.64,2.47,9.86
2025-10-21,2025-10,51570,Imperial Servicos S/A,Clinica,Regiao Metropolitana,Rogerio Antunes,Saco Lixo 100L,Descartaveis,VENDA,5,13.89,142.92,134.55,16.09,3.95,4.82,-11.67
2025-10-22,2025-10,51580,Vitoria Empreendimentos EIRELI,Restaurante,Litoral,Tarcisio Bueno,sabao liquido 5l - pacote 100,Quimicos,VENDA,2,0.36,82.03,45.8,18.39,1.94,5.52,15.9
2025-10-22,2025-10,51581,Boreal Negocios ME,Padaria,Interior Norte,Rogerio Antunes,Papel Higienico Folha Dupla 30m - Fardo 12,Papel,VENDA,10,1.39,691.1,504.6,25.73,20.73,25.73,140.04
2025-10-23,2025-10,51583,Aurora Distribuidora LTDA,Escola,Regiao Metropolitana,Rogerio Antunes,Papel Toalha Interfolha 1000f - Pacote 100,Papel,VENDA,2,8.87,180.49,115.46,49.06,4.38,14.71,11.59
2025-10-24,2025-10,51591,Xavante Industria EIRELI,Escola,Regiao Metropolitana,Tarcisio Bueno,papel higienico folha dupla 30m - fardo 12,Papel,VENDA,2,4.6,162.07,102.08,38.3,3.79,11.49,17.9
2025-10-29,2025-10,51617,Trevo Empreendimentos LTDA,Padaria,Interior Norte,Rogerio Antunes,Alvejante 5L - Caixa 24,Quimicos,VENDA,2,8.29,105.04,75.6,15.93,3.15,15.93,10.36
2025-10-29,2025-10,51621,Zenite Participacoes ME,Padaria,Interior Norte,Simone Klein,DESINFETANTE LAVANDA 5L - FARDO 6,Quimicos,VENDA,5,0.47,243.54,138.15,50.35,7.29,15.11,47.75
2025-10-30,2025-10,51627,Jangada Comercio ME,Padaria,Regiao Metropolitana,Simone Klein,Mascara Descartavel,EPI,VENDA,3,0.07,70.49,28.62,34.79,1.61,10.44,5.47
2025-10-30,2025-10,51630,Nortao Empreendimentos LTDA ME,Padaria,Interior Sul,Tarcisio Bueno,Vassoura Nylon - Caixa 24,Acessorios,VENDA,2,2.17,91.93,49.02,15.22,2.28,4.57,25.41
2025-10-31,2025-10,51634,Central Negocios ME,Mercado,Interior Sul,Tarcisio Bueno,Guardanapo 24x24,Papel,VENDA,1,3.35,68.06,43.87,13.1,1.65,3.93,9.44
2025-10-31,2025-10,51639,Serrano Servicos LTDA ME,Mercado,Interior Norte,Simone Klein,Bota PVC - Caixa 24,EPI,VENDA,3,1.29,22.38,12.78,2.92,0.71,0.88,5.97
2025-11-03,2025-11,51645,Zenite Participacoes ME,Padaria,Interior Norte,Simone Klein,Sabao Liquido 5L,Quimicos,VENDA,2,1.07,100.96,67.36,7.66,3.53,7.66,22.41
2025-11-03,2025-11,51647,Trevo Alimentos EIRELI,Condominio,Interior Norte,Simone Klein,Rodo 40cm - Pacote 100,Acessorios,VENDA,20,1.77,415.0,249.2,41.08,14.53,41.08,110.19
2025-11-05,2025-11,51654,Zenite Industria LTDA,Mercado,Litoral,Simone Klein,Vassoura Nylon - Caixa 24,Acessorios,VENDA,5,2.08,238.12,128.0,36.68,7.44,11.01,66.0
2025-11-05,2025-11,51655,Oriente Participacoes LTDA,Clinica,Regiao Metropolitana,Simone Klein,Desinfetante Lavanda 5L - Fardo 6,Quimicos,VENDA,3,1.91,162.62,92.37,36.2,4.8,10.86,29.25
2025-11-07,2025-11,51661,Serrano Servicos LTDA ME,Mercado,Interior Norte,Simone Klein,Escova Sanitaria - Fardo 12,Acessorios,VENDA,5,2.72,136.95,72.4,25.15,4.18,7.55,35.22
2025-11-07,2025-11,51665,Uniao Negocios LTDA,Hotel,Interior Norte,Rogerio Antunes,DESINFETANTE LAVANDA 5L - FARDO 6,Quimicos,VENDA,3,3.24,121.5,82.89,5.25,3.65,5.25,29.72
2025-11-10,2025-11,51667,Pampa Alimentos ME,Padaria,Regiao Metropolitana,Rogerio Antunes,Talher Descartavel Misto - Pacote 100,Descartaveis,VENDA,3,7.27,103.03,78.93,28.34,2.5,8.5,-6.74
2025-11-10,2025-11,51667,Pampa Alimentos ME,Padaria,Regiao Metropolitana,Rogerio Antunes,Embalagem Delivery 750ml - Fardo 6,Descartaveis,VENDA,1,2.8,43.57,31.85,11.98,1.06,3.59,-1.32
2025-11-10,2025-11,51672,Estrela Servicos LTDA,Escola,Litoral,Tarcisio Bueno,DESINFETANTE LAVANDA 5L - PACOTE 100,Quimicos,DEVOLUCAO,-5,1.8,-276.37,-205.45,41.9,-8.56,12.57,-104.26
2025-11-10,2025-11,51673,Luminar Alimentos S/A,Restaurante,Interior Sul,Rogerio Antunes,Limpa Vidros 500ml - Caixa 24,Quimicos,VENDA,1,6.04,35.85,25.18,1.68,1.08,1.68,7.91
2025-11-10,2025-11,51674,Vitoria Distribuidora LTDA ME,Hotel,Interior Sul,Tarcisio Bueno,Cera Liquida Incolor 5L - Fardo 6,Quimicos,VENDA,3,1.84,178.66,105.66,30.74,4.4,9.22,37.86
2025-11-11,2025-11,51678,Querencia Participacoes EIRELI,Mercado,Regiao Metropolitana,Tarcisio Bueno,Marmitex Aluminio 800ml - Caixa 24,Descartaveis,VENDA,3,6.31,65.84,31.44,46.23,0.94,13.87,-12.77
2025-11-11,2025-11,51683,querencia negocios me,Restaurante,Litoral,Rogerio Antunes,Alcool 70 1L - Caixa 24,Quimicos,VENDA,2,4.21,79.0,54.44,8.95,2.37,8.95,13.24
2025-11-13,2025-11,51699,Imperial Servicos EIRELI,Condominio,Interior Norte,Rogerio Antunes,Vassoura Nylon - Fardo 12,Acessorios,VENDA,3,0.36,155.57,77.22,35.95,3.91,10.79,38.49
2025-11-17,2025-11,51710,UNIAO ALIMENTOS LTDA ME,Restaurante,Litoral,Simone Klein,luva plastica descartavel - pacote 100,Descartaveis,VENDA,3,0.51,78.6,58.38,17.99,2.31,5.39,-0.08
2025-11-17,2025-11,51710,UNIAO ALIMENTOS LTDA ME,Restaurante,Litoral,Simone Klein,Papel Toalha Interfolha 1000f - Caixa 24,Papel,VENDA,2,0.42,113.01,68.62,25.87,3.32,7.76,15.2
2025-11-17,2025-11,51711,Rio Claro Servicos S/A,Industria,Interior Norte,Rogerio Antunes,Copo Descartavel 50ml,Descartaveis,VENDA,2,5.06,86.62,65.1,23.4,2.11,7.02,-3.99
2025-11-18,2025-11,51717,Querencia Distribuidora LTDA ME,Padaria,Interior Norte,Rogerio Antunes,Mascara Descartavel - Fardo 6,EPI,VENDA,5,0.44,68.9,31.55,26.0,1.52,7.8,9.83
2025-11-18,2025-11,51718,Boreal Comercio EIRELI,Mercado,Interior Sul,Simone Klein,Luva Latex,EPI,VENDA,50,4.05,960.5,620.5,69.12,33.62,69.12,237.26
2025-11-19,2025-11,51719,Zenite Servicos EIRELI,Industria,Interior Sul,Tarcisio Bueno,Esponja Dupla Face - Fardo 6,Acessorios,VENDA,1,0.37,40.17,19.71,9.82,0.93,2.94,9.71
2025-11-20,2025-11,51727,Vitoria Distribuidora LTDA ME,Hotel,Interior Sul,Tarcisio Bueno,Cera Liquida Incolor 5L - Fardo 6,Quimicos,VENDA,3,3.89,105.95,65.94,14.21,2.69,4.26,23.11
2025-11-20,2025-11,51727,Vitoria Distribuidora LTDA ME,Hotel,Interior Sul,Tarcisio Bueno,Marmitex Aluminio 800ml,Descartaveis,VENDA,1,2.74,10.73,8.79,1.44,0.27,0.43,0.23
2025-11-20,2025-11,51729,Boreal Comercio EIRELI,Mercado,Interior Sul,Simone Klein,Mascara Descartavel - Fardo 6,EPI,VENDA,1,0.05,10.91,6.31,1.06,0.36,0.32,3.18
2025-11-20,2025-11,51731,Vitoria Distribuidora LTDA ME,Hotel,Interior Sul,Tarcisio Bueno,Papel Toalha Interfolha 1000f - Pacote 100,Papel,VENDA,10,5.65,756.5,577.3,66.83,21.18,66.83,91.19
2025-11-20,2025-11,51732,Nortao Industria ME,Padaria,Interior Norte,Simone Klein,papel toalha rolo 100f,Papel,VENDA,1,0.96,66.0,36.97,21.63,1.78,6.49,5.62
2025-11-21,2025-11,51739,Vitoria Distribuidora LTDA ME,Hotel,Interior Sul,Tarcisio Bueno,Detergente Neutro 5L - Caixa 24,Quimicos,VENDA,10,0.58,478.1,317.4,53.41,13.39,53.41,93.9
2025-11-24,2025-11,51746,Estrela Servicos LTDA,Escola,Litoral,Tarcisio Bueno,Copo Descartavel 50ml - Pacote 100,Descartaveis,VENDA,1,2.55,53.92,24.0,39.07,0.74,11.72,-9.89
2025-11-29,2025-11,51780,Alvorada Distribuidora ME,Mercado,Interior Sul,Simone Klein,Desengordurante 5L,Quimicos,VENDA,2,2.37,111.01,67.86,15.19,3.51,4.56,24.45
2025-11-29,2025-11,51780,Alvorada Distribuidora ME,Mercado,Interior Sul,Simone Klein,Detergente Neutro 5L - Caixa 24,Quimicos,VENDA,1,1.8,52.22,31.74,7.14,1.65,2.14,11.69
2025-12-02,2025-12,51790,Rio Claro Servicos EIRELI,Mercado,Interior Norte,Tarcisio Bueno,removedor 1l,Quimicos,VENDA,5,7.27,305.67,193.4,48.45,7.61,14.53,56.21
2025-12-03,2025-12,51805,Imperial Servicos S/A,Clinica,Regiao Metropolitana,Rogerio Antunes,papel higienico folha dupla 30m - fardo 12,Papel,VENDA,10,11.23,629.3,510.4,65.75,18.88,65.75,34.27
2025-12-04,2025-12,51811,Boreal Comercio EIRELI,Mercado,Interior Sul,Simone Klein,removedor 1l - pacote 100,Quimicos,VENDA,2,1.09,53.06,35.4,5.21,1.86,5.21,10.59
2025-12-04,2025-12,51811,Boreal Comercio EIRELI,Mercado,Interior Sul,Simone Klein,Balde 20L - Caixa 24,Acessorios,VENDA,2,2.6,26.94,16.32,2.65,0.94,2.65,7.03
2025-12-05,2025-12,51816,BOREAL SERVICOS LTDA ME,Escola,Regiao Metropolitana,Tarcisio Bueno,Limpa Vidros 500ml - Fardo 12,Quimicos,VENDA,2,4.04,105.12,66.48,12.09,2.71,3.63,23.84
2025-12-08,2025-12,51832,Querencia Participacoes EIRELI,Mercado,Regiao Metropolitana,Tarcisio Bueno,Vassoura Nylon - Caixa 24,Acessorios,VENDA,10,6.17,407.1,256.0,30.95,11.4,30.95,108.75
2025-12-09,2025-12,51845,Guarani Servicos LTDA ME,Escola,Litoral,Tarcisio Bueno,Embalagem Delivery 750ml - Pacote 100,Descartaveis,VENDA,1,1.61,14.19,10.99,2.72,0.34,0.82,0.14
2025-12-10,2025-12,51852,Rio Claro Servicos EIRELI,Mercado,Interior Norte,Tarcisio Bueno,Copo Descartavel 200ml - Pacote 100,Descartaveis,VENDA,2,4.77,72.58,57.8,14.34,1.75,4.3,-1.31
2025-12-10,2025-12,51856,Estrela Industria EIRELI,Clinica,Interior Norte,Rogerio Antunes,Desengordurante 5L - Pacote 100,Quimicos,VENDA,1,0.29,20.88,12.37,3.13,0.56,0.94,4.82
2025-12-11,2025-12,51861,Serrano Servicos LTDA ME,Mercado,Interior Norte,Simone Klein,Luva Plastica Descartavel - Fardo 6,Descartaveis,VENDA,1,7.87,15.97,15.25,1.36,0.56,1.36,-1.2
2025-12-11,2025-12,51862,Nortao Alimentos S/A,Escola,Interior Norte,Simone Klein,BORRIFADOR 500ML - FARDO 12,Acessorios,VENDA,5,2.95,236.2,143.6,11.56,8.27,11.56,72.77
2025-12-12,2025-12,51869,Pampa Alimentos ME,Padaria,Regiao Metropolitana,Rogerio Antunes,Marmitex Aluminio 800ml - Caixa 24,Descartaveis,VENDA,10,10.5,106.6,104.8,18.53,3.2,18.53,-19.93
2025-12-13,2025-12,51878,Luminar Participacoes LTDA,Condominio,Litoral,Simone Klein,Papel Toalha Rolo 100f - Pacote 100,Papel,VENDA,1,5.21,72.27,54.89,3.48,2.53,3.48,11.37
2025-12-16,2025-12,51889,Horizonte Distribuidora S/A,Condominio,Regiao Metropolitana,Rogerio Antunes,Esponja Dupla Face - Caixa 24,Acessorios,VENDA,1,1.52,44.63,26.74,4.81,1.34,4.81,11.74
2025-12-16,2025-12,51889,Horizonte Distribuidora S/A,Condominio,Regiao Metropolitana,Rogerio Antunes,Oculos Protecao - Caixa 24,EPI,VENDA,2,0.48,57.02,35.52,6.15,1.71,6.15,13.64
2025-12-16,2025-12,51893,Serrano Servicos LTDA ME,Mercado,Interior Norte,Simone Klein,LUVA PLASTICA DESCARTAVEL,Descartaveis,VENDA,2,3.89,87.42,64.44,24.34,2.46,7.3,-3.82
2025-12-19,2025-12,51914,Luminar Alimentos S/A,Restaurante,Interior Sul,Rogerio Antunes,Marmitex Aluminio 800ml - Caixa 24,Descartaveis,VENDA,1,14.62,13.19,10.48,4.31,0.31,1.29,-1.91
2025-12-20,2025-12,51920,Xavante Servicos EIRELI,Padaria,Litoral,Rogerio Antunes,saco lixo 30l - fardo 6,Descartaveis,VENDA,2,7.63,39.65,25.84,17.9,0.81,5.37,-4.9
2025-12-22,2025-12,51923,Nortao Industria LTDA,Industria,Interior Sul,Rogerio Antunes,limpador multiuso 5l - pacote 100,Quimicos,VENDA,2,2.6,42.0,23.58,10.29,1.04,3.09,7.09
2025-12-22,2025-12,51929,Uniao Servicos LTDA,Industria,Interior Sul,Tarcisio Bueno,LUVA PLASTICA DESCARTAVEL,Descartaveis,VENDA,1,5.97,34.42,32.22,1.94,0.96,1.94,-0.7
2025-12-23,2025-12,51932,Trevo Alimentos EIRELI,Condominio,Interior Norte,Simone Klein,Guardanapo 24x24,Papel,VENDA,10,2.62,593.3,438.7,37.11,20.77,37.11,96.72
2025-12-23,2025-12,51933,Oriente Negocios LTDA ME,Industria,Litoral,Rogerio Antunes,Cera Liquida Incolor 5L - Fardo 6,Quimicos,VENDA,5,0.79,203.79,118.65,36.34,5.35,10.9,43.45
2025-12-23,2025-12,51939,BOREAL SERVICOS LTDA ME,Escola,Regiao Metropolitana,Tarcisio Bueno,SACO LIXO 60L - PACOTE 100,Descartaveis,VENDA,20,4.5,319.26,266.6,42.66,8.1,12.8,1.9
2025-12-24,2025-12,51944,Serrano Servicos LTDA ME,Mercado,Interior Norte,Simone Klein,Papel Toalha Rolo 100f - Fardo 6,Papel,VENDA,2,3.47,174.24,129.96,5.68,6.1,5.68,32.5
2025-12-24,2025-12,51949,Missoes Participacoes LTDA ME,Restaurante,Litoral,Tarcisio Bueno,Bota PVC,EPI,VENDA,2,1.06,43.48,27.24,2.94,1.22,2.94,12.08
2025-12-25,2025-12,51962,Horizonte Negocios LTDA ME,Mercado,Litoral,Simone Klein,BOTA PVC - FARDO 6,EPI,VENDA,3,1.85,20.94,13.23,2.06,0.73,2.06,4.92
2025-12-25,2025-12,51962,Horizonte Negocios LTDA ME,Mercado,Litoral,Simone Klein,Papel Higienico Folha Dupla 30m,Papel,VENDA,5,3.29,121.35,90.35,11.94,4.25,11.94,14.81
2025-12-25,2025-12,51964,Uniao Servicos LTDA,Industria,Interior Sul,Tarcisio Bueno,Embalagem Delivery 750ml - Pacote 100,Descartaveis,VENDA,10,8.71,114.0,109.9,11.73,3.19,11.73,-10.82
2025-12-29,2025-12,51985,Trevo Empreendimentos LTDA,Padaria,Interior Norte,Rogerio Antunes,Prato Descartavel 15cm - Caixa 24,Descartaveis,VENDA,3,1.16,135.54,92.49,45.25,3.12,13.57,-5.32
2025-12-29,2025-12,51987,Guarani Servicos S/A,Restaurante,Regiao Metropolitana,Simone Klein,Embalagem Delivery 750ml - Fardo 6,Descartaveis,VENDA,3,16.15,104.3,95.55,18.93,3.19,5.68,-13.37
2025-12-29,2025-12,51988,Estrela Servicos LTDA,Escola,Litoral,Tarcisio Bueno,Copo Descartavel 50ml - Pacote 100,Descartaveis,VENDA,2,13.28,63.25,48.0,22.79,1.32,6.84,-8.86
2025-12-29,2025-12,51988,Estrela Servicos LTDA,Escola,Litoral,Tarcisio Bueno,Alcool 70 1L - Caixa 24,Quimicos,VENDA,1,5.53,23.83,12.45,8.59,0.5,2.58,2.29
2025-12-30,2025-12,51991,Serrano Servicos LTDA ME,Mercado,Interior Norte,Simone Klein,Sabao Liquido 5L - Fardo 12,Quimicos,VENDA,1,2.43,40.23,10.41,35.49,0.54,10.65,-6.21
2025-12-30,2025-12,51993,Nortao Industria ME,Padaria,Interior Norte,Simone Klein,Guardanapo 24x24 - Fardo 12,Papel,VENDA,3,8.34,189.75,149.04,35.09,6.64,35.09,-1.02
2025-12-31,2025-12,51999,Trevo Empreendimentos LTDA,Padaria,Interior Norte,Rogerio Antunes,saco lixo 30l - fardo 6,Descartaveis,VENDA,20,14.16,252.0,258.4,21.69,7.56,21.69,-35.65
2025-12-31,2025-12,52003,Horizonte Distribuidora S/A,Condominio,Regiao Metropolitana,Rogerio Antunes,Balde 20L,Acessorios,VENDA,1,0.46,40.81,22.67,3.67,1.15,1.1,13.32
2025-01-01,2025-01,50003,Alvorada Distribuidora ME,Mercado,Interior Sul,Simone Klein,Papel Higienico Folha Dupla 30m - Fardo 12,Papel,VENDA,3,4.82,82.21,55.44,12.74,2.57,3.82,11.46
2025-01-02,2025-01,50012,Luminar Alimentos S/A,Restaurante,Interior Sul,Rogerio Antunes,saco lixo 100l - fardo 12,Descartaveis,VENDA,3,2.15,98.49,88.56,9.68,2.95,9.68,-2.7
2025-01-03,2025-01,50017,Boreal Negocios ME,Padaria,Interior Norte,Rogerio Antunes,limpador multiuso 5l - pacote 100,Quimicos,VENDA,3,3.88,67.46,35.37,22.78,1.55,6.83,7.76
2025-01-04,2025-01,50022,Serrano Servicos LTDA ME,Mercado,Interior Norte,Simone Klein,Cera Liquida Incolor 5L - Fardo 6,Quimicos,VENDA,3,3.51,179.7,109.26,28.54,5.59,8.56,36.31
2025-01-08,2025-01,50038,Xavante Servicos EIRELI,Padaria,Litoral,Rogerio Antunes,Alcool 70 1L - Caixa 24,Quimicos,VENDA,3,4.73,164.1,113.7,13.73,4.92,13.73,31.75
2025-01-08,2025-01,50041,Trevo Comercio ME,Clinica,Regiao Metropolitana,Tarcisio Bueno,Papel Toalha Rolo 100f - Caixa 24,Papel,VENDA,2,3.18,94.74,70.46,9.44,2.65,9.44,12.19
2025-01-14,2025-01,50068,Boreal Negocios ME,Padaria,Interior Norte,Rogerio Antunes,Esponja Dupla Face - Caixa 24,Acessorios,VENDA,1,0.74,31.88,17.27,4.05,0.87,1.22,9.69
2025-01-14,2025-01,50070,Luminar Distribuidora EIRELI,Clinica,Litoral,Rogerio Antunes,Alvejante 5L - Fardo 12,Quimicos,DEVOLUCAO,-5,3.64,-135.15,-107.9,32.01,-4.73,9.61,-54.53
2025-01-17,2025-01,50085,Querencia Participacoes EIRELI,Mercado,Regiao Metropolitana,Tarcisio Bueno,Copo Descartavel 200ml,Descartaveis,VENDA,2,7.5,76.67,59.72,19.85,1.76,5.96,-4.66
2025-01-17,2025-01,50086,XAVANTE EMPREENDIMENTOS LTDA ME,Mercado,Interior Norte,Simone Klein,Borrifador 500ml,Acessorios,VENDA,2,1.99,87.55,41.14,27.44,2.39,8.23,16.58
2025-01-20,2025-01,50093,Querencia Alimentos LTDA,Mercado,Interior Norte,Simone Klein,SACO LIXO 60L,Descartaveis,VENDA,2,7.17,29.84,13.0,23.04,0.48,6.92,-6.68
2025-01-22,2025-01,50108,Querencia Negocios LTDA,Industria,Interior Norte,Simone Klein,Vassoura Nylon - Caixa 24,Acessorios,VENDA,3,2.25,140.98,73.53,27.36,4.26,8.21,35.83
2025-01-22,2025-01,50108,Querencia Negocios LTDA,Industria,Interior Norte,Simone Klein,Limpador Multiuso 5L,Quimicos,VENDA,2,1.53,101.28,58.66,19.66,3.06,5.9,19.9
2025-01-22,2025-01,50112,UNIAO ALIMENTOS LTDA ME,Restaurante,Litoral,Simone Klein,Limpador Multiuso 5L - Fardo 6,Quimicos,VENDA,5,3.2,281.89,169.55,47.42,8.7,14.23,56.22
2025-01-22,2025-01,50113,Horizonte Industria S/A,Escola,Interior Norte,Rogerio Antunes,Embalagem Delivery 750ml,Descartaveis,VENDA,20,14.48,467.0,480.4,52.45,14.01,52.45,-79.86
2025-01-23,2025-01,50116,Zenite Participacoes ME,Padaria,Interior Norte,Simone Klein,Oculos Protecao - Fardo 6,EPI,VENDA,50,4.79,592.0,385.5,31.96,20.72,31.96,153.82
2025-01-23,2025-01,50116,Zenite Participacoes ME,Padaria,Interior Norte,Simone Klein,BORRIFADOR 500ML - FARDO 12,Acessorios,VENDA,20,2.15,580.8,350.2,31.36,20.33,31.36,178.91
2025-01-23,2025-01,50122,BOREAL SERVICOS LTDA ME,Escola,Regiao Metropolitana,Tarcisio Bueno,Saco Lixo 100L - Fardo 6,Descartaveis,VENDA,2,15.84,64.73,49.38,24.99,1.32,7.5,-10.96
2025-01-24,2025-01,50128,Querencia Alimentos LTDA,Mercado,Interior Norte,Simone Klein,Papel Toalha Rolo 100f - Fardo 6,Papel,VENDA,2,3.05,201.25,129.96,37.49,6.13,11.24,27.67
2025-01-24,2025-01,50133,Oriente Participacoes LTDA,Clinica,Regiao Metropolitana,Simone Klein,Marmitex Aluminio 800ml,Descartaveis,VENDA,20,12.41,215.48,175.8,57.83,6.13,17.35,-24.27
2025-01-24,2025-01,50134,BOREAL SERVICOS LTDA ME,Escola,Regiao Metropolitana,Tarcisio Bueno,Saco Lixo 100L,Descartaveis,VENDA,2,6.47,80.56,53.82,33.38,1.6,10.02,-8.24
2025-01-31,2025-01,50162,Oriente Participacoes LTDA,Clinica,Regiao Metropolitana,Simone Klein,Alcool 70 1L - Caixa 24,Quimicos,VENDA,3,1.6,198.89,113.7,41.99,5.93,12.6,37.27
2025-01-31,2025-01,50167,Serrano Alimentos EIRELI,Padaria,Regiao Metropolitana,Simone Klein,Cera Liquida Incolor 5L - Fardo 6,Quimicos,VENDA,2,3.99,69.04,47.46,2.91,2.42,2.91,16.25
2025-02-01,2025-02,50173,Pampa Alimentos ME,Padaria,Regiao Metropolitana,Rogerio Antunes,Alcool 70 1L - Caixa 24,Quimicos,VENDA,3,2.52,55.14,37.35,3.76,1.65,3.76,12.38
2025-02-01,2025-02,50173,Pampa Alimentos ME,Padaria,Regiao Metropolitana,Rogerio Antunes,Bobina Papel Toalha 200m,Papel,VENDA,1,4.37,46.76,35.21,3.19,1.4,3.19,6.96
2025-02-03,2025-02,50178,Vitoria Distribuidora LTDA ME,Hotel,Interior Sul,Tarcisio Bueno,Embalagem Delivery 750ml - Pacote 100,Descartaveis,VENDA,2,6.93,57.46,21.98,48.88,0.65,14.66,-14.05
2025-02-03,2025-02,50182,Pampa Alimentos ME,Padaria,Regiao Metropolitana,Rogerio Antunes,papel toalha rolo 100f,Papel,VENDA,3,1.11,152.34,110.91,25.31,4.57,25.31,11.55
2025-02-06,2025-02,50200,Xavante Negocios ME,Hotel,Regiao Metropolitana,Simone Klein,Cera Liquida Incolor 5L - Fardo 6,Quimicos,VENDA,1,0.1,40.49,23.73,6.54,1.26,1.96,8.96
2025-02-06,2025-02,50202,Horizonte Distribuidora S/A,Condominio,Regiao Metropolitana,Rogerio Antunes,Balde 20L - Fardo 12,Acessorios,VENDA,5,1.65,123.1,73.85,6.44,3.69,6.44,39.12
2025-02-07,2025-02,50207,Estrela Industria EIRELI,Clinica,Interior Norte,Rogerio Antunes,Rodo 40cm - Fardo 12,Acessorios,VENDA,5,0.28,53.02,21.9,22.88,1.11,6.86,7.13
2025-02-07,2025-02,50208,Querencia Empreendimentos LTDA,Clinica,Interior Sul,Simone Klein,Rodo 40cm - Pacote 100,Acessorios,DEVOLUCAO,-2,2.76,-25.35,-24.92,22.47,-1.44,6.74,-21.46
2025-02-08,2025-02,50211,Estrela Servicos ME,Hotel,Interior Sul,Tarcisio Bueno,Rodo 40cm,Acessorios,VENDA,3,1.05,83.81,40.95,21.58,1.92,6.47,19.36
2025-02-08,2025-02,50212,Serrano Servicos LTDA ME,Mercado,Interior Norte,Simone Klein,papel higienico folha dupla 30m - fardo 12,Papel,VENDA,1,3.66,81.51,51.04,18.86,2.39,5.65,9.22
2025-02-08,2025-02,50212,Serrano Servicos LTDA ME,Mercado,Interior Norte,Simone Klein,Bota PVC - Fardo 12,EPI,VENDA,2,1.89,68.52,36.28,15.86,2.01,4.76,14.37
2025-02-11,2025-02,50220,Horizonte Distribuidora S/A,Condominio,Regiao Metropolitana,Rogerio Antunes,Marmitex Aluminio 800ml - Caixa 24,Descartaveis,VENDA,1,6.47,12.6,10.48,2.08,0.33,0.62,-0.29
2025-02-11,2025-02,50221,Uniao Comercio EIRELI,Escola,Interior Sul,Rogerio Antunes,PRATO DESCARTAVEL 15CM - PACOTE 100,Descartaveis,VENDA,1,1.51,42.28,33.04,7.57,1.11,2.27,0.56
2025-02-14,2025-02,50237,BOREAL SERVICOS LTDA ME,Escola,Regiao Metropolitana,Tarcisio Bueno,Mascara Descartavel - Fardo 6,EPI,VENDA,1,1.4,12.47,6.31,3.48,0.28,1.05,2.4
2025-02-17,2025-02,50245,Rio Claro Negocios LTDA,Restaurante,Regiao Metropolitana,Simone Klein,Cera Liquida Incolor 5L - Fardo 6,Quimicos,VENDA,20,3.91,640.0,439.6,37.73,22.4,37.73,140.27
2025-02-18,2025-02,50249,Pampa Alimentos ME,Padaria,Regiao Metropolitana,Rogerio Antunes,Balde 20L - Pacote 100,Acessorios,VENDA,1,4.09,38.36,19.24,10.12,0.94,3.04,8.06
2025-02-19,2025-02,50264,Rio Claro Servicos EIRELI,Mercado,Interior Norte,Tarcisio Bueno,Copo Descartavel 200ml,Descartaveis,VENDA,3,7.05,118.05,89.58,33.47,2.65,10.04,-7.65
2025-02-19,2025-02,50265,Alvorada Servicos LTDA,Hotel,Interior Norte,Rogerio Antunes,Desengordurante 5L - Pacote 100,Quimicos,VENDA,3,2.9,58.45,37.11,5.5,1.64,1.65,14.2
2025-02-20,2025-02,50269,Zenite Empreendimentos ME,Hotel,Litoral,Tarcisio Bueno,Alcool 70 1L - Caixa 24,Quimicos,VENDA,10,1.45,185.9,124.5,25.82,5.21,25.82,30.37
2025-02-24,2025-02,50289,Zenite Participacoes ME,Padaria,Interior Norte,Simone Klein,Embalagem Delivery 750ml - Fardo 6,Descartaveis,VENDA,2,3.65,90.35,63.7,29.45,2.44,8.84,-5.24
2025-02-24,2025-02,50290,Querencia Participacoes EIRELI,Mercado,Regiao Metropolitana,Tarcisio Bueno,COPO DESCARTAVEL 200ML - FARDO 6,Descartaveis,VENDA,1,6.02,29.13,23.62,5.58,0.71,1.67,-0.78
2025-02-26,2025-02,50308,Aurora Distribuidora LTDA,Escola,Regiao Metropolitana,Rogerio Antunes,Papel Higienico Folha Dupla 30m - Fardo 12,Papel,VENDA,2,8.25,128.6,100.92,10.82,3.86,10.82,13.0
2025-02-27,2025-02,50312,Nortao Alimentos S/A,Escola,Interior Norte,Simone Klein,Bota PVC - Fardo 6,EPI,VENDA,1,1.69,42.45,11.74,34.05,0.65,10.22,-3.99
2025-02-28,2025-02,50319,Horizonte Distribuidora S/A,Condominio,Regiao Metropolitana,Rogerio Antunes,Desinfetante Lavanda 5L - Fardo 6,Quimicos,VENDA,2,2.85,90.64,61.58,5.7,2.72,5.7,20.64
2025-03-01,2025-03,50326,Querencia Participacoes EIRELI,Mercado,Regiao Metropolitana,Tarcisio Bueno,Cera Liquida Incolor 5L - Fardo 6,Quimicos,VENDA,1,2.35,58.31,36.42,6.33,1.51,1.9,14.05
2025-03-03,2025-03,50328,BANDEIRANTE NEGOCIOS S/A,Condominio,Interior Sul,Simone Klein,Embalagem Delivery 750ml - Fardo 6,Descartaveis,VENDA,3,8.87,98.94,95.55,13.33,3.46,13.33,-13.4
2025-03-04,2025-03,50340,Serrano Servicos LTDA ME,Mercado,Interior Norte,Simone Klein,Bobina Papel Toalha 200m,Papel,VENDA,2,3.55,94.32,70.42,7.49,3.3,7.49,13.11
2025-03-04,2025-03,50340,Serrano Servicos LTDA ME,Mercado,Interior Norte,Simone Klein,Detergente Neutro 5L,Quimicos,VENDA,3,3.04,146.37,99.63,11.63,5.12,11.63,29.99
2025-03-05,2025-03,50349,BOREAL SERVICOS LTDA ME,Escola,Regiao Metropolitana,Tarcisio Bueno,Cera Liquida Incolor 5L - Fardo 6,Quimicos,VENDA,1,3.01,38.5,21.98,8.86,0.9,2.66,6.76
2025-03-05,2025-03,50351,Serrano Servicos LTDA ME,Mercado,Interior Norte,Simone Klein,Vassoura Nylon - Caixa 24,Acessorios,VENDA,10,3.08,420.5,256.0,39.31,14.72,39.31,110.47
2025-03-06,2025-03,50356,Oriente Participacoes LTDA,Clinica,Regiao Metropolitana,Simone Klein,Embalagem Delivery 750ml - Fardo 6,Descartaveis,VENDA,2,6.29,78.26,63.7,14.91,2.37,4.47,-2.72
2025-03-06,2025-03,50356,Oriente Participacoes LTDA,Clinica,Regiao Metropolitana,Simone Klein,Borrifador 500ml,Acessorios,VENDA,1,0.07,40.2,20.57,7.66,1.22,2.3,10.75
2025-03-06,2025-03,50361,Querencia Participacoes EIRELI,Mercado,Regiao Metropolitana,Tarcisio Bueno,Prato Descartavel 15cm - Caixa 24,Descartaveis,VENDA,5,12.11,96.7,96.85,5.45,2.71,5.45,-8.31
2025-03-06,2025-03,50361,Querencia Participacoes EIRELI,Mercado,Regiao Metropolitana,Tarcisio Bueno,Mascara Descartavel - Fardo 12,EPI,VENDA,5,4.31,90.3,58.5,5.09,2.53,5.09,24.18
2025-03-06,2025-03,50364,Estrela Negocios EIRELI,Padaria,Interior Norte,Rogerio Antunes,REMOVEDOR 1L - CAIXA 24,Quimicos,VENDA,1,3.15,17.6,10.07,4.03,0.44,1.21,3.06
2025-03-07,2025-03,50367,BOREAL SERVICOS LTDA ME,Escola,Regiao Metropolitana,Tarcisio Bueno,Cera Liquida Incolor 5L - Fardo 6,Quimicos,VENDA,5,1.92,261.7,176.1,14.61,7.33,14.61,63.66
2025-03-07,2025-03,50367,BOREAL SERVICOS LTDA ME,Escola,Regiao Metropolitana,Tarcisio Bueno,Prato Descartavel 15cm - Caixa 24,Descartaveis,VENDA,10,16.88,291.2,308.3,16.26,8.15,16.26,-41.51
2025-03-08,2025-03,50376,Pampa Alimentos ME,Padaria,Regiao Metropolitana,Rogerio Antunes,Cera Liquida Incolor 5L - Fardo 6,Quimicos,VENDA,5,6.39,274.06,176.1,34.72,7.49,10.41,55.75
2025-03-10,2025-03,50381,Serrano Servicos LTDA ME,Mercado,Interior Norte,Simone Klein,Desinfetante Lavanda 5L - Pacote 100,Quimicos,VENDA,2,0.66,121.47,74.92,12.41,3.95,3.72,30.19
2025-03-10,2025-03,50383,Nortao Empreendimentos LTDA ME,Padaria,Interior Sul,Tarcisio Bueno,Papel Toalha Rolo 100f - Fardo 6,Papel,VENDA,10,4.82,859.0,649.8,50.14,24.05,50.14,135.01
2025-03-10,2025-03,50387,Zenite Industria LTDA,Mercado,Litoral,Simone Klein,Luva Latex - Fardo 6,EPI,VENDA,3,1.32,70.26,35.85,18.86,2.0,5.66,13.55
2025-03-11,2025-03,50401,Oriente Participacoes LTDA,Clinica,Regiao Metropolitana,Simone Klein,Desengordurante 5L - Pacote 100,Quimicos,VENDA,10,0.2,206.84,123.7,28.34,6.55,8.5,48.26
2025-03-11,2025-03,50401,Oriente Participacoes LTDA,Clinica,Regiao Metropolitana,Simone Klein,Papel Toalha Interfolha 1000f - Pacote 100,Papel,VENDA,1,2.99,86.03,57.73,11.79,2.72,3.54,13.79
2025-03-12,2025-03,50410,Pampa Alimentos ME,Padaria,Regiao Metropolitana,Rogerio Antunes,Copo Descartavel 50ml - Pacote 100,Descartaveis,VENDA,1,12.17,34.97,24.0,15.74,0.72,4.72,-5.49
2025-03-14,2025-03,50428,Alvorada Servicos LTDA,Hotel,Interior Norte,Rogerio Antunes,Papel Higienico Rolao 300m - Fardo 12,Papel,VENDA,2,1.46,191.59,124.68,29.92,5.12,8.97,31.87
2025-03-14,2025-03,50430,Querencia Participacoes EIRELI,Mercado,Regiao Metropolitana,Tarcisio Bueno,Talher Descartavel Misto - Fardo 6,Descartaveis,VENDA,5,16.74,171.7,181.45,13.21,4.81,13.21,-27.77
2025-03-14,2025-03,50433,Luminar Alimentos S/A,Restaurante,Interior Sul,Rogerio Antunes,Desinfetante Lavanda 5L - Pacote 100,Quimicos,VENDA,1,6.83,58.25,37.46,7.66,1.59,2.29,11.54
2025-03-15,2025-03,50440,Estrela Negocios EIRELI,Padaria,Interior Norte,Rogerio Antunes,Papel Toalha Rolo 100f - Caixa 24,Papel,VENDA,1,1.32,54.45,35.23,8.82,1.45,2.65,8.95
2025-03-17,2025-03,50449,Serrano Servicos LTDA ME,Mercado,Interior Norte,Simone Klein,Copo Descartavel 200ml - Pacote 100,Descartaveis,VENDA,1,3.42,48.24,28.9,23.6,1.11,7.08,-5.37
2025-03-17,2025-03,50450,Querencia Participacoes EIRELI,Mercado,Regiao Metropolitana,Tarcisio Bueno,Alcool 70 1L,Quimicos,VENDA,10,9.16,550.7,400.1,27.85,15.42,27.85,107.33
2025-03-18,2025-03,50454,Nortao Empreendimentos LTDA ME,Padaria,Interior Sul,Tarcisio Bueno,Detergente Neutro 5L - Caixa 24,Quimicos,VENDA,1,0.88,62.23,31.74,20.8,1.33,6.24,8.36
2025-03-18,2025-03,50459,Central Negocios ME,Mercado,Interior Sul,Tarcisio Bueno,DETERGENTE NEUTRO 5L - PACOTE 100,Quimicos,VENDA,5,0.77,82.4,54.8,4.71,2.31,4.71,20.58
2025-03-20,2025-03,50473,BOREAL SERVICOS LTDA ME,Escola,Regiao Metropolitana,Tarcisio Bueno,Alvejante 5L - Caixa 24,Quimicos,VENDA,1,4.78,54.53,37.8,6.21,1.53,6.21,8.99
2025-03-20,2025-03,50474,Estrela Servicos ME,Hotel,Interior Sul,Tarcisio Bueno,sabao liquido 5l - pacote 100,Quimicos,VENDA,3,7.06,96.75,68.7,6.79,2.71,6.79,18.55
2025-03-21,2025-03,50483,Estrela Servicos LTDA,Escola,Litoral,Tarcisio Bueno,SACO LIXO 60L - CAIXA 24,Descartaveis,VENDA,1,9.1,10.34,10.01,1.46,0.29,1.46,-1.42
2025-03-25,2025-03,50506,Nortao Empreendimentos LTDA ME,Padaria,Interior Sul,Tarcisio Bueno,Sabao Liquido 5L,Quimicos,VENDA,1,0.34,60.64,33.68,13.97,1.42,4.19,11.57
2025-03-26,2025-03,50521,Serrano Servicos LTDA ME,Mercado,Interior Norte,Simone Klein,Avental PVC - Fardo 6,EPI,VENDA,3,2.41,43.98,13.53,32.45,0.74,9.74,-2.74
2025-03-27,2025-03,50522,Serrano Servicos LTDA ME,Mercado,Interior Norte,Simone Klein,Bobina Papel Toalha 200m,Papel,VENDA,2,1.09,116.67,70.42,28.47,3.39,8.54,14.39
2025-03-27,2025-03,50530,Pampa Alimentos ME,Padaria,Regiao Metropolitana,Rogerio Antunes,Desinfetante Lavanda 5L - Pacote 100,Quimicos,VENDA,3,1.72,179.97,112.38,18.04,5.02,5.41,44.53
2025-03-27,2025-03,50530,Pampa Alimentos ME,Padaria,Regiao Metropolitana,Rogerio Antunes,Guardanapo 24x24 - Fardo 12,Papel,VENDA,2,0.49,147.68,99.36,14.8,4.12,4.44,29.4
2025-03-27,2025-03,50532,Oriente Participacoes LTDA,Clinica,Regiao Metropolitana,Simone Klein,Avental PVC - Pacote 100,EPI,VENDA,1,0.77,24.07,15.04,2.23,0.84,2.23,5.96
2025-03-28,2025-03,50533,Luminar Participacoes LTDA,Condominio,Litoral,Simone Klein,PAPEL HIGIENICO ROLAO 300M,Papel,VENDA,5,5.33,97.3,62.7,21.22,2.89,6.37,10.49
2025-03-28,2025-03,50534,Nortao Alimentos S/A,Escola,Interior Norte,Simone Klein,SABAO LIQUIDO 5L - FARDO 6,Quimicos,VENDA,1,2.88,41.22,28.01,3.57,1.44,3.57,8.2
2025-03-29,2025-03,50541,Querencia Negocios LTDA,Industria,Interior Norte,Simone Klein,SACO LIXO 60L,Descartaveis,VENDA,1,9.76,10.73,6.5,5.8,0.23,1.74,-1.8
2025-03-29,2025-03,50541,Querencia Negocios LTDA,Industria,Interior Norte,Simone Klein,Embalagem Delivery 750ml - Pacote 100,Descartaveis,VENDA,2,1.67,39.51,21.98,21.35,0.86,6.4,-4.68
2025-03-31,2025-03,50548,querencia negocios me,Restaurante,Litoral,Rogerio Antunes,Desinfetante Lavanda 5L - Fardo 6,Quimicos,VENDA,20,1.7,917.2,615.8,45.48,27.52,45.48,228.4
2025-04-01,2025-04,50551,Trevo Empreendimentos LTDA,Padaria,Interior Norte,Rogerio Antunes,Luva Latex - Fardo 12,EPI,VENDA,10,4.83,93.9,61.2,9.08,2.82,9.08,20.8
2025-04-01,2025-04,50551,Trevo Empreendimentos LTDA,Padaria,Interior Norte,Rogerio Antunes,Alvejante 5L - Caixa 24,Quimicos,DEVOLUCAO,-5,10.81,-255.4,-189.0,24.7,-7.66,24.7,-83.44
2025-04-01,2025-04,50552,Serrano Servicos LTDA ME,Mercado,Interior Norte,Simone Klein,Desinfetante Lavanda 5L - Fardo 6,Quimicos,VENDA,10,4.1,447.4,307.9,43.64,15.66,43.64,80.2
2025-04-02,2025-04,50562,Vitoria Distribuidora LTDA ME,Hotel,Interior Sul,Tarcisio Bueno,DESINFETANTE LAVANDA 5L - FARDO 6,Quimicos,VENDA,2,2.5,89.92,55.26,11.85,2.29,3.55,20.52
2025-04-04,2025-04,50576,Central Negocios LTDA ME,Clinica,Interior Sul,Simone Klein,Borrifador 500ml - Fardo 12,Acessorios,VENDA,10,3.77,199.1,122.1,28.45,6.97,28.45,41.58
2025-04-07,2025-04,50584,TREVO ALIMENTOS S/A,Mercado,Interior Norte,Rogerio Antunes,Sabao Liquido 5L - Fardo 12,Quimicos,VENDA,5,0.43,78.5,52.05,14.02,2.36,14.02,10.08
2025-04-09,2025-04,50599,Trevo Alimentos EIRELI,Condominio,Interior Norte,Simone Klein,Bobina Papel Toalha 200m - Fardo 6,Papel,VENDA,3,8.18,91.3,60.78,19.69,2.71,5.91,8.12
2025-04-09,2025-04,50602,Vitoria Distribuidora LTDA ME,Hotel,Interior Sul,Tarcisio Bueno,Saco Lixo 30L,Descartaveis,VENDA,10,2.0,230.54,175.5,50.19,5.47,15.05,-0.62
2025-04-10,2025-04,50611,Horizonte Distribuidora S/A,Condominio,Regiao Metropolitana,Rogerio Antunes,SACO LIXO 60L - PACOTE 100,Descartaveis,VENDA,1,8.15,13.92,13.33,0.46,0.42,0.46,-0.29
2025-04-11,2025-04,50613,Imperial Distribuidora S/A,Clinica,Interior Norte,Rogerio Antunes,Prato Descartavel 15cm - Caixa 24,Descartaveis,VENDA,1,8.03,20.24,19.37,2.46,0.61,2.46,-2.2
2025-04-11,2025-04,50615,Nortao Alimentos S/A,Escola,Interior Norte,Simone Klein,Esponja Dupla Face - Fardo 6,Acessorios,VENDA,2,1.06,83.41,39.42,24.7,2.31,7.41,16.98
2025-04-12,2025-04,50618,Serrano Servicos LTDA ME,Mercado,Interior Norte,Simone Klein,Embalagem Delivery 750ml,Descartaveis,VENDA,3,10.86,92.73,72.06,28.16,2.56,8.45,-10.05
2025-04-12,2025-04,50618,Serrano Servicos LTDA ME,Mercado,Interior Norte,Simone Klein,DESINFETANTE LAVANDA 5L - FARDO 6,Quimicos,VENDA,1,0.37,52.97,27.63,16.09,1.46,4.83,7.79
2025-04-15,2025-04,50626,Trevo Empreendimentos LTDA,Padaria,Interior Norte,Rogerio Antunes,Copo Descartavel 200ml - Fardo 12,Descartaveis,VENDA,3,2.98,57.93,52.53,4.17,1.74,4.17,-0.51
2025-04-15,2025-04,50628,Imperial Servicos EIRELI,Condominio,Interior Norte,Rogerio Antunes,DETERGENTE NEUTRO 5L - PACOTE 100,Quimicos,VENDA,1,1.32,18.48,10.96,2.99,0.49,0.9,4.04
2025-04-15,2025-04,50628,Imperial Servicos EIRELI,Condominio,Interior Norte,Rogerio Antunes,mop umido - fardo 6,Acessorios,VENDA,3,0.64,115.24,60.69,18.62,3.07,5.59,32.86
2025-04-16,2025-04,50630,Luminar Alimentos S/A,Restaurante,Interior Sul,Rogerio Antunes,Embalagem Delivery 750ml - Pacote 100,Descartaveis,VENDA,3,7.26,38.59,32.97,5.51,1.04,1.66,-0.93
2025-04-16,2025-04,50632,Trevo Alimentos EIRELI,Condominio,Interior Norte,Simone Klein,Copo Descartavel 50ml - Pacote 100,Descartaveis,VENDA,3,13.12,53.78,38.61,22.4,1.33,6.72,-8.56
2025-04-17,2025-04,50638,Imperial Servicos S/A,Clinica,Regiao Metropolitana,Rogerio Antunes,Bota PVC,EPI,VENDA,3,1.78,64.74,40.86,3.16,1.94,3.16,18.78
2025-04-17,2025-04,50639,Uniao Servicos LTDA,Industria,Interior Sul,Tarcisio Bueno,papel higienico folha dupla 30m - fardo 12,Papel,VENDA,3,5.47,201.03,153.12,14.29,5.63,14.29,27.99
2025-04-17,2025-04,50643,Oriente Alimentos ME,Padaria,Interior Norte,Tarcisio Bueno,Papel Higienico Folha Dupla 30m - Fardo 12,Papel,VENDA,5,4.95,135.94,92.4,19.92,3.42,5.98,20.2
2025-04-17,2025-04,50647,Serrano Servicos LTDA ME,Mercado,Interior Norte,Simone Klein,Desinfetante Lavanda 5L,Quimicos,VENDA,2,0.78,68.94,40.42,11.68,2.13,3.5,14.71
2025-04-18,2025-04,50649,Horizonte Distribuidora S/A,Condominio,Regiao Metropolitana,Rogerio Antunes,Alcool 70 1L - Caixa 24,Quimicos,VENDA,2,1.23,41.36,24.9,5.86,1.12,1.76,9.48
2025-04-18,2025-04,50652,Pampa Alimentos ME,Padaria,Regiao Metropolitana,Rogerio Antunes,Alcool 70 1L - Caixa 24,Quimicos,VENDA,1,5.17,66.72,37.9,17.53,1.63,5.26,9.66
2025-04-18,2025-04,50652,Pampa Alimentos ME,Padaria,Regiao Metropolitana,Rogerio Antunes,ALCOOL 70 1L - FARDO 6,Quimicos,VENDA,1,2.56,75.88,41.95,19.93,1.86,5.98,12.14
2025-04-18,2025-04,50654,Querencia Distribuidora LTDA ME,Padaria,Interior Norte,Rogerio Antunes,Detergente Neutro 5L - Caixa 24,Quimicos,VENDA,2,0.55,111.98,63.48,23.31,2.87,6.99,22.32
2025-04-19,2025-04,50656,Zenite Servicos EIRELI,Industria,Interior Sul,Tarcisio Bueno,Cera Liquida Incolor 5L - Fardo 6,Quimicos,VENDA,1,3.56,53.22,36.42,1.84,1.49,1.84,13.47
2025-04-21,2025-04,50659,Nortao Industria ME,Padaria,Interior Norte,Simone Klein,Saco Lixo 100L - Pacote 100,Descartaveis,VENDA,10,2.14,203.24,159.2,37.48,6.2,11.24,0.37
2025-04-22,2025-04,50665,Serrano Servicos LTDA ME,Mercado,Interior Norte,Simone Klein,Guardanapo 24x24 - Caixa 24,Papel,VENDA,5,4.6,346.31,229.85,59.66,10.66,17.9,46.14
2025-04-25,2025-04,50680,Serrano Servicos LTDA ME,Mercado,Interior Norte,Simone Klein,Pano Multiuso - Caixa 24,Acessorios,VENDA,3,0.94,72.76,38.91,10.64,2.29,3.19,20.92
2025-05-01,2025-05,50705,Serrano Alimentos EIRELI,Padaria,Regiao Metropolitana,Simone Klein,Limpa Vidros 500ml,Quimicos,VENDA,2,3.98,73.39,36.36,29.27,1.85,8.78,5.91
2025-05-01,2025-05,50710,Boreal Empreendimentos LTDA,Industria,Regiao Metropolitana,Tarcisio Bueno,Marmitex Aluminio 800ml - Pacote 100,Descartaveis,VENDA,1,5.01,36.49,27.73,9.38,0.84,2.82,-1.46
2025-05-07,2025-05,50739,Oriente Negocios ME,Restaurante,Interior Sul,Rogerio Antunes,Desinfetante Lavanda 5L - Fardo 6,Quimicos,VENDA,1,0.75,46.3,30.79,5.06,1.39,5.06,9.06
2025-05-07,2025-05,50743,Querencia Alimentos LTDA,Mercado,Interior Norte,Simone Klein,Copo Descartavel 50ml,Descartaveis,VENDA,5,7.91,192.18,162.75,31.26,5.96,9.38,-7.79
2025-05-07,2025-05,50744,Imperial Servicos S/A,Clinica,Regiao Metropolitana,Rogerio Antunes,Desinfetante Lavanda 5L - Pacote 100,Quimicos,VENDA,2,5.94,130.51,74.92,33.9,3.2,10.17,18.49
2025-05-07,2025-05,50744,Imperial Servicos S/A,Clinica,Regiao Metropolitana,Rogerio Antunes,Pano Multiuso - Fardo 6,Acessorios,VENDA,2,2.95,16.89,8.4,4.39,0.41,1.32,3.69
2025-05-07,2025-05,50745,Querencia Participacoes EIRELI,Mercado,Regiao Metropolitana,Tarcisio Bueno,Saco Lixo 60L - Fardo 6,Descartaveis,VENDA,1,15.84,27.74,8.39,28.17,0.22,8.45,-9.04
2025-05-08,2025-05,50749,Trevo Alimentos EIRELI,Condominio,Interior Norte,Simone Klein,Borrifador 500ml - Fardo 12,Acessorios,VENDA,10,4.79,223.85,122.1,38.36,6.9,11.51,56.49
2025-05-09,2025-05,50761,Estrela Servicos LTDA,Escola,Litoral,Tarcisio Bueno,Copo Descartavel 200ml - Pacote 100,Descartaveis,VENDA,3,12.57,113.84,86.7,39.58,2.41,11.87,-14.85
2025-05-12,2025-05,50763,Boreal Negocios ME,Padaria,Interior Norte,Rogerio Antunes,ALCOOL 70 1L - FARDO 6,Quimicos,VENDA,1,1.26,71.14,41.95,11.97,1.88,3.59,15.34
2025-05-12,2025-05,50768,Serrano Servicos LTDA ME,Mercado,Interior Norte,Simone Klein,BORRIFADOR 500ML - FARDO 12,Acessorios,VENDA,20,1.37,585.4,350.2,37.89,20.49,37.89,176.82
2025-05-12,2025-05,50771,Jangada Comercio ME,Padaria,Regiao Metropolitana,Simone Klein,Vassoura Nylon - Caixa 24,Acessorios,VENDA,3,1.47,138.16,73.53,21.96,4.3,6.59,38.37
2025-05-13,2025-05,50776,Zenite Servicos EIRELI,Industria,Interior Sul,Tarcisio Bueno,Cera Liquida Incolor 5L - Fardo 6,Quimicos,VENDA,5,3.55,281.24,176.1,34.13,7.21,10.24,63.8
2025-05-14,2025-05,50786,UNIAO ALIMENTOS EIRELI,Industria,Litoral,Simone Klein,Desengordurante 5L,Quimicos,VENDA,2,1.23,119.57,67.86,25.73,3.55,7.72,22.43
2025-05-14,2025-05,50787,Guarani Servicos LTDA ME,Escola,Litoral,Tarcisio Bueno,SACO LIXO 60L,Descartaveis,VENDA,2,15.39,16.99,13.0,6.42,0.35,1.93,-2.78
2025-05-15,2025-05,50788,Horizonte Distribuidora S/A,Condominio,Regiao Metropolitana,Rogerio Antunes,Pano Multiuso - Caixa 24,Acessorios,VENDA,5,1.14,108.65,64.85,12.11,3.26,12.11,28.43
2025-05-22,2025-05,50813,Oriente Negocios LTDA ME,Industria,Litoral,Rogerio Antunes,Copo Descartavel 200ml - Fardo 12,Descartaveis,VENDA,1,2.45,26.77,17.51,10.52,0.58,3.16,-1.84
2025-05-23,2025-05,50815,Zenite Servicos EIRELI,Industria,Interior Sul,Tarcisio Bueno,Copo Descartavel 200ml - Fardo 12,Descartaveis,VENDA,1,4.39,37.51,31.4,4.86,0.96,1.46,0.29
2025-05-23,2025-05,50817,Estrela Servicos ME,Hotel,Interior Sul,Tarcisio Bueno,Saco Lixo 30L - Fardo 6,Descartaveis,VENDA,1,2.03,32.96,25.49,6.55,0.79,1.97,0.13
2025-05-26,2025-05,50835,Luminar Participacoes LTDA,Condominio,Litoral,Simone Klein,removedor 1l - pacote 100,Quimicos,VENDA,2,2.91,64.72,35.4,18.06,1.82,5.42,9.44
2025-05-27,2025-05,50842,Imperial Servicos EIRELI,Condominio,Interior Norte,Rogerio Antunes,BOTA PVC - FARDO 6,EPI,VENDA,3,0.2,21.3,13.23,1.68,0.64,1.68,5.75
2025-05-28,2025-05,50848,Querencia Participacoes EIRELI,Mercado,Regiao Metropolitana,Tarcisio Bueno,Bota PVC - Fardo 6,EPI,VENDA,2,3.99,56.13,23.48,28.24,1.02,8.47,3.39
2025-05-28,2025-05,50854,Nortao Alimentos S/A,Escola,Interior Norte,Simone Klein,Marmitex Aluminio 800ml,Descartaveis,VENDA,3,6.7,36.35,26.37,11.99,0.98,3.6,-2.99
2025-06-03,2025-06,50871,BANDEIRANTE NEGOCIOS S/A,Condominio,Interior Sul,Simone Klein,Luva Plastica Descartavel - Pacote 100,Descartaveis,VENDA,10,7.27,208.47,169.4,42.81,6.25,12.84,-9.99
2025-06-03,2025-06,50873,Imperial Empreendimentos EIRELI,Padaria,Litoral,Rogerio Antunes,Papel Toalha Interfolha 1000f,Papel,VENDA,1,4.54,67.38,20.92,56.62,0.83,16.98,-10.99
2025-06-04,2025-06,50884,Guarani Servicos LTDA ME,Escola,Litoral,Tarcisio Bueno,Luva Latex - Fardo 12,EPI,VENDA,3,0.25,33.68,18.36,5.89,0.83,1.76,8.6
2025-06-04,2025-06,50886,Oriente Participacoes LTDA,Clinica,Regiao Metropolitana,Simone Klein,Talher Descartavel Misto - Caixa 24,Descartaveis,VENDA,50,2.36,1738.0,1566.5,68.87,60.83,68.87,41.8
2025-06-04,2025-06,50887,Estrela Servicos LTDA,Escola,Litoral,Tarcisio Bueno,Embalagem Delivery 750ml,Descartaveis,VENDA,5,13.06,118.65,120.1,13.01,3.32,13.01,-17.78
2025-06-04,2025-06,50888,Estrela Servicos LTDA,Escola,Litoral,Tarcisio Bueno,Copo Descartavel 50ml,Descartaveis,VENDA,2,6.89,82.52,65.1,19.49,1.93,5.85,-4.0
2025-06-05,2025-06,50891,BOREAL SERVICOS LTDA ME,Escola,Regiao Metropolitana,Tarcisio Bueno,Bobina Papel Toalha 200m,Papel,VENDA,2,8.87,107.75,70.42,26.61,2.5,7.98,8.22
2025-06-05,2025-06,50896,Alvorada Distribuidora ME,Mercado,Interior Sul,Simone Klein,Papel Toalha Interfolha 1000f - Caixa 24,Papel,VENDA,3,1.41,205.59,150.15,14.09,7.2,14.09,34.15
2025-06-06,2025-06,50903,Horizonte Distribuidora S/A,Condominio,Regiao Metropolitana,Rogerio Antunes,PAPEL HIGIENICO ROLAO 300M,Papel,VENDA,5,2.5,93.84,62.7,12.77,2.55,3.83,15.82
2025-06-06,2025-06,50904,Boreal Comercio EIRELI,Mercado,Interior Sul,Simone Klein,Detergente Neutro 5L,Quimicos,VENDA,2,3.32,97.3,66.42,2.47,3.41,2.47,25.0
2025-06-09,2025-06,50909,Xavante Servicos EIRELI,Padaria,Litoral,Rogerio Antunes,MASCARA DESCARTAVEL - CAIXA 24,EPI,VENDA,2,4.04,53.72,26.44,18.29,1.23,5.49,7.76
2025-06-11,2025-06,50916,Estrela Servicos ME,Hotel,Interior Sul,Tarcisio Bueno,Luva Plastica Descartavel - Fardo 6,Descartaveis,VENDA,1,2.97,16.82,15.25,1.71,0.47,1.71,-0.61
2025-06-11,2025-06,50920,BOREAL SERVICOS LTDA ME,Escola,Regiao Metropolitana,Tarcisio Bueno,Escova Sanitaria - Fardo 12,Acessorios,VENDA,5,2.89,139.16,72.4,28.59,3.34,8.58,34.83
2025-06-12,2025-06,50924,Estrela Servicos LTDA,Escola,Litoral,Tarcisio Bueno,Talher Descartavel Misto - Pacote 100,Descartaveis,VENDA,2,3.94,74.99,52.62,25.07,1.61,7.52,-4.31
2025-06-12,2025-06,50924,Estrela Servicos LTDA,Escola,Litoral,Tarcisio Bueno,PAPEL HIGIENICO ROLAO 300M,Papel,VENDA,2,3.88,43.71,25.08,14.61,0.94,4.38,3.08
2025-06-12,2025-06,50925,Querencia Negocios LTDA,Industria,Interior Norte,Simone Klein,Papel Higienico Rolao 300m - Fardo 12,Papel,VENDA,5,6.44,289.9,223.1,12.27,10.15,12.27,44.38
2025-06-13,2025-06,50928,Horizonte Distribuidora S/A,Condominio,Regiao Metropolitana,Rogerio Antunes,luva plastica descartavel - pacote 100,Descartaveis,VENDA,3,2.84,64.44,58.38,7.5,1.93,7.5,-3.37
2025-06-13,2025-06,50932,Central Alimentos LTDA ME,Clinica,Litoral,Tarcisio Bueno,Limpa Vidros 500ml - Caixa 24,Quimicos,VENDA,1,2.41,48.67,25.18,16.34,1.04,4.9,6.11
2025-06-14,2025-06,50934,Luminar Alimentos S/A,Restaurante,Interior Sul,Rogerio Antunes,Saco Lixo 100L - Pacote 100,Descartaveis,VENDA,1,6.86,22.06,15.92,7.44,0.51,2.23,-1.81
2025-06-14,2025-06,50935,Imperial Distribuidora S/A,Clinica,Interior Norte,Rogerio Antunes,Luva Latex - Fardo 6,EPI,VENDA,2,0.21,41.25,23.9,3.98,1.15,1.19,12.22
2025-06-16,2025-06,50940,Imperial Empreendimentos EIRELI,Padaria,Litoral,Rogerio Antunes,limpador multiuso 5l - pacote 100,Quimicos,VENDA,20,4.34,341.6,235.8,24.58,10.25,24.58,70.97
2025-06-16,2025-06,50940,Imperial Empreendimentos EIRELI,Padaria,Litoral,Rogerio Antunes,Desinfetante Lavanda 5L - Fardo 6,Quimicos,VENDA,5,0.52,232.05,153.95,16.7,6.96,16.7,54.44
2025-06-17,2025-06,50945,BOREAL SERVICOS LTDA ME,Escola,Regiao Metropolitana,Tarcisio Bueno,Papel Higienico Folha Dupla 30m,Papel,VENDA,3,7.81,87.59,54.21,25.95,1.94,7.78,5.49
2025-06-18,2025-06,50956,Jangada Empreendimentos ME,Condominio,Litoral,Rogerio Antunes,Alvejante 5L - Fardo 6,Quimicos,VENDA,2,0.24,50.76,31.58,4.35,1.43,1.31,13.4
2025-06-18,2025-06,50959,BOREAL SERVICOS LTDA ME,Escola,Regiao Metropolitana,Tarcisio Bueno,limpador multiuso 5l - pacote 100,Quimicos,VENDA,1,6.12,16.77,11.79,1.45,0.47,1.45,3.06
2025-06-19,2025-06,50965,Boreal Empreendimentos LTDA,Industria,Regiao Metropolitana,Tarcisio Bueno,Prato Descartavel 15cm - Caixa 24,Descartaveis,VENDA,2,11.58,61.94,61.66,5.05,1.73,5.05,-6.5
2025-06-20,2025-06,50967,querencia negocios me,Restaurante,Litoral,Rogerio Antunes,papel higienico rolao 300m - fardo 6,Papel,VENDA,3,1.66,272.38,184.08,29.93,7.54,8.98,50.83
2025-06-20,2025-06,50971,Aurora Industria LTDA,Clinica,Regiao Metropolitana,Tarcisio Bueno,BORRIFADOR 500ML - FARDO 12,Acessorios,VENDA,2,1.89,68.61,35.02,14.81,1.63,4.44,17.15
2025-06-20,2025-06,50971,Aurora Industria LTDA,Clinica,Regiao Metropolitana,Tarcisio Bueno,Avental PVC - Pacote 100,EPI,VENDA,1,2.49,12.39,6.69,2.68,0.29,0.81,2.73
2025-06-20,2025-06,50972,Guarani Participacoes LTDA ME,Condominio,Litoral,Rogerio Antunes,Embalagem Delivery 750ml - Pacote 100,Descartaveis,VENDA,3,8.2,54.22,32.97,28.3,1.03,8.49,-8.08
2025-06-23,2025-06,50980,Rio Claro Negocios LTDA,Restaurante,Regiao Metropolitana,Simone Klein,Papel Toalha Interfolha 1000f - Pacote 100,Papel,VENDA,2,3.22,155.2,115.46,2.9,5.43,2.9,31.41
2025-06-23,2025-06,50983,Querencia Participacoes EIRELI,Mercado,Regiao Metropolitana,Tarcisio Bueno,Vassoura Nylon - Caixa 24,Acessorios,VENDA,2,3.99,83.32,51.2,3.8,2.33,3.8,25.99
2025-06-23,2025-06,50984,Xavante Distribuidora LTDA ME,Clinica,Interior Sul,Rogerio Antunes,pano multiuso - caixa 24,Acessorios,VENDA,2,2.43,66.83,30.84,22.61,1.53,6.78,11.85
2025-06-24,2025-06,50986,Serrano Servicos LTDA ME,Mercado,Interior Norte,Simone Klein,Balde 20L - Pacote 100,Acessorios,VENDA,2,1.97,77.58,39.9,16.15,2.32,4.85,19.21
2025-06-25,2025-06,50993,Estrela Servicos LTDA,Escola,Litoral,Tarcisio Bueno,PRATO DESCARTAVEL 15CM - PACOTE 100,Descartaveis,VENDA,2,16.44,62.76,66.08,2.81,1.76,2.81,-7.89
2025-06-25,2025-06,50993,Estrela Servicos LTDA,Escola,Litoral,Tarcisio Bueno,Limpador Multiuso 5L,Quimicos,VENDA,20,6.35,832.4,586.6,37.25,23.31,37.25,185.24
2025-06-26,2025-06,50994,Oriente Participacoes LTDA,Clinica,Regiao Metropolitana,Simone Klein,Desengordurante 5L,Quimicos,VENDA,10,0.95,534.72,339.3,36.45,17.82,10.93,141.15
2025-06-27,2025-06,51001,Jangada Empreendimentos ME,Condominio,Litoral,Rogerio Antunes,Papel Higienico Rolao 300m - Fardo 12,Papel,VENDA,3,2.12,288.55,199.59,24.62,8.14,7.39,56.2
2025-06-30,2025-06,51008,Imperial Servicos S/A,Clinica,Regiao Metropolitana,Rogerio Antunes,Saco Lixo 100L - Fardo 6,Descartaveis,VENDA,3,7.21,94.44,74.07,23.31,2.34,6.99,-5.28
2025-06-30,2025-06,51010,Trevo Empreendimentos LTDA,Padaria,Interior Norte,Rogerio Antunes,Bota PVC - Fardo 6,EPI,VENDA,3,1.15,62.88,35.22,9.6,1.68,2.88,16.38
2025-06-30,2025-06,51010,Trevo Empreendimentos LTDA,Padaria,Interior Norte,Rogerio Antunes,luva plastica descartavel - pacote 100,Descartaveis,VENDA,10,15.39,209.5,194.6,31.99,5.61,9.59,-22.7
2025-07-01,2025-07,51017,Oriente Participacoes LTDA,Clinica,Regiao Metropolitana,Simone Klein,Prato Descartavel 15cm,Descartaveis,VENDA,10,8.57,334.23,280.1,61.77,10.19,18.54,-17.83
2025-07-02,2025-07,51021,Vitoria Distribuidora LTDA ME,Hotel,Interior Sul,Tarcisio Bueno,luva plastica descartavel - pacote 100,Descartaveis,VENDA,20,13.28,418.17,389.2,49.67,10.74,14.9,-31.44
2025-07-02,2025-07,51023,Oriente Participacoes LTDA,Clinica,Regiao Metropolitana,Simone Klein,papel toalha rolo 100f,Papel,VENDA,10,3.04,537.4,369.7,56.44,17.43,16.94,93.83
2025-07-02,2025-07,51024,Nortao Alimentos S/A,Escola,Interior Norte,Simone Klein,papel toalha rolo 100f - fardo 6,Papel,VENDA,10,2.59,416.8,308.1,43.57,14.59,43.57,50.54
2025-07-02,2025-07,51024,Nortao Alimentos S/A,Escola,Interior Norte,Simone Klein,Oculos Protecao - Caixa 24,EPI,VENDA,10,3.06,277.7,177.6,29.03,9.72,29.03,61.35
2025-07-03,2025-07,51030,Uniao Comercio EIRELI,Escola,Interior Sul,Rogerio Antunes,Cera Liquida Incolor 5L - Fardo 6,Quimicos,VENDA,5,0.58,196.69,118.65,25.7,5.36,7.71,46.98
2025-07-03,2025-07,51031,Uniao Servicos LTDA,Industria,Interior Sul,Tarcisio Bueno,saco lixo 100l - fardo 12,Descartaveis,VENDA,1,14.13,28.81,29.52,7.69,0.81,7.69,-9.21
2025-07-03,2025-07,51031,Uniao Servicos LTDA,Industria,Interior Sul,Tarcisio Bueno,Sabao Liquido 5L,Quimicos,VENDA,2,9.43,92.44,67.36,24.69,2.59,24.69,-2.2
2025-07-03,2025-07,51032,Zenite Participacoes ME,Padaria,Interior Norte,Simone Klein,Saco Lixo 100L,Descartaveis,VENDA,1,9.68,30.53,26.91,4.15,0.97,1.24,-1.5
2025-07-07,2025-07,51044,Querencia Negocios LTDA,Industria,Interior Norte,Simone Klein,sabao liquido 5l - pacote 100,Quimicos,VENDA,2,6.15,65.14,45.8,3.67,2.28,3.67,13.39
2025-07-11,2025-07,51058,Nortao Alimentos S/A,Escola,Interior Norte,Simone Klein,Papel Higienico Rolao 300m - Fardo 12,Papel,VENDA,1,0.16,81.73,44.62,28.37,2.17,8.51,6.57
2025-07-15,2025-07,51072,Xavante Industria EIRELI,Escola,Regiao Metropolitana,Tarcisio Bueno,Luva Plastica Descartavel - Fardo 6,Descartaveis,VENDA,2,5.44,44.46,30.5,16.68,0.92,5.0,-3.64
2025-07-16,2025-07,51081,Guarani Servicos S/A,Restaurante,Regiao Metropolitana,Simone Klein,Papel Higienico Folha Dupla 30m - Fardo 12,Papel,VENDA,2,2.95,154.63,100.92,26.59,4.76,7.98,22.36
2025-07-17,2025-07,51085,Xavante Servicos EIRELI,Padaria,Litoral,Rogerio Antunes,saco lixo 100l - fardo 12,Descartaveis,VENDA,20,4.7,639.4,590.4,74.43,19.18,74.43,-44.61
2025-07-18,2025-07,51096,BOREAL SERVICOS LTDA ME,Escola,Regiao Metropolitana,Tarcisio Bueno,Papel Toalha Rolo 100f - Caixa 24,Papel,VENDA,5,7.8,254.03,176.15,40.68,6.32,12.2,30.88
2025-07-21,2025-07,51105,Querencia Participacoes EIRELI,Mercado,Regiao Metropolitana,Tarcisio Bueno,Copo Descartavel 200ml,Descartaveis,VENDA,5,7.24,188.87,149.3,45.03,4.41,13.51,-9.87
2025-07-28,2025-07,51145,Zenite Empreendimentos ME,Hotel,Litoral,Tarcisio Bueno,Desengordurante 5L - Pacote 100,Quimicos,VENDA,5,2.46,96.92,61.85,7.88,2.56,2.36,24.63
2025-07-28,2025-07,51147,Pampa Alimentos ME,Padaria,Regiao Metropolitana,Rogerio Antunes,Embalagem Delivery 750ml - Fardo 6,Descartaveis,VENDA,1,5.06,39.38,31.85,7.17,1.03,2.15,-0.67
2025-07-29,2025-07,51153,BOREAL SERVICOS LTDA ME,Escola,Regiao Metropolitana,Tarcisio Bueno,Escova Sanitaria - Caixa 24,Acessorios,VENDA,2,5.78,16.94,9.64,2.2,0.43,0.66,4.67
2025-07-30,2025-07,51155,BOREAL SERVICOS LTDA ME,Escola,Regiao Metropolitana,Tarcisio Bueno,Marmitex Aluminio 800ml - Pacote 100,Descartaveis,VENDA,1,0.06,46.48,27.73,21.42,0.88,6.43,-3.55
2025-07-30,2025-07,51157,Imperial Distribuidora S/A,Clinica,Interior Norte,Rogerio Antunes,limpador multiuso 5l - pacote 100,Quimicos,VENDA,3,3.14,51.9,35.37,2.71,1.56,2.71,12.26
2025-08-02,2025-08,51173,BOREAL SERVICOS LTDA ME,Escola,Regiao Metropolitana,Tarcisio Bueno,Copo Descartavel 50ml - Pacote 100,Descartaveis,VENDA,2,12.9,53.12,48.0,8.03,1.33,2.41,-4.24
2025-08-04,2025-08,51177,Zenite Participacoes ME,Padaria,Interior Norte,Simone Klein,Alvejante 5L - Fardo 12,Quimicos,VENDA,1,0.11,32.68,17.01,9.92,0.9,2.98,4.85
2025-08-05,2025-08,51183,Aurora Distribuidora LTDA,Escola,Regiao Metropolitana,Rogerio Antunes,Saco Lixo 100L - Pacote 100,Descartaveis,VENDA,3,7.12,78.18,47.76,39.69,1.51,11.91,-10.78
2025-08-12,2025-08,51212,Nortao Industria ME,Padaria,Interior Norte,Simone Klein,PAPEL HIGIENICO ROLAO 300M,Papel,VENDA,1,11.52,17.87,12.54,3.52,0.54,1.06,1.27
2025-08-14,2025-08,51217,Serrano Servicos LTDA ME,Mercado,Interior Norte,Simone Klein,Papel Higienico Rolao 300m - Fardo 12,Papel,VENDA,2,1.93,181.24,133.06,32.58,6.34,32.58,9.26
2025-08-14,2025-08,51217,Serrano Servicos LTDA ME,Mercado,Interior Norte,Simone Klein,Talher Descartavel Misto - Caixa 24,Descartaveis,VENDA,3,7.36,98.94,93.99,17.78,3.46,17.78,-16.29
2025-08-18,2025-08,51238,Serrano Servicos LTDA ME,Mercado,Interior Norte,Simone Klein,Oculos Protecao - Caixa 24,EPI,VENDA,5,1.26,162.35,88.8,29.85,4.95,8.95,38.75
2025-08-18,2025-08,51238,Serrano Servicos LTDA ME,Mercado,Interior Norte,Simone Klein,Marmitex Aluminio 800ml - Pacote 100,Descartaveis,VENDA,2,2.14,70.79,55.46,13.02,2.16,3.91,0.15
2025-08-19,2025-08,51242,Pampa Alimentos ME,Padaria,Regiao Metropolitana,Rogerio Antunes,Papel Toalha Interfolha 1000f - Caixa 24,Papel,VENDA,5,4.19,333.0,250.25,47.72,9.99,47.72,25.04
2025-08-20,2025-08,51253,Boreal Empreendimentos LTDA,Industria,Regiao Metropolitana,Tarcisio Bueno,Avental PVC - Pacote 100,EPI,VENDA,2,2.47,55.52,30.08,11.72,1.32,3.52,12.4
2025-08-21,2025-08,51259,Horizonte Industria S/A,Escola,Interior Norte,Rogerio Antunes,Alvejante 5L - Fardo 12,Quimicos,VENDA,20,4.62,521.26,340.2,42.37,14.75,12.71,123.94
2025-08-25,2025-08,51271,Central Negocios ME,Mercado,Interior Sul,Tarcisio Bueno,Desinfetante Lavanda 5L,Quimicos,VENDA,20,5.39,579.4,404.2,33.18,16.22,33.18,125.8
2025-08-25,2025-08,51271,Central Negocios ME,Mercado,Interior Sul,Tarcisio Bueno,Copo Descartavel 50ml - Pacote 100,Descartaveis,VENDA,3,5.83,41.31,38.61,2.37,1.16,2.37,-0.83
2025-08-25,2025-08,51272,Serrano Servicos LTDA ME,Mercado,Interior Norte,Simone Klein,Desinfetante Lavanda 5L - Fardo 6,Quimicos,VENDA,10,1.82,488.18,307.9,43.11,16.03,12.93,121.14
2025-08-25,2025-08,51273,Uniao Servicos LTDA,Industria,Interior Sul,Tarcisio Bueno,removedor 1l,Quimicos,VENDA,3,8.08,207.83,116.04,66.03,4.53,19.81,21.23
2025-08-25,2025-08,51274,Jangada Empreendimentos ME,Condominio,Litoral,Rogerio Antunes,LUVA PLASTICA DESCARTAVEL,Descartaveis,VENDA,1,9.99,40.74,32.22,11.13,0.99,3.34,-3.6
2025-08-25,2025-08,51274,Jangada Empreendimentos ME,Condominio,Litoral,Rogerio Antunes,Copo Descartavel 50ml - Pacote 100,Descartaveis,VENDA,1,9.59,30.48,24.0,8.32,0.74,2.49,-2.58
2025-08-25,2025-08,51276,Estrela Servicos LTDA,Escola,Litoral,Tarcisio Bueno,Desinfetante Lavanda 5L - Pacote 100,Quimicos,VENDA,1,5.91,53.41,37.46,1.81,1.5,1.81,12.64
2025-08-26,2025-08,51285,Trevo Alimentos EIRELI,Condominio,Interior Norte,Simone Klein,Marmitex Aluminio 800ml - Caixa 24,Descartaveis,VENDA,5,9.35,86.57,52.4,46.53,1.89,13.96,-14.25
2025-08-27,2025-08,51287,Horizonte Distribuidora S/A,Condominio,Regiao Metropolitana,Rogerio Antunes,Balde 20L - Fardo 12,Acessorios,VENDA,5,0.01,125.15,73.85,2.54,3.75,2.54,45.01
2025-08-28,2025-08,51292,Serrano Servicos LTDA ME,Mercado,Interior Norte,Simone Klein,Limpador Multiuso 5L - Fardo 6,Quimicos,VENDA,1,2.88,60.26,33.91,14.79,1.75,4.43,9.81
2025-08-28,2025-08,51297,Guarani Participacoes LTDA ME,Condominio,Litoral,Rogerio Antunes,Copo Descartavel 50ml - Fardo 6,Descartaveis,VENDA,2,14.77,51.24,52.9,3.88,1.54,3.88,-7.08
2025-08-30,2025-08,51306,Trevo Alimentos EIRELI,Condominio,Interior Norte,Simone Klein,Guardanapo 24x24,Papel,VENDA,3,4.92,173.79,131.61,8.78,6.08,8.78,27.32
2025-09-01,2025-09,51314,horizonte distribuidora me,Condominio,Regiao Metropolitana,Rogerio Antunes,Alcool 70 1L - Caixa 24,Quimicos,VENDA,2,2.74,44.09,24.9,10.58,1.1,3.17,7.51
2025-09-02,2025-09,51317,Querencia Participacoes EIRELI,Mercado,Regiao Metropolitana,Tarcisio Bueno,LUVA PLASTICA DESCARTAVEL,Descartaveis,VENDA,2,8.44,76.92,64.44,14.12,1.88,4.24,-3.52
2025-09-04,2025-09,51343,Pampa Alimentos ME,Padaria,Regiao Metropolitana,Rogerio Antunes,Embalagem Delivery 750ml - Fardo 6,Descartaveis,VENDA,5,16.52,83.72,77.95,13.96,2.22,4.19,-10.41
2025-09-05,2025-09,51350,Serrano Servicos LTDA ME,Mercado,Interior Norte,Simone Klein,saco lixo 100l - fardo 12,Descartaveis,VENDA,2,6.93,77.9,59.04,22.09,2.19,6.63,-5.42
2025-09-05,2025-09,51350,Serrano Servicos LTDA ME,Mercado,Interior Norte,Simone Klein,Mascara Descartavel,EPI,VENDA,1,0.14,19.18,9.54,5.44,0.54,1.63,3.66
2025-09-08,2025-09,51353,Horizonte Distribuidora S/A,Condominio,Regiao Metropolitana,Rogerio Antunes,Limpa Vidros 500ml - Fardo 12,Quimicos,VENDA,1,2.9,55.63,33.24,9.61,1.47,2.88,11.31
2025-09-08,2025-09,51354,Aurora Industria LTDA,Clinica,Regiao Metropolitana,Tarcisio Bueno,saco lixo 30l - fardo 6,Descartaveis,VENDA,1,3.65,17.26,12.92,4.46,0.4,1.34,-0.52
2025-09-08,2025-09,51359,Xavante Industria EIRELI,Escola,Regiao Metropolitana,Tarcisio Bueno,Cera Liquida Incolor 5L - Fardo 6,Quimicos,VENDA,3,4.14,177.42,109.26,26.75,4.44,8.03,36.97
2025-09-10,2025-09,51370,Uniao Servicos LTDA,Industria,Interior Sul,Tarcisio Bueno,Desengordurante 5L,Quimicos,VENDA,1,8.72,62.8,33.93,22.68,1.31,6.81,4.88
2025-09-11,2025-09,51377,Guarani Servicos S/A,Restaurante,Regiao Metropolitana,Simone Klein,Marmitex Aluminio 800ml,Descartaveis,VENDA,1,5.18,10.93,8.79,2.08,0.33,0.62,-0.27
2025-09-11,2025-09,51378,missoes empreendimentos me,Clinica,Regiao Metropolitana,Rogerio Antunes,Mascara Descartavel - Fardo 6,EPI,VENDA,1,1.58,10.85,6.31,1.18,0.3,0.35,3.06
2025-09-12,2025-09,51386,Central Negocios ME,Mercado,Interior Sul,Tarcisio Bueno,PRATO DESCARTAVEL 15CM - PACOTE 100,Descartaveis,VENDA,2,8.61,68.64,66.08,3.53,1.92,3.53,-2.89
2025-09-12,2025-09,51386,Central Negocios ME,Mercado,Interior Sul,Tarcisio Bueno,Guardanapo 24x24 - Caixa 24,Papel,VENDA,1,3.19,65.75,48.9,3.39,1.84,3.39,11.62
2025-09-15,2025-09,51390,Luminar Participacoes LTDA,Condominio,Litoral,Simone Klein,Cera Liquida Incolor 5L - Fardo 6,Quimicos,VENDA,2,2.36,124.82,72.84,24.38,3.77,7.32,23.83
2025-09-16,2025-09,51398,Serrano Servicos LTDA ME,Mercado,Interior Norte,Simone Klein,Vassoura Nylon - Pacote 100,Acessorios,VENDA,1,1.62,25.27,15.16,0.55,0.88,0.55,8.68
2025-09-18,2025-09,51417,Imperial Empreendimentos EIRELI,Padaria,Litoral,Rogerio Antunes,Saco Lixo 100L - Fardo 6,Descartaveis,VENDA,1,4.22,30.9,24.69,5.75,0.81,1.73,-0.35
2025-09-18,2025-09,51418,Imperial Empreendimentos EIRELI,Padaria,Litoral,Rogerio Antunes,Prato Descartavel 15cm - Caixa 24,Descartaveis,VENDA,2,8.91,63.82,61.66,6.55,1.91,6.55,-6.3
2025-09-18,2025-09,51418,Imperial Empreendimentos EIRELI,Padaria,Litoral,Rogerio Antunes,BOBINA PAPEL TOALHA 200M - PACOTE 100,Papel,VENDA,20,0.47,604.2,437.0,61.97,18.13,61.97,87.1
2025-09-25,2025-09,51440,Querencia Alimentos LTDA,Mercado,Interior Norte,Simone Klein,Borrifador 500ml - Fardo 12,Acessorios,VENDA,20,1.24,408.6,244.2,43.15,14.3,43.15,106.95
2025-09-29,2025-09,51459,Luminar Participacoes LTDA,Condominio,Litoral,Simone Klein,BOBINA PAPEL TOALHA 200M - PACOTE 100,Papel,VENDA,1,6.4,28.41,21.85,2.1,0.99,2.1,3.47
2025-09-29,2025-09,51459,Luminar Participacoes LTDA,Condominio,Litoral,Simone Klein,BOBINA PAPEL TOALHA 200M - PACOTE 100,Papel,VENDA,3,1.74,89.46,65.55,6.62,3.13,6.62,14.16
2025-10-01,2025-10,51468,Querencia Participacoes EIRELI,Mercado,Regiao Metropolitana,Tarcisio Bueno,Papel Higienico Folha Dupla 30m - Fardo 12,Papel,VENDA,5,7.33,324.7,252.3,48.53,9.09,48.53,14.78
2025-10-06,2025-10,51492,Uniao Servicos S/A,Condominio,Litoral,Rogerio Antunes,Vassoura Nylon - Pacote 100,Acessorios,VENDA,2,1.56,50.58,30.32,8.44,1.52,8.44,10.3
2025-10-06,2025-10,51494,BOREAL SERVICOS LTDA ME,Escola,Regiao Metropolitana,Tarcisio Bueno,Copo Descartavel 200ml - Fardo 12,Descartaveis,VENDA,1,10.02,32.1,31.4,2.54,0.9,2.54,-2.74
2025-10-07,2025-10,51500,Uniao Participacoes LTDA,Condominio,Litoral,Rogerio Antunes,Desinfetante Lavanda 5L,Quimicos,VENDA,1,0.42,37.83,20.21,10.48,0.91,3.14,6.23
2025-10-07,2025-10,51505,BANDEIRANTE NEGOCIOS S/A,Condominio,Interior Sul,Simone Klein,Cera Liquida Incolor 5L - Fardo 6,Quimicos,VENDA,1,0.57,36.76,21.98,5.21,1.16,1.56,8.41
2025-10-08,2025-10,51512,Querencia Distribuidora LTDA ME,Padaria,Interior Norte,Rogerio Antunes,Mop Umido - Caixa 24,Acessorios,VENDA,5,1.28,146.29,78.95,20.27,3.96,6.08,43.11
2025-10-08,2025-10,51512,Querencia Distribuidora LTDA ME,Padaria,Interior Norte,Rogerio Antunes,Cera Liquida Incolor 5L,Quimicos,VENDA,3,3.33,168.77,104.04,23.38,4.57,7.01,36.78
2025-10-09,2025-10,51519,Bandeirante Comercio ME,Condominio,Litoral,Rogerio Antunes,Alvejante 5L - Fardo 12,Quimicos,VENDA,5,3.53,169.34,107.9,16.56,4.73,4.97,40.15
2025-10-10,2025-10,51527,Zenite Empreendimentos ME,Hotel,Litoral,Tarcisio Bueno,Embalagem Delivery 750ml - Fardo 6,Descartaveis,VENDA,2,4.75,81.41,63.7,17.82,1.93,5.35,-2.04
2025-10-14,2025-10,51540,BOREAL SERVICOS LTDA ME,Escola,Regiao Metropolitana,Tarcisio Bueno,saco lixo 30l - fardo 6,Descartaveis,VENDA,2,0.29,29.28,25.84,2.66,0.82,2.66,-0.04
2025-10-14,2025-10,51540,BOREAL SERVICOS LTDA ME,Escola,Regiao Metropolitana,Tarcisio Bueno,Oculos Protecao - Fardo 6,EPI,VENDA,10,4.7,118.6,77.1,10.77,3.32,10.77,27.41
2025-10-14,2025-10,51542,Serrano Servicos LTDA ME,Mercado,Interior Norte,Simone Klein,Copo Descartavel 50ml,Descartaveis,VENDA,3,2.25,108.48,97.65,5.97,3.8,5.97,1.06
2025-10-15,2025-10,51544,Nortao Industria ME,Padaria,Interior Norte,Simone Klein,Marmitex Aluminio 800ml - Caixa 24,Descartaveis,VENDA,10,12.44,384.52,343.5,61.17,11.96,18.35,-32.11
2025-10-16,2025-10,51548,Vitoria Distribuidora LTDA ME,Hotel,Interior Sul,Tarcisio Bueno,Marmitex Aluminio 800ml,Descartaveis,VENDA,1,1.54,9.84,8.79,0.8,0.28,0.8,-0.03
2025-10-16,2025-10,51549,BOREAL SERVICOS LTDA ME,Escola,Regiao Metropolitana,Tarcisio Bueno,Saco Lixo 100L - Pacote 100,Descartaveis,VENDA,2,7.83,41.75,31.84,12.01,0.93,3.6,-3.03
2025-10-16,2025-10,51550,Estrela Negocios S/A,Padaria,Litoral,Tarcisio Bueno,Copo Descartavel 200ml - Pacote 100,Descartaveis,VENDA,3,5.48,93.12,86.7,7.27,2.61,7.27,-3.46
2025-10-16,2025-10,51552,Estrela Servicos ME,Hotel,Interior Sul,Tarcisio Bueno,Embalagem Delivery 750ml - Pacote 100,Descartaveis,VENDA,1,10.82,12.68,10.99,2.2,0.31,0.66,-0.82
2025-10-17,2025-10,51558,Nortao Industria ME,Padaria,Interior Norte,Simone Klein,Papel Toalha Interfolha 1000f - Caixa 24,Papel,VENDA,3,1.41,223.43,150.15,25.48,7.2,7.64,40.6
2025-10-17,2025-10,51559,Nortao Industria LTDA,Industria,Interior Sul,Rogerio Antunes,Bota PVC,EPI,VENDA,3,2.14,64.5,40.86,5.14,1.93,5.14,16.57
2025-10-17,2025-10,51561,Querencia Participacoes EIRELI,Mercado,Regiao Metropolitana,Tarcisio Bueno,SACO LIXO 60L - PACOTE 100,Descartaveis,VENDA,3,1.35,59.27,39.99,20.6,1.26,6.18,-2.58
2025-10-22,2025-10,51573,Estrela Servicos ME,Hotel,Interior Sul,Tarcisio Bueno,saco lixo 100l - fardo 12,Descartaveis,VENDA,1,1.53,36.87,29.52,5.47,0.93,1.64,0.95
2025-10-22,2025-10,51576,Trevo Empreendimentos LTDA,Padaria,Interior Norte,Rogerio Antunes,PAPEL HIGIENICO ROLAO 300M,Papel,VENDA,2,9.14,37.05,25.08,7.7,0.95,2.31,3.32
2025-10-22,2025-10,51576,Trevo Empreendimentos LTDA,Padaria,Interior Norte,Rogerio Antunes,Marmitex Aluminio 800ml - Caixa 24,Descartaveis,VENDA,1,3.1,13.5,10.48,2.8,0.35,0.84,-0.13
2025-10-22,2025-10,51577,Horizonte Distribuidora S/A,Condominio,Regiao Metropolitana,Rogerio Antunes,Guardanapo 24x24 - Caixa 24,Papel,VENDA,10,5.31,643.1,489.0,58.21,19.29,58.21,76.6
2025-10-22,2025-10,51579,Horizonte Distribuidora S/A,Condominio,Regiao Metropolitana,Rogerio Antunes,papel toalha rolo 100f - fardo 6,Papel,VENDA,20,2.31,836.0,616.2,72.27,25.08,72.27,122.45
2025-10-23,2025-10,51585,Vitoria Distribuidora LTDA ME,Hotel,Interior Sul,Tarcisio Bueno,Balde 20L,Acessorios,VENDA,10,4.05,394.31,226.7,36.74,10.32,11.03,120.55
2025-10-23,2025-10,51585,Vitoria Distribuidora LTDA ME,Hotel,Interior Sul,Tarcisio Bueno,Avental PVC - Pacote 100,EPI,VENDA,3,1.9,76.38,45.12,7.12,2.0,2.14,22.14
2025-10-24,2025-10,51594,BOREAL SERVICOS LTDA ME,Escola,Regiao Metropolitana,Tarcisio Bueno,Talher Descartavel Misto - Caixa 24,Descartaveis,VENDA,2,10.76,74.77,62.66,16.05,1.78,4.82,-5.72
2025-10-27,2025-10,51600,Nortao Alimentos S/A,Escola,Interior Norte,Simone Klein,Alvejante 5L - Caixa 24,Quimicos,VENDA,1,0.34,57.08,37.8,3.9,2.0,3.9,13.38
2025-10-28,2025-10,51609,Vitoria Distribuidora LTDA ME,Hotel,Interior Sul,Tarcisio Bueno,Rodo 40cm - Caixa 24,Acessorios,VENDA,5,1.3,70.26,35.8,14.8,1.68,4.44,17.98
2025-10-28,2025-10,51614,Nortao Alimentos S/A,Escola,Interior Norte,Simone Klein,Alvejante 5L - Fardo 6,Quimicos,VENDA,2,0.71,72.62,31.58,35.89,1.66,10.77,3.49
2025-10-28,2025-10,51616,Horizonte Distribuidora S/A,Condominio,Regiao Metropolitana,Rogerio Antunes,ESCOVA SANITARIA - CAIXA 24,Acessorios,VENDA,1,2.27,29.17,17.61,1.29,0.88,1.29,9.39
2025-10-29,2025-10,51617,Trevo Empreendimentos LTDA,Padaria,Interior Norte,Rogerio Antunes,Prato Descartavel 15cm - Caixa 24,Descartaveis,VENDA,1,3.98,33.64,30.83,5.1,1.01,5.1,-3.3
2025-10-29,2025-10,51619,Querencia Participacoes EIRELI,Mercado,Regiao Metropolitana,Tarcisio Bueno,BORRIFADOR 500ML - FARDO 12,Acessorios,VENDA,20,8.4,891.8,574.4,23.43,24.97,23.43,269.0
2025-10-29,2025-10,51624,BOREAL SERVICOS LTDA ME,Escola,Regiao Metropolitana,Tarcisio Bueno,Copo Descartavel 50ml - Pacote 100,Descartaveis,VENDA,2,4.25,83.64,48.0,44.88,1.46,13.46,-10.7
2025-10-31,2025-10,51640,Boreal Industria LTDA,Hotel,Litoral,Tarcisio Bueno,Alcool 70 1L - Caixa 24,Quimicos,VENDA,2,3.17,98.01,54.44,25.93,2.24,7.78,15.4
2025-11-03,2025-11,51644,BOREAL SERVICOS LTDA ME,Escola,Regiao Metropolitana,Tarcisio Bueno,Marmitex Aluminio 800ml,Descartaveis,VENDA,2,1.02,22.47,17.58,3.84,0.55,1.15,0.5
2025-11-03,2025-11,51644,BOREAL SERVICOS LTDA ME,Escola,Regiao Metropolitana,Tarcisio Bueno,Alvejante 5L - Fardo 6,Quimicos,VENDA,3,7.67,75.29,47.37,12.88,1.86,3.86,13.18
2025-11-03,2025-11,51648,Querencia Participacoes EIRELI,Mercado,Regiao Metropolitana,Tarcisio Bueno,Marmitex Aluminio 800ml - Caixa 24,Descartaveis,VENDA,20,16.64,650.8,687.0,30.67,18.22,30.67,-85.09
2025-11-04,2025-11,51652,BANDEIRANTE NEGOCIOS S/A,Condominio,Interior Sul,Simone Klein,borrifador 500ml - fardo 6,Acessorios,VENDA,3,3.45,91.92,56.16,6.68,3.22,6.68,25.86
2025-11-06,2025-11,51660,Luminar Distribuidora EIRELI,Clinica,Litoral,Rogerio Antunes,Papel Toalha Interfolha 1000f - Pacote 100,Papel,VENDA,5,4.14,428.49,288.65,63.13,11.53,18.94,65.18
2025-11-06,2025-11,51660,Luminar Distribuidora EIRELI,Clinica,Litoral,Rogerio Antunes,Desengordurante 5L - Pacote 100,Quimicos,VENDA,1,2.91,20.28,12.37,2.99,0.55,0.9,4.37
2025-11-07,2025-11,51662,Estrela Servicos LTDA,Escola,Litoral,Tarcisio Bueno,Copo Descartavel 200ml - Fardo 12,Descartaveis,VENDA,10,1.03,375.83,314.0,32.48,9.89,9.75,19.46
2025-11-12,2025-11,51690,Imperial Distribuidora S/A,Clinica,Interior Norte,Rogerio Antunes,Pano Multiuso - Fardo 6,Acessorios,VENDA,10,2.92,76.76,42.0,10.94,2.07,3.28,21.75
2025-11-12,2025-11,51692,Querencia Participacoes EIRELI,Mercado,Regiao Metropolitana,Tarcisio Bueno,Papel Toalha Interfolha 1000f - Caixa 24,Papel,VENDA,10,4.36,492.84,343.1,53.06,12.76,15.92,83.92
2025-11-13,2025-11,51694,Guarani Servicos LTDA ME,Escola,Litoral,Tarcisio Bueno,Pano Multiuso - Fardo 6,Acessorios,VENDA,20,0.24,156.36,84.0,20.51,3.98,6.15,47.87
2025-11-14,2025-11,51703,Aurora Alimentos S/A,Escola,Litoral,Simone Klein,Oculos Protecao - Caixa 24,EPI,VENDA,3,1.36,100.19,53.28,22.02,2.97,6.61,21.92
2025-11-14,2025-11,51703,Aurora Alimentos S/A,Escola,Litoral,Simone Klein,Luva Plastica Descartavel - Pacote 100,Descartaveis,VENDA,3,15.52,57.65,50.82,12.67,1.71,3.8,-7.55
2025-11-15,2025-11,51707,Querencia Participacoes EIRELI,Mercado,Regiao Metropolitana,Tarcisio Bueno,BOBINA PAPEL TOALHA 200M - PACOTE 100,Papel,VENDA,1,8.89,32.7,21.85,7.21,0.77,2.16,2.87
2025-11-15,2025-11,51708,Central Negocios ME,Mercado,Interior Sul,Tarcisio Bueno,LUVA PLASTICA DESCARTAVEL,Descartaveis,VENDA,2,4.13,87.58,64.44,24.84,1.97,7.46,-3.67
2025-11-17,2025-11,51713,Serrano Alimentos EIRELI,Padaria,Regiao Metropolitana,Simone Klein,Saco Lixo 60L - Fardo 6,Descartaveis,VENDA,1,8.72,8.7,8.39,0.54,0.3,0.54,-0.53
2025-11-20,2025-11,51733,Serrano Servicos LTDA ME,Mercado,Interior Norte,Simone Klein,Sabao Liquido 5L - Fardo 12,Quimicos,VENDA,10,5.16,173.62,104.1,34.32,5.24,10.3,29.96
2025-11-21,2025-11,51736,BOREAL SERVICOS LTDA ME,Escola,Regiao Metropolitana,Tarcisio Bueno,Detergente Neutro 5L,Quimicos,VENDA,1,4.28,52.33,33.21,5.95,1.35,1.79,11.82
2025-11-22,2025-11,51742,Aurora Distribuidora LTDA ME,Clinica,Litoral,Simone Klein,Guardanapo 24x24 - Fardo 12,Papel,VENDA,2,2.53,157.55,99.36,32.93,4.71,9.88,20.55
2025-11-25,2025-11,51757,Xavante Servicos EIRELI,Padaria,Litoral,Rogerio Antunes,Vassoura Nylon - Pacote 100,Acessorios,VENDA,3,0.13,99.14,45.48,31.65,2.31,9.49,19.7
2025-11-26,2025-11,51763,Querencia Participacoes EIRELI,Mercado,Regiao Metropolitana,Tarcisio Bueno,LUVA PLASTICA DESCARTAVEL,Descartaveis,VENDA,2,6.75,83.05,64.44,21.1,1.91,6.33,-4.4
2025-11-26,2025-11,51763,Querencia Participacoes EIRELI,Mercado,Regiao Metropolitana,Tarcisio Bueno,Escova Sanitaria - Caixa 24,Acessorios,VENDA,2,3.55,19.17,9.64,4.87,0.44,1.46,4.22
2025-11-27,2025-11,51766,XAVANTE EMPREENDIMENTOS LTDA ME,Mercado,Interior Norte,Simone Klein,Limpador Multiuso 5L - Fardo 6,Quimicos,VENDA,2,4.13,98.52,67.82,7.53,3.45,7.53,19.72
2025-11-27,2025-11,51766,XAVANTE EMPREENDIMENTOS LTDA ME,Mercado,Interior Norte,Simone Klein,Prato Descartavel 15cm - Caixa 24,Descartaveis,VENDA,2,0.35,69.82,61.66,5.33,2.44,5.33,0.39
2025-11-28,2025-11,51770,Imperial Empreendimentos EIRELI,Padaria,Litoral,Rogerio Antunes,Luva Latex - Fardo 6,EPI,VENDA,5,0.79,117.25,59.75,30.93,2.87,9.28,23.7
2025-11-28,2025-11,51770,Imperial Empreendimentos EIRELI,Padaria,Litoral,Rogerio Antunes,Removedor 1L - Fardo 6,Quimicos,VENDA,2,0.83,36.62,19.86,9.66,0.9,2.9,6.2
2025-11-28,2025-11,51779,Querencia Participacoes EIRELI,Mercado,Regiao Metropolitana,Tarcisio Bueno,mop umido - fardo 6,Acessorios,VENDA,1,1.64,46.45,20.23,18.17,0.94,5.45,7.11
2025-12-02,2025-12,51796,Nortao Alimentos S/A,Escola,Interior Norte,Simone Klein,removedor 1l - pacote 100,Quimicos,VENDA,3,2.86,82.72,53.1,6.53,2.74,1.96,20.35
2025-12-03,2025-12,51801,Serrano Servicos LTDA ME,Mercado,Interior Norte,Simone Klein,Papel Toalha Interfolha 1000f - Caixa 24,Papel,VENDA,3,4.23,151.03,102.93,20.2,4.79,6.06,23.11
2025-12-03,2025-12,51802,Pampa Alimentos ME,Padaria,Regiao Metropolitana,Rogerio Antunes,SABAO LIQUIDO 5L - FARDO 6,Quimicos,VENDA,1,2.16,41.52,28.01,1.26,1.25,1.26,11.0
2025-12-05,2025-12,51816,BOREAL SERVICOS LTDA ME,Escola,Regiao Metropolitana,Tarcisio Bueno,Desinfetante Lavanda 5L - Fardo 6,Quimicos,VENDA,2,3.87,97.53,61.58,11.22,2.51,3.37,22.22
2025-12-06,2025-12,51827,BOREAL SERVICOS LTDA ME,Escola,Regiao Metropolitana,Tarcisio Bueno,Saco Lixo 30L,Descartaveis,VENDA,1,15.01,18.61,17.55,2.37,0.47,0.71,-1.78
2025-12-08,2025-12,51830,Vitoria Empreendimentos EIRELI,Restaurante,Litoral,Tarcisio Bueno,SACO LIXO 60L - CAIXA 24,Descartaveis,VENDA,5,6.51,53.2,50.05,4.21,1.49,4.21,-2.55
2025-12-09,2025-12,51846,Pampa Alimentos ME,Padaria,Regiao Metropolitana,Rogerio Antunes,Luva Plastica Descartavel - Fardo 6,Descartaveis,VENDA,10,10.53,155.1,152.5,11.64,4.65,11.64,-13.69
2025-12-09,2025-12,51846,Pampa Alimentos ME,Padaria,Regiao Metropolitana,Rogerio Antunes,Esponja Dupla Face - Caixa 24,Acessorios,VENDA,1,4.28,43.38,26.74,3.26,1.3,3.26,12.08
2025-12-10,2025-12,51855,BOREAL SERVICOS LTDA ME,Escola,Regiao Metropolitana,Tarcisio Bueno,Alvejante 5L - Fardo 12,Quimicos,VENDA,3,4.01,94.17,64.74,4.76,2.64,4.76,22.03
2025-12-11,2025-12,51860,Boreal Negocios ME,Padaria,Interior Norte,Rogerio Antunes,Embalagem Delivery 750ml,Descartaveis,VENDA,2,8.08,64.17,48.04,19.99,1.51,6.0,-5.37
2025-12-11,2025-12,51863,Serrano Servicos LTDA ME,Mercado,Interior Norte,Simone Klein,Papel Higienico Folha Dupla 30m - Fardo 12,Papel,VENDA,1,2.38,74.57,50.46,8.81,2.39,2.65,12.91
2025-12-12,2025-12,51869,Pampa Alimentos ME,Padaria,Regiao Metropolitana,Rogerio Antunes,Marmitex Aluminio 800ml - Caixa 24,Descartaveis,VENDA,1,9.23,10.81,10.48,1.88,0.32,1.88,-1.87
2025-12-12,2025-12,51869,Pampa Alimentos ME,Padaria,Regiao Metropolitana,Rogerio Antunes,Limpador Multiuso 5L - Fardo 6,Quimicos,VENDA,3,6.19,110.82,77.97,19.26,3.32,19.26,10.27
2025-12-12,2025-12,51874,Querencia Participacoes EIRELI,Mercado,Regiao Metropolitana,Tarcisio Bueno,Cera Liquida Incolor 5L,Quimicos,VENDA,10,6.78,513.0,346.8,33.0,13.72,9.9,119.48
2025-12-15,2025-12,51882,Boreal Comercio EIRELI,Mercado,Interior Sul,Simone Klein,Sabao Liquido 5L - Fardo 12,Quimicos,VENDA,5,1.25,100.87,52.05,32.89,2.72,9.87,13.21
2025-12-15,2025-12,51886,Xavante Negocios ME,Hotel,Regiao Metropolitana,Simone Klein,MASCARA DESCARTAVEL - CAIXA 24,EPI,VENDA,2,0.09,69.51,26.44,38.44,1.49,11.53,3.14
2025-12-15,2025-12,51887,Serrano Servicos LTDA ME,Mercado,Interior Norte,Simone Klein,Papel Toalha Interfolha 1000f - Caixa 24,Papel,VENDA,20,2.19,932.2,686.2,50.39,32.63,50.39,162.98
2025-12-17,2025-12,51899,Boreal Empreendimentos LTDA,Industria,Regiao Metropolitana,Tarcisio Bueno,Talher Descartavel Misto - Fardo 6,Descartaveis,VENDA,20,14.65,704.0,725.8,57.38,19.71,57.38,-98.89
2025-12-17,2025-12,51904,Querencia Negocios LTDA,Industria,Interior Norte,Simone Klein,Alcool 70 1L - Caixa 24,Quimicos,VENDA,1,1.79,63.95,37.9,10.8,1.97,3.24,13.28
2025-12-17,2025-12,51904,Querencia Negocios LTDA,Industria,Interior Norte,Simone Klein,Luva Plastica Descartavel - Pacote 100,Descartaveis,VENDA,5,1.48,107.56,84.7,18.16,3.32,5.45,1.38
2025-12-19,2025-12,51912,Vitoria Distribuidora LTDA ME,Hotel,Interior Sul,Tarcisio Bueno,Papel Higienico Rolao 300m - Fardo 12,Papel,DEVOLUCAO,-2,0.13,-159.99,-133.06,35.1,-5.17,10.53,-56.86
2025-12-22,2025-12,51926,Querencia Negocios LTDA,Industria,Interior Norte,Simone Klein,Oculos Protecao - Caixa 24,EPI,VENDA,2,2.52,64.45,35.52,12.27,1.96,3.68,14.7
2025-12-22,2025-12,51930,Trevo Comercio ME,Clinica,Regiao Metropolitana,Tarcisio Bueno,papel higienico folha dupla 30m - fardo 12,Papel,VENDA,10,5.81,667.7,510.4,39.1,18.7,39.1,99.5
2025-12-23,2025-12,51936,Imperial Servicos EIRELI,Condominio,Interior Norte,Rogerio Antunes,Luva Latex - Fardo 6,EPI,VENDA,1,1.48,43.49,11.95,35.02,0.57,10.51,-4.05
2025-12-23,2025-12,51940,Oriente Participacoes LTDA,Clinica,Regiao Metropolitana,Simone Klein,SACO LIXO 60L,Descartaveis,VENDA,2,6.85,22.06,13.0,11.86,0.48,3.56,-3.28
2025-12-23,2025-12,51941,Xavante Negocios ME,Hotel,Regiao Metropolitana,Simone Klein,Alcool 70 1L - Caixa 24,Quimicos,VENDA,20,4.7,786.0,544.4,42.4,27.51,42.4,171.69
2025-12-25,2025-12,51964,Uniao Servicos LTDA,Industria,Interior Sul,Tarcisio Bueno,Luva Plastica Descartavel - Pacote 100,Descartaveis,VENDA,2,11.07,34.24,33.88,3.52,0.96,3.52,-4.12
2025-12-25,2025-12,51965,Imperial Servicos S/A,Clinica,Regiao Metropolitana,Rogerio Antunes,Papel Toalha Interfolha 1000f,Papel,VENDA,2,3.68,65.77,41.84,13.99,1.68,4.2,8.26
2025-12-25,2025-12,51965,Imperial Servicos S/A,Clinica,Regiao Metropolitana,Rogerio Antunes,Copo Descartavel 50ml - Pacote 100,Descartaveis,VENDA,2,9.56,31.06,25.74,6.61,0.79,1.99,-2.08
2025-12-25,2025-12,51966,Boreal Empreendimentos LTDA,Industria,Regiao Metropolitana,Tarcisio Bueno,Guardanapo 24x24,Papel,VENDA,1,8.36,60.85,43.87,7.16,1.56,2.15,8.26
2025-12-26,2025-12,51967,Luminar Alimentos S/A,Restaurante,Interior Sul,Rogerio Antunes,Guardanapo 24x24 - Caixa 24,Papel,VENDA,50,2.95,3296.0,2445.0,43.17,98.88,43.17,708.95
2025-12-26,2025-12,51973,Boreal Comercio EIRELI,Mercado,Interior Sul,Simone Klein,Mascara Descartavel - Fardo 6,EPI,VENDA,3,0.14,37.2,18.93,9.56,1.07,2.87,7.64
2025-12-26,2025-12,51974,Luminar Participacoes LTDA,Condominio,Litoral,Simone Klein,Alvejante 5L - Caixa 24,Quimicos,VENDA,2,3.28,128.59,75.6,25.45,3.88,7.64,23.66
2025-12-27,2025-12,51981,Zenite Industria LTDA,Mercado,Litoral,Simone Klein,DESINFETANTE LAVANDA 5L - PACOTE 100,Quimicos,VENDA,3,3.81,179.67,123.27,8.86,6.29,8.86,41.25
2025-12-29,2025-12,51984,Nortao Alimentos S/A,Escola,Interior Norte,Simone Klein,papel higienico rolao 300m - fardo 6,Papel,VENDA,2,0.75,199.41,122.72,43.22,5.92,12.97,27.55
2025-12-29,2025-12,51986,Trevo Alimentos EIRELI,Condominio,Interior Norte,Simone Klein,Papel Toalha Interfolha 1000f - Pacote 100,Papel,VENDA,1,1.77,89.24,57.73,14.98,2.76,4.5,13.77
2025-12-30,2025-12,51990,Nortao Alimentos S/A,Escola,Interior Norte,Simone Klein,Cera Liquida Incolor 5L - Fardo 6,Quimicos,VENDA,1,2.29,77.89,35.22,36.79,1.82,11.04,4.06
2025-12-30,2025-12,51993,Nortao Industria ME,Padaria,Interior Norte,Simone Klein,Alvejante 5L - Fardo 6,Quimicos,VENDA,3,7.19,66.6,47.37,12.32,2.33,12.32,4.58
2025-12-30,2025-12,51993,Nortao Industria ME,Padaria,Interior Norte,Simone Klein,removedor 1l - pacote 100,Quimicos,VENDA,3,7.97,74.04,53.1,13.69,2.59,13.69,4.66
2025-12-30,2025-12,51995,Imperial Servicos EIRELI,Condominio,Interior Norte,Rogerio Antunes,Desengordurante 5L,Quimicos,VENDA,10,4.58,490.6,339.3,56.45,14.72,56.45,80.13
2025-12-30,2025-12,51996,Aurora Alimentos S/A,Escola,Litoral,Simone Klein,sabao liquido 5l - pacote 100,Quimicos,VENDA,3,7.02,116.38,68.7,28.01,3.39,8.41,16.28
2025-12-30,2025-12,51996,Aurora Alimentos S/A,Escola,Litoral,Simone Klein,Papel Toalha Interfolha 1000f - Pacote 100,Papel,VENDA,2,3.18,186.71,115.46,44.93,5.43,13.48,20.89
2025-01-01,2025-01,50004,Nortao Empreendimentos LTDA ME,Padaria,Interior Sul,Tarcisio Bueno,Borrifador 500ml,Acessorios,VENDA,3,0.09,119.59,61.71,21.58,2.93,6.48,33.37
2025-01-03,2025-01,50017,Boreal Negocios ME,Padaria,Interior Norte,Rogerio Antunes,Desengordurante 5L - Pacote 100,Quimicos,VENDA,1,3.8,23.61,12.37,7.97,0.54,2.39,2.73
2025-01-07,2025-01,50036,Querencia Distribuidora LTDA ME,Padaria,Interior Norte,Rogerio Antunes,Detergente Neutro 5L,Quimicos,VENDA,5,3.17,273.11,166.05,42.17,7.31,12.66,57.58
2025-01-08,2025-01,50041,Trevo Comercio ME,Clinica,Regiao Metropolitana,Tarcisio Bueno,Limpa Vidros 500ml,Quimicos,VENDA,20,3.21,533.4,363.6,53.17,14.94,53.17,101.69
2025-01-10,2025-01,50052,Trevo Alimentos EIRELI,Condominio,Interior Norte,Simone Klein,Balde 20L - Fardo 12,Acessorios,VENDA,1,2.02,28.3,14.77,5.4,0.86,1.62,7.27
2025-01-10,2025-01,50055,Querencia Participacoes EIRELI,Mercado,Regiao Metropolitana,Tarcisio Bueno,Marmitex Aluminio 800ml - Caixa 24,Descartaveis,VENDA,5,1.45,217.66,171.75,36.23,5.38,10.87,4.3
2025-01-13,2025-01,50059,Serrano Servicos LTDA ME,Mercado,Interior Norte,Simone Klein,Copo Descartavel 200ml,Descartaveis,VENDA,20,1.76,666.6,597.2,35.93,23.33,35.93,10.14
2025-01-13,2025-01,50060,Boreal Comercio EIRELI,Mercado,Interior Sul,Simone Klein,Embalagem Delivery 750ml - Fardo 6,Descartaveis,VENDA,2,9.82,39.77,31.18,11.16,1.12,3.35,-3.69
2025-01-13,2025-01,50061,BOREAL SERVICOS LTDA ME,Escola,Regiao Metropolitana,Tarcisio Bueno,SACO LIXO 60L - PACOTE 100,Descartaveis,VENDA,3,5.3,62.56,39.99,27.87,1.21,8.36,-6.51
2025-01-13,2025-01,50064,Trevo Alimentos EIRELI,Condominio,Interior Norte,Simone Klein,Papel Higienico Folha Dupla 30m - Fardo 12,Papel,VENDA,5,3.8,139.39,92.4,22.77,4.32,6.83,19.9
2025-01-14,2025-01,50068,Boreal Negocios ME,Padaria,Interior Norte,Rogerio Antunes,Papel Toalha Rolo 100f - Caixa 24,Papel,VENDA,3,4.08,154.52,105.69,19.61,4.22,5.88,25.0
2025-01-14,2025-01,50068,Boreal Negocios ME,Padaria,Interior Norte,Rogerio Antunes,Alvejante 5L,Quimicos,VENDA,3,4.32,198.73,124.92,25.22,5.43,7.57,43.16
2025-01-14,2025-01,50070,Luminar Distribuidora EIRELI,Clinica,Litoral,Rogerio Antunes,Borrifador 500ml - Fardo 12,Acessorios,VENDA,1,0.02,23.63,12.21,4.2,0.62,1.26,6.6
2025-01-14,2025-01,50073,horizonte distribuidora me,Condominio,Regiao Metropolitana,Rogerio Antunes,DESINFETANTE LAVANDA 5L - PACOTE 100,Quimicos,VENDA,2,0.85,141.91,82.18,26.35,3.7,7.9,29.68
2025-01-14,2025-01,50074,Jangada Empreendimentos ME,Condominio,Litoral,Rogerio Antunes,Sabao Liquido 5L,Quimicos,VENDA,2,1.77,126.08,67.36,36.89,3.01,11.07,18.82
2025-01-17,2025-01,50085,Querencia Participacoes EIRELI,Mercado,Regiao Metropolitana,Tarcisio Bueno,sabao liquido 5l - pacote 100,Quimicos,VENDA,5,7.43,196.14,114.5,50.78,4.5,15.24,26.36
2025-01-18,2025-01,50090,Zenite Servicos EIRELI,Industria,Interior Sul,Tarcisio Bueno,Alcool 70 1L - Caixa 24,Quimicos,VENDA,1,0.56,57.1,37.9,7.08,1.6,7.08,10.52
2025-01-20,2025-01,50095,Jangada Comercio ME,Padaria,Regiao Metropolitana,Simone Klein,MOP UMIDO - CAIXA 24,Acessorios,VENDA,1,0.87,50.03,28.18,3.84,1.66,1.15,16.35
2025-01-21,2025-01,50102,BOREAL SERVICOS LTDA ME,Escola,Regiao Metropolitana,Tarcisio Bueno,Marmitex Aluminio 800ml,Descartaveis,VENDA,1,6.83,9.31,8.79,0.77,0.26,0.77,-0.51
2025-01-22,2025-01,50108,Querencia Negocios LTDA,Industria,Interior Norte,Simone Klein,Copo Descartavel 50ml - Pacote 100,Descartaveis,VENDA,5,16.96,70.24,64.35,13.63,2.12,4.09,-9.86
2025-01-22,2025-01,50111,BOREAL SERVICOS LTDA ME,Escola,Regiao Metropolitana,Tarcisio Bueno,Desinfetante Lavanda 5L,Quimicos,VENDA,50,4.67,1459.5,1010.5,46.3,40.87,46.3,361.83
2025-01-22,2025-01,50112,UNIAO ALIMENTOS LTDA ME,Restaurante,Litoral,Simone Klein,Alvejante 5L - Fardo 6,Quimicos,VENDA,1,1.98,26.58,15.79,4.47,0.82,1.34,5.5
2025-01-22,2025-01,50112,UNIAO ALIMENTOS LTDA ME,Restaurante,Litoral,Simone Klein,Alvejante 5L - Fardo 12,Quimicos,VENDA,1,3.47,35.78,21.58,6.02,1.1,1.81,7.08
2025-01-22,2025-01,50113,Horizonte Industria S/A,Escola,Interior Norte,Rogerio Antunes,Alvejante 5L - Fardo 6,Quimicos,VENDA,3,2.41,70.02,47.37,7.86,2.1,7.86,12.69
2025-01-23,2025-01,50116,Zenite Participacoes ME,Padaria,Interior Norte,Simone Klein,AVENTAL PVC - CAIXA 24,EPI,VENDA,1,1.42,20.13,12.66,1.09,0.7,1.09,5.68
2025-01-23,2025-01,50124,Serrano Servicos LTDA ME,Mercado,Interior Norte,Simone Klein,Luva Plastica Descartavel - Fardo 12,Descartaveis,VENDA,10,0.24,442.35,362.5,44.93,14.38,13.48,20.54
2025-01-24,2025-01,50128,Querencia Alimentos LTDA,Mercado,Interior Norte,Simone Klein,Limpa Vidros 500ml,Quimicos,VENDA,5,2.97,153.7,90.9,28.64,4.68,8.59,29.48
2025-01-24,2025-01,50128,Querencia Alimentos LTDA,Mercado,Interior Norte,Simone Klein,Alvejante 5L - Fardo 6,Quimicos,VENDA,2,3.82,52.92,31.58,9.86,1.61,2.96,9.87
2025-01-28,2025-01,50142,Rio Claro Negocios LTDA,Restaurante,Regiao Metropolitana,Simone Klein,Guardanapo 24x24 - Fardo 12,Papel,VENDA,10,0.19,688.7,496.8,26.04,24.1,26.04,141.76
2025-01-29,2025-01,50145,Xavante Industria EIRELI,Escola,Regiao Metropolitana,Tarcisio Bueno,Embalagem Delivery 750ml - Fardo 6,Descartaveis,VENDA,3,8.06,99.81,95.55,10.94,2.79,10.94,-9.47
2025-01-29,2025-01,50147,Xavante Servicos EIRELI,Padaria,Litoral,Rogerio Antunes,Papel Toalha Interfolha 1000f,Papel,VENDA,3,5.88,92.36,62.76,14.73,2.46,4.42,12.41
2025-01-31,2025-01,50161,BOREAL SERVICOS LTDA ME,Escola,Regiao Metropolitana,Tarcisio Bueno,Detergente Neutro 5L - Caixa 24,Quimicos,VENDA,50,11.7,2123.0,1587.0,37.82,59.44,37.82,438.74
2025-01-31,2025-01,50166,BOREAL SERVICOS LTDA ME,Escola,Regiao Metropolitana,Tarcisio Bueno,Luva Latex - Fardo 12,EPI,VENDA,3,2.8,36.0,18.36,10.33,0.81,3.1,6.5
2025-01-31,2025-01,50168,Uniao Servicos LTDA,Industria,Interior Sul,Tarcisio Bueno,Copo Descartavel 50ml - Pacote 100,Descartaveis,VENDA,3,15.89,45.96,38.61,12.94,1.03,3.88,-6.62
2025-02-03,2025-02,50179,Estrela Servicos LTDA,Escola,Litoral,Tarcisio Bueno,Copo Descartavel 50ml - Pacote 100,Descartaveis,VENDA,1,3.82,33.3,24.0,10.1,0.73,3.03,-1.53
2025-02-04,2025-02,50183,Oriente Participacoes LTDA,Clinica,Regiao Metropolitana,Simone Klein,Embalagem Delivery 750ml - Fardo 6,Descartaveis,VENDA,5,2.52,98.7,77.95,17.64,3.02,5.29,0.09
2025-02-04,2025-02,50191,Trevo Empreendimentos LTDA,Padaria,Interior Norte,Rogerio Antunes,Papel Higienico Folha Dupla 30m,Papel,VENDA,1,11.23,45.6,18.07,33.32,0.67,10.0,-6.46
2025-02-06,2025-02,50200,Xavante Negocios ME,Hotel,Regiao Metropolitana,Simone Klein,MASCARA DESCARTAVEL - CAIXA 24,EPI,VENDA,10,0.35,239.59,132.2,38.69,7.44,11.6,61.26
2025-02-06,2025-02,50200,Xavante Negocios ME,Hotel,Regiao Metropolitana,Simone Klein,BOTA PVC - FARDO 6,EPI,VENDA,1,0.35,7.99,4.41,1.29,0.25,0.39,2.04
2025-02-06,2025-02,50203,BOREAL SERVICOS LTDA ME,Escola,Regiao Metropolitana,Tarcisio Bueno,PAPEL HIGIENICO ROLAO 300M,Papel,VENDA,1,6.13,49.22,12.54,46.96,0.46,14.09,-10.74
2025-02-07,2025-02,50208,Querencia Empreendimentos LTDA,Clinica,Interior Sul,Simone Klein,Saco Lixo 100L - Fardo 6,Descartaveis,VENDA,1,6.6,36.25,24.69,14.34,0.92,4.3,-3.7
2025-02-08,2025-02,50211,Estrela Servicos ME,Hotel,Interior Sul,Tarcisio Bueno,saco lixo 100l - fardo 12,Descartaveis,VENDA,3,17.27,101.59,88.56,26.16,2.33,7.85,-15.46
2025-02-08,2025-02,50212,Serrano Servicos LTDA ME,Mercado,Interior Norte,Simone Klein,Escova Sanitaria - Fardo 12,Acessorios,VENDA,3,0.49,87.42,43.44,20.23,2.56,6.07,21.19
2025-02-10,2025-02,50216,Serrano Alimentos EIRELI,Padaria,Regiao Metropolitana,Simone Klein,Marmitex Aluminio 800ml - Caixa 24,Descartaveis,VENDA,5,5.79,88.69,52.4,46.56,1.96,13.97,-12.23
2025-02-10,2025-02,50219,Uniao Servicos S/A,Condominio,Litoral,Rogerio Antunes,Prato Descartavel 15cm,Descartaveis,VENDA,5,10.4,175.24,140.05,46.63,4.28,13.99,-15.72
2025-02-11,2025-02,50220,Horizonte Distribuidora S/A,Condominio,Regiao Metropolitana,Rogerio Antunes,Luva Plastica Descartavel - Pacote 100,Descartaveis,VENDA,20,12.89,379.32,338.8,62.74,10.06,18.82,-32.28
2025-02-11,2025-02,50224,Zenite Industria LTDA,Mercado,Litoral,Simone Klein,PRATO DESCARTAVEL 15CM - PACOTE 100,Descartaveis,VENDA,1,9.07,40.32,33.04,8.83,1.19,2.65,-2.74
2025-02-13,2025-02,50229,Serrano Servicos LTDA ME,Mercado,Interior Norte,Simone Klein,ALCOOL 70 1L - FARDO 6,Quimicos,VENDA,5,3.74,305.9,209.75,34.44,10.71,34.44,51.0
2025-02-18,2025-02,50258,Horizonte Distribuidora S/A,Condominio,Regiao Metropolitana,Rogerio Antunes,Desengordurante 5L,Quimicos,VENDA,1,0.04,64.8,33.93,19.16,1.54,5.75,10.17
2025-02-19,2025-02,50265,Alvorada Servicos LTDA,Hotel,Interior Norte,Rogerio Antunes,Papel Toalha Interfolha 1000f - Caixa 24,Papel,DEVOLUCAO,-3,7.22,-179.83,-150.15,19.48,-5.8,5.84,-43.36
2025-02-20,2025-02,50276,Boreal Negocios ME,Padaria,Interior Norte,Rogerio Antunes,Cera Liquida Incolor 5L,Quimicos,VENDA,20,5.42,994.0,693.6,61.42,29.82,61.42,209.16
2025-02-21,2025-02,50279,Querencia Alimentos LTDA,Mercado,Interior Norte,Simone Klein,Embalagem Delivery 750ml,Descartaveis,VENDA,1,8.02,27.52,24.02,3.45,0.88,1.04,-0.83
2025-02-24,2025-02,50290,Querencia Participacoes EIRELI,Mercado,Regiao Metropolitana,Tarcisio Bueno,Embalagem Delivery 750ml - Pacote 100,Descartaveis,VENDA,20,3.23,279.25,219.8,53.5,6.77,16.05,-0.82
2025-02-26,2025-02,50308,Aurora Distribuidora LTDA,Escola,Regiao Metropolitana,Rogerio Antunes,Papel Toalha Interfolha 1000f - Caixa 24,Papel,VENDA,5,4.13,333.2,250.25,28.02,10.0,28.02,44.93
2025-03-01,2025-03,50326,Querencia Participacoes EIRELI,Mercado,Regiao Metropolitana,Tarcisio Bueno,Mascara Descartavel,EPI,VENDA,3,1.88,49.03,28.62,5.32,1.27,1.59,13.82
2025-03-06,2025-03,50356,Oriente Participacoes LTDA,Clinica,Regiao Metropolitana,Simone Klein,Limpador Multiuso 5L - Fardo 6,Quimicos,VENDA,3,3.12,132.07,77.97,25.17,4.01,7.55,24.92
2025-03-06,2025-03,50361,Querencia Participacoes EIRELI,Mercado,Regiao Metropolitana,Tarcisio Bueno,Mop Umido - Caixa 24,Acessorios,VENDA,2,4.98,67.06,41.64,3.78,1.88,3.78,19.76
2025-03-10,2025-03,50381,Serrano Servicos LTDA ME,Mercado,Interior Norte,Simone Klein,Alvejante 5L - Fardo 6,Quimicos,VENDA,5,2.85,125.15,78.95,12.79,4.07,3.84,29.34
2025-03-10,2025-03,50387,Zenite Industria LTDA,Mercado,Litoral,Simone Klein,removedor 1l - pacote 100,Quimicos,VENDA,2,1.42,65.11,35.4,17.48,1.85,5.25,10.38
2025-03-10,2025-03,50387,Zenite Industria LTDA,Mercado,Litoral,Simone Klein,Guardanapo 24x24 - Caixa 24,Papel,VENDA,1,4.62,79.77,48.9,21.41,2.27,6.42,7.19
2025-03-11,2025-03,50401,Oriente Participacoes LTDA,Clinica,Regiao Metropolitana,Simone Klein,Limpador Multiuso 5L - Fardo 6,Quimicos,VENDA,3,0.07,170.36,101.73,23.34,5.39,7.0,39.9
2025-03-12,2025-03,50405,Pampa Alimentos ME,Padaria,Regiao Metropolitana,Rogerio Antunes,Oculos Protecao - Caixa 24,EPI,VENDA,2,4.19,68.12,35.52,18.89,1.65,5.67,12.06
2025-03-12,2025-03,50408,Vitoria Comercio LTDA,Industria,Interior Sul,Simone Klein,Borrifador 500ml,Acessorios,VENDA,1,2.33,34.05,20.57,0.93,1.19,0.93,11.36
2025-03-13,2025-03,50420,Trevo Empreendimentos LTDA,Padaria,Interior Norte,Rogerio Antunes,Desinfetante Lavanda 5L - Pacote 100,Quimicos,VENDA,5,5.52,268.15,187.3,25.55,8.04,25.55,47.26
2025-03-14,2025-03,50426,Horizonte Distribuidora S/A,Condominio,Regiao Metropolitana,Rogerio Antunes,Papel Higienico Folha Dupla 30m,Papel,VENDA,2,3.83,61.95,36.14,19.52,1.45,5.85,4.84
2025-03-14,2025-03,50428,Alvorada Servicos LTDA,Hotel,Interior Norte,Rogerio Antunes,Luva Latex,EPI,VENDA,3,1.14,66.66,37.23,10.41,1.78,3.12,17.24
2025-03-17,2025-03,50444,Uniao Participacoes LTDA,Condominio,Litoral,Rogerio Antunes,Alvejante 5L - Fardo 6,Quimicos,VENDA,1,2.23,23.39,15.79,2.13,0.7,2.13,4.77
2025-03-17,2025-03,50445,BANDEIRANTE NEGOCIOS S/A,Condominio,Interior Sul,Simone Klein,Rodo 40cm - Pacote 100,Acessorios,VENDA,2,2.93,56.09,24.92,21.56,1.44,6.47,8.18
2025-03-17,2025-03,50448,Missoes Participacoes LTDA ME,Restaurante,Litoral,Tarcisio Bueno,Papel Toalha Interfolha 1000f,Papel,VENDA,3,1.12,105.92,62.76,28.19,2.41,8.46,12.56
2025-03-17,2025-03,50450,Querencia Participacoes EIRELI,Mercado,Regiao Metropolitana,Tarcisio Bueno,Papel Higienico Folha Dupla 30m - Fardo 12,Papel,VENDA,5,4.45,122.65,92.4,6.2,3.43,6.2,20.62
2025-03-17,2025-03,50450,Querencia Participacoes EIRELI,Mercado,Regiao Metropolitana,Tarcisio Bueno,Marmitex Aluminio 800ml - Pacote 100,Descartaveis,VENDA,1,11.83,27.78,27.73,1.41,0.78,1.41,-2.14
2025-03-18,2025-03,50457,Serrano Servicos LTDA ME,Mercado,Interior Norte,Simone Klein,Papel Higienico Folha Dupla 30m,Papel,VENDA,1,0.07,30.17,18.07,7.27,0.88,2.18,3.95
2025-03-18,2025-03,50458,Serrano Servicos LTDA ME,Mercado,Interior Norte,Simone Klein,Copo Descartavel 200ml - Fardo 12,Descartaveis,VENDA,5,3.58,201.72,157.0,42.46,6.02,12.74,-3.76
2025-03-18,2025-03,50459,Central Negocios ME,Mercado,Interior Sul,Tarcisio Bueno,PRATO DESCARTAVEL 15CM - PACOTE 100,Descartaveis,VENDA,3,7.2,104.55,99.12,5.97,2.93,5.97,-3.47
2025-03-18,2025-03,50459,Central Negocios ME,Mercado,Interior Sul,Tarcisio Bueno,DESINFETANTE LAVANDA 5L - FARDO 6,Quimicos,VENDA,10,2.73,407.2,276.3,23.25,11.4,23.25,96.25
2025-03-18,2025-03,50461,Trevo Empreendimentos LTDA,Padaria,Interior Norte,Rogerio Antunes,Oculos Protecao - Fardo 6,EPI,VENDA,20,5.76,606.6,399.0,50.34,18.2,50.34,139.06
2025-03-25,2025-03,50504,Querencia Participacoes EIRELI,Mercado,Regiao Metropolitana,Tarcisio Bueno,DESINFETANTE LAVANDA 5L - FARDO 6,Quimicos,VENDA,3,2.6,144.73,82.89,32.03,3.42,9.61,26.39
2025-03-25,2025-03,50510,Zenite Participacoes ME,Padaria,Interior Norte,Simone Klein,Marmitex Aluminio 800ml - Caixa 24,Descartaveis,VENDA,10,1.48,130.97,104.8,19.53,4.11,5.86,2.53
2025-03-26,2025-03,50515,Xavante Distribuidora LTDA ME,Clinica,Interior Sul,Rogerio Antunes,papel toalha rolo 100f,Papel,VENDA,3,0.34,153.54,110.91,15.6,4.61,15.6,22.42
2025-03-27,2025-03,50530,Pampa Alimentos ME,Padaria,Regiao Metropolitana,Rogerio Antunes,BORRIFADOR 500ML - FARDO 12,Acessorios,VENDA,2,5.39,60.4,35.02,6.05,1.68,1.81,17.65
2025-03-27,2025-03,50532,Oriente Participacoes LTDA,Clinica,Regiao Metropolitana,Simone Klein,Cera Liquida Incolor 5L,Quimicos,VENDA,1,0.22,52.43,34.68,4.86,1.84,4.86,11.05
2025-03-27,2025-03,50532,Oriente Participacoes LTDA,Clinica,Regiao Metropolitana,Simone Klein,SACO LIXO 60L - CAIXA 24,Descartaveis,VENDA,10,9.8,102.6,100.1,9.52,3.59,9.52,-10.61
2025-03-28,2025-03,50534,Nortao Alimentos S/A,Escola,Interior Norte,Simone Klein,Sabao Liquido 5L,Quimicos,VENDA,2,3.51,98.48,67.36,8.53,3.45,8.53,19.14
2025-03-29,2025-03,50540,Serrano Alimentos EIRELI,Padaria,Regiao Metropolitana,Simone Klein,Copo Descartavel 200ml - Pacote 100,Descartaveis,VENDA,5,9.36,166.81,144.5,25.65,5.21,7.69,-8.55
2025-03-29,2025-03,50541,Querencia Negocios LTDA,Industria,Interior Norte,Simone Klein,limpador multiuso 5l - pacote 100,Quimicos,VENDA,2,3.76,55.31,23.58,29.89,1.2,8.96,0.64
2025-03-31,2025-03,50550,Oriente Negocios ME,Restaurante,Interior Sul,Rogerio Antunes,Sabao Liquido 5L - Fardo 12,Quimicos,VENDA,3,1.0,46.83,31.23,2.27,1.4,2.27,11.93
2025-04-01,2025-04,50552,Serrano Servicos LTDA ME,Mercado,Interior Norte,Simone Klein,Copo Descartavel 200ml - Pacote 100,Descartaveis,VENDA,3,7.03,91.59,86.7,8.93,3.21,8.93,-7.25
2025-04-03,2025-04,50565,Boreal Industria LTDA,Hotel,Litoral,Tarcisio Bueno,Cera Liquida Incolor 5L - Fardo 6,Quimicos,VENDA,3,0.74,99.15,65.94,5.52,2.78,5.52,24.91
2025-04-04,2025-04,50573,Luminar Alimentos S/A,Restaurante,Interior Sul,Rogerio Antunes,Copo Descartavel 200ml,Descartaveis,VENDA,3,5.83,108.08,89.58,17.47,2.88,5.24,-1.85
2025-04-07,2025-04,50583,Serrano Servicos LTDA ME,Mercado,Interior Norte,Simone Klein,Embalagem Delivery 750ml - Pacote 100,Descartaveis,VENDA,5,6.28,64.74,54.95,8.85,2.05,2.66,-1.11
2025-04-09,2025-04,50603,Horizonte Distribuidora S/A,Condominio,Regiao Metropolitana,Rogerio Antunes,removedor 1l,Quimicos,VENDA,2,3.93,128.97,77.36,23.35,3.38,7.0,24.88
2025-04-09,2025-04,50604,BOREAL SERVICOS LTDA ME,Escola,Regiao Metropolitana,Tarcisio Bueno,Papel Toalha Rolo 100f - Pacote 100,Papel,VENDA,1,7.55,86.01,54.89,22.19,1.97,6.66,6.96
2025-04-10,2025-04,50611,Horizonte Distribuidora S/A,Condominio,Regiao Metropolitana,Rogerio Antunes,Papel Higienico Rolao 300m - Fardo 12,Papel,VENDA,2,1.03,182.9,133.06,6.11,5.49,6.11,38.24
2025-04-11,2025-04,50613,Imperial Distribuidora S/A,Clinica,Interior Norte,Rogerio Antunes,Guardanapo 24x24,Papel,VENDA,5,4.69,290.35,219.35,35.27,8.71,35.27,27.02
2025-04-12,2025-04,50618,Serrano Servicos LTDA ME,Mercado,Interior Norte,Simone Klein,Removedor 1L - Fardo 6,Quimicos,VENDA,3,4.02,55.02,29.79,16.71,1.52,5.01,7.0
2025-04-12,2025-04,50619,BOREAL SERVICOS LTDA ME,Escola,Regiao Metropolitana,Tarcisio Bueno,papel higienico folha dupla 30m - fardo 12,Papel,VENDA,2,3.08,155.01,102.08,25.13,3.85,7.54,23.95
2025-04-15,2025-04,50626,Trevo Empreendimentos LTDA,Padaria,Interior Norte,Rogerio Antunes,Cera Liquida Incolor 5L - Fardo 6,Quimicos,VENDA,5,5.81,259.85,182.1,18.7,7.8,18.7,51.25
2025-04-15,2025-04,50626,Trevo Empreendimentos LTDA,Padaria,Interior Norte,Rogerio Antunes,SACO LIXO 60L - PACOTE 100,Descartaveis,VENDA,3,1.7,44.67,39.99,3.22,1.34,3.22,0.12
2025-04-15,2025-04,50628,Imperial Servicos EIRELI,Condominio,Interior Norte,Rogerio Antunes,papel higienico folha dupla 30m - fardo 12,Papel,VENDA,1,4.22,76.56,51.04,12.37,2.04,3.71,11.11
2025-04-17,2025-04,50639,Uniao Servicos LTDA,Industria,Interior Sul,Tarcisio Bueno,DESINFETANTE LAVANDA 5L - PACOTE 100,Quimicos,VENDA,2,6.51,116.42,82.18,8.28,3.26,8.28,22.7
2025-04-17,2025-04,50643,Oriente Alimentos ME,Padaria,Interior Norte,Tarcisio Bueno,Esponja Dupla Face - Caixa 24,Acessorios,VENDA,3,6.08,142.27,80.22,20.85,3.58,6.26,37.62
2025-04-17,2025-04,50643,Oriente Alimentos ME,Padaria,Interior Norte,Tarcisio Bueno,Saco Lixo 100L,Descartaveis,VENDA,1,9.2,30.94,26.91,4.53,0.78,1.36,-1.28
2025-04-17,2025-04,50646,Serrano Servicos LTDA ME,Mercado,Interior Norte,Simone Klein,Papel Higienico Rolao 300m - Fardo 12,Papel,VENDA,2,2.33,199.56,133.06,27.22,6.32,8.16,32.96
2025-04-18,2025-04,50649,Horizonte Distribuidora S/A,Condominio,Regiao Metropolitana,Rogerio Antunes,Marmitex Aluminio 800ml - Caixa 24,Descartaveis,VENDA,10,5.77,124.56,104.8,17.65,3.37,5.29,-1.26
2025-04-18,2025-04,50649,Horizonte Distribuidora S/A,Condominio,Regiao Metropolitana,Rogerio Antunes,LUVA PLASTICA DESCARTAVEL,Descartaveis,VENDA,1,3.05,39.4,32.22,5.58,1.06,1.67,0.54
2025-04-18,2025-04,50652,Pampa Alimentos ME,Padaria,Regiao Metropolitana,Rogerio Antunes,Copo Descartavel 50ml - Fardo 6,Descartaveis,VENDA,3,15.83,93.0,79.35,24.43,2.28,7.33,-13.06
2025-04-18,2025-04,50654,Querencia Distribuidora LTDA ME,Padaria,Interior Norte,Rogerio Antunes,SACO LIXO 60L - PACOTE 100,Descartaveis,VENDA,2,5.66,33.45,26.66,6.96,0.86,2.09,-1.03
2025-04-18,2025-04,50654,Querencia Distribuidora LTDA ME,Padaria,Interior Norte,Rogerio Antunes,Papel Higienico Rolao 300m - Fardo 12,Papel,VENDA,1,4.05,69.6,44.62,14.49,1.78,4.35,8.71
2025-04-18,2025-04,50655,Serrano Servicos LTDA ME,Mercado,Interior Norte,Simone Klein,Balde 20L - Caixa 24,Acessorios,VENDA,2,2.93,30.67,16.32,5.47,0.94,1.64,7.94
2025-04-22,2025-04,50663,BOREAL SERVICOS LTDA ME,Escola,Regiao Metropolitana,Tarcisio Bueno,Papel Toalha Interfolha 1000f - Caixa 24,Papel,VENDA,10,4.16,485.92,343.1,41.75,12.79,12.53,88.28
2025-04-24,2025-04,50678,Horizonte Distribuidora S/A,Condominio,Regiao Metropolitana,Rogerio Antunes,saco lixo 100l - fardo 12,Descartaveis,VENDA,3,8.97,116.01,88.56,34.85,2.75,10.46,-10.15
2025-04-25,2025-04,50680,Serrano Servicos LTDA ME,Mercado,Interior Norte,Simone Klein,Prato Descartavel 15cm - Caixa 24,Descartaveis,VENDA,2,6.67,72.84,61.66,10.65,2.29,3.19,-1.76
2025-04-29,2025-04,50694,Luminar Participacoes LTDA,Condominio,Litoral,Simone Klein,Prato Descartavel 15cm - Caixa 24,Descartaveis,VENDA,3,0.36,97.09,58.11,44.71,2.3,13.41,-8.03
2025-04-29,2025-04,50696,Luminar Participacoes LTDA,Condominio,Litoral,Simone Klein,Luva Plastica Descartavel - Pacote 100,Descartaveis,VENDA,3,9.32,52.38,50.82,2.74,1.83,2.74,-3.01
2025-05-01,2025-05,50705,Serrano Alimentos EIRELI,Padaria,Regiao Metropolitana,Simone Klein,Embalagem Delivery 750ml - Pacote 100,Descartaveis,VENDA,2,9.57,31.33,21.98,12.49,0.79,3.74,-3.93
2025-05-01,2025-05,50705,Serrano Alimentos EIRELI,Padaria,Regiao Metropolitana,Simone Klein,Limpador Multiuso 5L - Fardo 6,Quimicos,VENDA,1,1.79,70.0,33.91,27.92,1.77,8.38,6.4
2025-05-01,2025-05,50709,Zenite Industria LTDA,Mercado,Litoral,Simone Klein,Marmitex Aluminio 800ml - Pacote 100,Descartaveis,VENDA,3,8.27,86.7,83.19,12.9,3.03,12.9,-12.42
2025-05-05,2025-05,50719,Luminar Alimentos S/A,Restaurante,Interior Sul,Rogerio Antunes,Cera Liquida Incolor 5L - Fardo 6,Quimicos,VENDA,1,1.41,58.06,21.98,36.04,0.98,10.81,-0.94
2025-05-06,2025-05,50728,Horizonte Distribuidora S/A,Condominio,Regiao Metropolitana,Rogerio Antunes,Papel Toalha Interfolha 1000f - Caixa 24,Papel,VENDA,5,1.82,341.2,250.25,30.33,10.24,30.33,50.38
2025-05-07,2025-05,50738,Uniao Negocios LTDA,Hotel,Interior Norte,Rogerio Antunes,Papel Toalha Interfolha 1000f - Caixa 24,Papel,VENDA,1,3.89,101.37,50.05,49.37,2.0,14.81,-0.05
2025-05-07,2025-05,50739,Oriente Negocios ME,Restaurante,Interior Sul,Rogerio Antunes,Papel Higienico Folha Dupla 30m - Fardo 12,Papel,VENDA,3,9.19,190.92,151.38,20.86,5.73,20.86,12.95
2025-05-07,2025-05,50739,Oriente Negocios ME,Restaurante,Interior Sul,Rogerio Antunes,Copo Descartavel 50ml - Fardo 6,Descartaveis,VENDA,1,12.02,26.45,26.45,2.89,0.79,2.89,-3.68
2025-05-07,2025-05,50743,Querencia Alimentos LTDA,Mercado,Interior Norte,Simone Klein,Embalagem Delivery 750ml,Descartaveis,VENDA,5,8.01,141.68,120.1,23.05,4.39,6.92,-5.86
2025-05-07,2025-05,50743,Querencia Alimentos LTDA,Mercado,Interior Norte,Simone Klein,Cera Liquida Incolor 5L - Fardo 6,Quimicos,VENDA,2,1.91,73.71,43.96,11.99,2.29,3.6,15.47
2025-05-07,2025-05,50744,Imperial Servicos S/A,Clinica,Regiao Metropolitana,Rogerio Antunes,Saco Lixo 60L - Fardo 6,Descartaveis,VENDA,10,0.24,116.24,83.9,30.19,2.85,9.05,-0.7
2025-05-08,2025-05,50748,Rio Claro Servicos EIRELI,Mercado,Interior Norte,Tarcisio Bueno,Papel Higienico Rolao 300m - Fardo 12,Papel,VENDA,3,12.35,187.35,133.86,34.84,4.56,10.45,14.09
2025-05-09,2025-05,50753,Horizonte Negocios EIRELI,Escola,Litoral,Simone Klein,Alvejante 5L - Caixa 24,Quimicos,VENDA,3,1.8,194.08,113.4,36.22,5.91,10.86,38.55
2025-05-09,2025-05,50758,Jangada Comercio ME,Padaria,Regiao Metropolitana,Simone Klein,Papel Toalha Rolo 100f - Fardo 6,Papel,VENDA,1,0.04,112.12,64.98,31.31,3.16,9.4,12.67
2025-05-12,2025-05,50763,Boreal Negocios ME,Padaria,Interior Norte,Rogerio Antunes,Prato Descartavel 15cm,Descartaveis,VENDA,2,9.35,65.4,56.02,11.01,1.73,3.31,-3.36
2025-05-14,2025-05,50780,Serrano Servicos LTDA ME,Mercado,Interior Norte,Simone Klein,Papel Toalha Interfolha 1000f,Papel,VENDA,1,2.25,41.1,20.92,18.13,0.99,5.44,1.06
2025-05-14,2025-05,50787,Guarani Servicos LTDA ME,Escola,Litoral,Tarcisio Bueno,Copo Descartavel 200ml - Fardo 12,Descartaveis,VENDA,1,1.18,26.74,17.51,10.1,0.55,3.03,-1.42
2025-05-15,2025-05,50788,Horizonte Distribuidora S/A,Condominio,Regiao Metropolitana,Rogerio Antunes,Embalagem Delivery 750ml - Fardo 6,Descartaveis,VENDA,3,1.96,106.44,95.55,11.87,3.19,11.87,-4.17
2025-05-15,2025-05,50788,Horizonte Distribuidora S/A,Condominio,Regiao Metropolitana,Rogerio Antunes,Copo Descartavel 50ml - Fardo 6,Descartaveis,VENDA,20,3.43,580.6,529.0,64.73,17.42,64.73,-30.55
2025-05-16,2025-05,50791,Pampa Alimentos ME,Padaria,Regiao Metropolitana,Rogerio Antunes,Talher Descartavel Misto - Caixa 24,Descartaveis,VENDA,1,16.23,43.9,31.33,20.11,0.89,6.03,-8.43
2025-05-21,2025-05,50806,Vitoria Distribuidora LTDA ME,Hotel,Interior Sul,Tarcisio Bueno,Embalagem Delivery 750ml - Fardo 6,Descartaveis,VENDA,1,6.59,20.02,15.59,4.96,0.46,1.49,-0.99
2025-05-23,2025-05,50819,Central Negocios LTDA ME,Clinica,Interior Sul,Simone Klein,Desengordurante 5L,Quimicos,DEVOLUCAO,-1,1.75,-44.14,-33.93,9.09,-1.77,2.72,-17.53
2025-05-26,2025-05,50829,Xavante Distribuidora LTDA ME,Clinica,Interior Sul,Rogerio Antunes,Talher Descartavel Misto - Caixa 24,Descartaveis,VENDA,1,1.44,35.09,31.33,5.66,1.05,5.66,-2.95
2025-05-26,2025-05,50831,Pampa Alimentos ME,Padaria,Regiao Metropolitana,Rogerio Antunes,SACO LIXO 60L - CAIXA 24,Descartaveis,VENDA,2,5.8,21.44,20.02,5.19,0.64,5.19,-4.41
2025-05-27,2025-05,50838,Zenite Empreendimentos ME,Hotel,Litoral,Tarcisio Bueno,Sabao Liquido 5L - Fardo 12,Quimicos,VENDA,3,2.59,52.4,31.23,9.02,1.29,2.7,10.86
2025-05-28,2025-05,50848,Querencia Participacoes EIRELI,Mercado,Regiao Metropolitana,Tarcisio Bueno,Sabao Liquido 5L - Fardo 12,Quimicos,VENDA,1,6.36,22.8,10.41,11.47,0.41,3.44,0.51
2025-05-30,2025-05,50864,Oriente Alimentos ME,Padaria,Interior Norte,Tarcisio Bueno,Talher Descartavel Misto - Fardo 6,Descartaveis,VENDA,2,7.39,89.02,72.58,18.05,2.14,5.41,-3.75
2025-05-31,2025-05,50865,Serrano Servicos LTDA ME,Mercado,Interior Norte,Simone Klein,saco lixo 100l - fardo 12,Descartaveis,VENDA,20,5.61,633.4,590.4,39.4,22.17,39.4,-18.57
2025-06-03,2025-06,50876,BOREAL SERVICOS LTDA ME,Escola,Regiao Metropolitana,Tarcisio Bueno,papel toalha rolo 100f - fardo 6,Papel,VENDA,2,8.52,93.06,61.62,21.11,2.19,6.33,8.14
2025-06-04,2025-06,50884,Guarani Servicos LTDA ME,Escola,Litoral,Tarcisio Bueno,Marmitex Aluminio 800ml,Descartaveis,VENDA,20,22.6,176.19,175.8,30.84,4.33,9.25,-34.78
2025-06-04,2025-06,50887,Estrela Servicos LTDA,Escola,Litoral,Tarcisio Bueno,Detergente Neutro 5L,Quimicos,VENDA,3,1.55,148.62,99.63,16.3,4.16,16.3,28.53
2025-06-04,2025-06,50888,Estrela Servicos LTDA,Escola,Litoral,Tarcisio Bueno,Alcool 70 1L - Caixa 24,Quimicos,VENDA,1,4.5,21.58,12.45,5.1,0.5,1.53,3.53
2025-06-05,2025-06,50891,BOREAL SERVICOS LTDA ME,Escola,Regiao Metropolitana,Tarcisio Bueno,Papel Toalha Interfolha 1000f - Caixa 24,Papel,VENDA,3,1.89,247.36,150.15,61.1,5.73,18.34,30.38
2025-06-06,2025-06,50903,Horizonte Distribuidora S/A,Condominio,Regiao Metropolitana,Rogerio Antunes,Esponja Dupla Face - Fardo 6,Acessorios,VENDA,3,2.48,108.03,59.13,14.7,2.93,4.41,31.27
2025-06-09,2025-06,50908,Estrela Servicos LTDA,Escola,Litoral,Tarcisio Bueno,Alcool 70 1L - Caixa 24,Quimicos,VENDA,50,3.28,1994.5,1361.0,57.44,55.85,57.44,520.21
2025-06-09,2025-06,50909,Xavante Servicos EIRELI,Padaria,Litoral,Rogerio Antunes,Copo Descartavel 50ml,Descartaveis,VENDA,2,1.82,95.37,65.1,32.47,2.18,9.74,-4.38
2025-06-10,2025-06,50914,Querencia Distribuidora LTDA ME,Padaria,Interior Norte,Rogerio Antunes,Avental PVC - Fardo 6,EPI,VENDA,5,0.3,52.8,22.55,23.65,1.09,7.1,5.51
2025-06-11,2025-06,50920,BOREAL SERVICOS LTDA ME,Escola,Regiao Metropolitana,Tarcisio Bueno,Vassoura Nylon - Fardo 12,Acessorios,VENDA,1,3.3,49.28,25.74,10.12,1.18,3.03,12.24
2025-06-12,2025-06,50924,Estrela Servicos LTDA,Escola,Litoral,Tarcisio Bueno,Papel Toalha Rolo 100f - Caixa 24,Papel,VENDA,1,7.1,59.35,35.23,19.84,1.27,5.95,3.01
2025-06-12,2025-06,50926,Querencia Participacoes EIRELI,Mercado,Regiao Metropolitana,Tarcisio Bueno,SACO LIXO 60L - PACOTE 100,Descartaveis,VENDA,3,12.78,67.87,39.99,40.35,1.11,12.11,-13.58
2025-06-16,2025-06,50940,Imperial Empreendimentos EIRELI,Padaria,Litoral,Rogerio Antunes,ESCOVA SANITARIA - CAIXA 24,Acessorios,VENDA,20,5.08,566.6,352.2,40.77,17.0,40.77,156.63
2025-06-17,2025-06,50943,BOREAL SERVICOS LTDA ME,Escola,Regiao Metropolitana,Tarcisio Bueno,Copo Descartavel 50ml - Pacote 100,Descartaveis,VENDA,3,2.32,108.2,72.0,40.4,2.24,12.12,-6.44
2025-06-17,2025-06,50946,Serrano Alimentos EIRELI,Padaria,Regiao Metropolitana,Simone Klein,sabao liquido 5l - pacote 100,Quimicos,VENDA,2,2.19,73.53,45.8,8.07,2.38,2.42,17.28
2025-06-18,2025-06,50956,Jangada Empreendimentos ME,Condominio,Litoral,Rogerio Antunes,Alcool 70 1L - Caixa 24,Quimicos,VENDA,3,4.07,175.78,113.7,15.06,4.96,4.52,42.06
2025-06-18,2025-06,50956,Jangada Empreendimentos ME,Condominio,Litoral,Rogerio Antunes,Papel Higienico Rolao 300m - Fardo 12,Papel,VENDA,3,2.66,287.03,199.59,24.58,8.09,7.37,54.77
2025-06-20,2025-06,50967,querencia negocios me,Restaurante,Litoral,Rogerio Antunes,Papel Toalha Rolo 100f - Pacote 100,Papel,VENDA,3,3.42,239.29,164.67,26.29,6.63,7.89,41.7
2025-06-20,2025-06,50971,Aurora Industria LTDA,Clinica,Regiao Metropolitana,Tarcisio Bueno,Saco Lixo 100L - Pacote 100,Descartaveis,VENDA,5,1.46,105.02,79.6,22.67,2.5,6.8,0.25
2025-06-23,2025-06,50978,Horizonte Distribuidora S/A,Condominio,Regiao Metropolitana,Rogerio Antunes,Papel Higienico Rolao 300m - Fardo 12,Papel,VENDA,2,2.16,186.33,124.68,24.15,5.08,7.24,32.42
2025-06-23,2025-06,50983,Querencia Participacoes EIRELI,Mercado,Regiao Metropolitana,Tarcisio Bueno,Copo Descartavel 200ml,Descartaveis,VENDA,3,0.8,100.98,89.58,4.6,2.83,4.6,3.97
2025-06-25,2025-06,50993,Estrela Servicos LTDA,Escola,Litoral,Tarcisio Bueno,Alvejante 5L - Fardo 6,Quimicos,VENDA,10,8.6,218.6,157.9,9.78,6.12,9.78,44.8
2025-06-30,2025-06,51008,Imperial Servicos S/A,Clinica,Regiao Metropolitana,Rogerio Antunes,Saco Lixo 60L - Fardo 6,Descartaveis,VENDA,10,12.63,100.7,83.9,24.85,2.5,7.45,-10.55
2025-06-30,2025-06,51008,Imperial Servicos S/A,Clinica,Regiao Metropolitana,Rogerio Antunes,ESCOVA SANITARIA - CAIXA 24,Acessorios,VENDA,1,5.09,34.25,17.61,8.45,0.85,2.53,7.34
2025-06-30,2025-06,51010,Trevo Empreendimentos LTDA,Padaria,Interior Norte,Rogerio Antunes,Saco Lixo 60L - Fardo 6,Descartaveis,VENDA,10,1.41,105.25,83.9,16.07,2.82,4.82,2.46
2025-07-01,2025-07,51015,Uniao Negocios LTDA,Hotel,Interior Norte,Rogerio Antunes,removedor 1l - pacote 100,Quimicos,VENDA,1,0.92,35.19,17.7,12.31,0.8,3.69,4.38
2025-07-01,2025-07,51017,Oriente Participacoes LTDA,Clinica,Regiao Metropolitana,Simone Klein,REMOVEDOR 1L - CAIXA 24,Quimicos,VENDA,2,1.48,34.53,20.14,6.38,1.05,1.91,6.96
2025-07-02,2025-07,51024,Nortao Alimentos S/A,Escola,Interior Norte,Simone Klein,Copo Descartavel 200ml - Fardo 12,Descartaveis,VENDA,2,4.41,68.22,62.8,7.13,2.39,7.13,-4.1
2025-07-02,2025-07,51025,Oriente Participacoes LTDA,Clinica,Regiao Metropolitana,Simone Klein,Desinfetante Lavanda 5L - Fardo 6,Quimicos,VENDA,3,1.13,161.47,92.37,33.02,4.84,9.91,31.24
2025-07-03,2025-07,51030,Uniao Comercio EIRELI,Escola,Interior Sul,Rogerio Antunes,mop umido - fardo 6,Acessorios,VENDA,2,0.51,75.11,40.46,9.82,2.05,2.95,22.78
2025-07-03,2025-07,51030,Uniao Comercio EIRELI,Escola,Interior Sul,Rogerio Antunes,Pano Multiuso - Fardo 6,Acessorios,VENDA,3,2.77,22.85,12.6,2.99,0.62,0.9,6.64
2025-07-03,2025-07,51031,Uniao Servicos LTDA,Industria,Interior Sul,Tarcisio Bueno,papel toalha rolo 100f,Papel,VENDA,2,12.29,90.08,73.94,24.06,2.52,24.06,-10.44
2025-07-03,2025-07,51032,Zenite Participacoes ME,Padaria,Interior Norte,Simone Klein,Alcool 70 1L - Caixa 24,Quimicos,VENDA,1,0.05,63.43,37.9,8.63,2.01,2.59,14.89
2025-07-03,2025-07,51032,Zenite Participacoes ME,Padaria,Interior Norte,Simone Klein,Balde 20L,Acessorios,VENDA,3,1.38,125.64,68.01,17.09,3.98,5.12,36.56
2025-07-07,2025-07,51044,Querencia Negocios LTDA,Industria,Interior Norte,Simone Klein,OCULOS PROTECAO - FARDO 6,EPI,VENDA,50,6.83,335.0,223.0,18.89,11.73,18.89,81.38
2025-07-07,2025-07,51044,Querencia Negocios LTDA,Industria,Interior Norte,Simone Klein,Alvejante 5L - Fardo 12,Quimicos,VENDA,3,2.7,95.46,64.74,5.38,3.34,5.38,22.0
2025-07-08,2025-07,51048,Uniao Negocios LTDA,Hotel,Interior Norte,Rogerio Antunes,Desengordurante 5L,Quimicos,VENDA,10,3.68,495.2,339.3,31.93,14.86,31.93,109.11
2025-07-10,2025-07,51055,Estrela Comercio S/A,Restaurante,Interior Sul,Rogerio Antunes,Mascara Descartavel - Fardo 6,EPI,VENDA,1,0.91,10.98,6.31,1.26,0.3,0.37,3.11
2025-07-18,2025-07,51100,Uniao Negocios LTDA,Hotel,Interior Norte,Rogerio Antunes,SABAO LIQUIDO 5L - FARDO 6,Quimicos,VENDA,3,2.18,134.76,84.03,14.61,3.74,4.38,32.38
2025-07-22,2025-07,51112,Oriente Alimentos ME,Padaria,Interior Norte,Tarcisio Bueno,PAPEL HIGIENICO ROLAO 300M,Papel,VENDA,2,8.1,48.02,25.08,22.86,0.9,6.86,-0.82
2025-07-22,2025-07,51115,BOREAL SERVICOS LTDA ME,Escola,Regiao Metropolitana,Tarcisio Bueno,Detergente Neutro 5L - Pacote 100,Quimicos,VENDA,1,6.4,23.31,14.76,3.41,0.59,1.03,4.55
2025-07-26,2025-07,51141,Aurora Distribuidora LTDA,Escola,Regiao Metropolitana,Rogerio Antunes,saco lixo 30l - fardo 6,Descartaveis,VENDA,10,5.32,139.0,129.2,20.13,4.17,20.13,-14.5
2025-07-26,2025-07,51141,Aurora Distribuidora LTDA,Escola,Regiao Metropolitana,Rogerio Antunes,Alcool 70 1L,Quimicos,VENDA,2,4.75,115.48,80.02,16.73,3.46,16.73,15.27
2025-07-28,2025-07,51149,Serrano Servicos LTDA ME,Mercado,Interior Norte,Simone Klein,Sabao Liquido 5L - Fardo 12,Quimicos,VENDA,1,3.53,16.74,10.41,2.19,0.53,0.66,3.61
2025-07-29,2025-07,51153,BOREAL SERVICOS LTDA ME,Escola,Regiao Metropolitana,Tarcisio Bueno,Saco Lixo 60L - Fardo 6,Descartaveis,VENDA,50,33.66,347.64,419.5,45.2,8.85,13.56,-125.91
2025-07-29,2025-07,51153,BOREAL SERVICOS LTDA ME,Escola,Regiao Metropolitana,Tarcisio Bueno,Escova Sanitaria - Fardo 12,Acessorios,VENDA,5,4.27,129.21,72.4,16.8,3.29,5.04,36.72
2025-07-30,2025-07,51155,BOREAL SERVICOS LTDA ME,Escola,Regiao Metropolitana,Tarcisio Bueno,Saco Lixo 30L - Fardo 6,Descartaveis,VENDA,3,11.14,113.98,76.47,52.52,2.16,15.76,-17.17
2025-07-30,2025-07,51159,TREVO ALIMENTOS S/A,Mercado,Interior Norte,Rogerio Antunes,Papel Toalha Rolo 100f - Caixa 24,Papel,VENDA,3,4.16,140.67,105.69,17.65,4.22,17.65,13.11
2025-07-31,2025-07,51165,Alvorada Servicos LTDA,Hotel,Interior Norte,Rogerio Antunes,Prato Descartavel 15cm - Caixa 24,Descartaveis,VENDA,10,15.93,333.07,308.3,55.11,8.83,16.54,-39.17
2025-08-07,2025-08,51194,Rio Claro Servicos EIRELI,Mercado,Interior Norte,Tarcisio Bueno,saco lixo 30l - fardo 6,Descartaveis,VENDA,50,29.13,520.0,646.0,32.77,14.56,32.77,-173.33
2025-08-08,2025-08,51197,TREVO ALIMENTOS S/A,Mercado,Interior Norte,Rogerio Antunes,Saco Lixo 30L,Descartaveis,VENDA,10,10.68,211.52,175.5,47.75,5.34,14.33,-17.07
2025-08-08,2025-08,51199,BOREAL SERVICOS LTDA ME,Escola,Regiao Metropolitana,Tarcisio Bueno,saco lixo 30l - fardo 6,Descartaveis,VENDA,2,7.57,55.43,25.84,40.41,0.76,12.12,-11.58
2025-08-11,2025-08,51207,Serrano Alimentos EIRELI,Padaria,Regiao Metropolitana,Simone Klein,Guardanapo 24x24,Papel,VENDA,3,2.05,179.04,131.61,11.42,6.27,11.42,29.74
2025-08-14,2025-08,51217,Serrano Servicos LTDA ME,Mercado,Interior Norte,Simone Klein,Escova Sanitaria - Caixa 24,Acessorios,VENDA,2,3.2,15.82,9.64,2.84,0.55,2.84,2.79
2025-08-15,2025-08,51229,BOREAL SERVICOS LTDA ME,Escola,Regiao Metropolitana,Tarcisio Bueno,Guardanapo 24x24 - Caixa 24,Papel,VENDA,1,2.8,76.38,45.97,20.46,1.74,6.14,8.21
2025-08-16,2025-08,51230,Aurora Industria LTDA,Clinica,Regiao Metropolitana,Tarcisio Bueno,Papel Toalha Rolo 100f - Caixa 24,Papel,DEVOLUCAO,-10,2.27,-439.28,-352.3,55.61,-13.39,16.69,-129.2
2025-08-18,2025-08,51232,Pampa Alimentos ME,Padaria,Regiao Metropolitana,Rogerio Antunes,Limpador Multiuso 5L - Fardo 6,Quimicos,VENDA,3,4.93,146.55,101.73,18.44,4.4,18.44,21.98
2025-08-18,2025-08,51235,Serrano Servicos LTDA ME,Mercado,Interior Norte,Simone Klein,Prato Descartavel 15cm - Caixa 24,Descartaveis,VENDA,1,3.65,29.52,19.37,11.88,0.74,3.57,-2.47
2025-08-18,2025-08,51238,Serrano Servicos LTDA ME,Mercado,Interior Norte,Simone Klein,Bobina Papel Toalha 200m,Papel,VENDA,2,1.92,110.09,70.42,20.24,3.36,6.07,16.07
2025-08-19,2025-08,51242,Pampa Alimentos ME,Padaria,Regiao Metropolitana,Rogerio Antunes,Talher Descartavel Misto - Pacote 100,Descartaveis,VENDA,1,15.6,25.24,26.31,3.62,0.76,3.62,-5.45
2025-08-20,2025-08,51253,Boreal Empreendimentos LTDA,Industria,Regiao Metropolitana,Tarcisio Bueno,Rodo 40cm,Acessorios,VENDA,2,0.32,54.14,27.3,11.43,1.29,3.43,14.12
2025-08-21,2025-08,51259,Horizonte Industria S/A,Escola,Interior Norte,Rogerio Antunes,Copo Descartavel 50ml - Pacote 100,Descartaveis,VENDA,2,6.78,28.9,25.74,2.35,0.82,0.71,-0.01
2025-08-21,2025-08,51261,Luminar Alimentos S/A,Restaurante,Interior Sul,Rogerio Antunes,BOTA PVC - FARDO 6,EPI,VENDA,5,1.9,37.24,22.05,3.42,1.05,1.03,10.72
2025-08-22,2025-08,51263,Nortao Alimentos S/A,Escola,Interior Norte,Simone Klein,Luva Plastica Descartavel - Pacote 100,Descartaveis,VENDA,3,5.26,54.72,50.82,7.87,1.92,7.87,-5.89
2025-08-22,2025-08,51265,Central Negocios LTDA ME,Clinica,Interior Sul,Simone Klein,Bota PVC - Fardo 12,EPI,VENDA,5,1.08,155.64,90.7,15.63,5.06,4.69,44.25
2025-08-22,2025-08,51267,Nortao Empreendimentos LTDA ME,Padaria,Interior Sul,Tarcisio Bueno,Luva Plastica Descartavel - Pacote 100,Descartaveis,VENDA,3,1.05,75.17,50.82,25.74,1.6,7.72,-2.99
2025-08-25,2025-08,51271,Central Negocios ME,Mercado,Interior Sul,Tarcisio Bueno,borrifador 500ml - fardo 6,Acessorios,VENDA,5,2.76,154.25,93.6,8.83,4.32,8.83,47.5
2025-08-26,2025-08,51282,Vitoria Distribuidora LTDA ME,Hotel,Interior Sul,Tarcisio Bueno,Papel Toalha Rolo 100f - Caixa 24,Papel,VENDA,1,1.33,77.21,35.23,41.32,1.35,12.39,-0.69
2025-08-27,2025-08,51289,TREVO ALIMENTOS S/A,Mercado,Interior Norte,Rogerio Antunes,Prato Descartavel 15cm - Caixa 24,Descartaveis,VENDA,3,8.94,80.52,58.11,29.15,1.8,8.75,-8.54
2025-08-28,2025-08,51292,Serrano Servicos LTDA ME,Mercado,Interior Norte,Simone Klein,Guardanapo 24x24 - Caixa 24,Papel,VENDA,2,3.79,157.82,97.8,38.75,4.57,11.63,16.7
2025-08-28,2025-08,51292,Serrano Servicos LTDA ME,Mercado,Interior Norte,Simone Klein,Alvejante 5L - Fardo 6,Quimicos,VENDA,1,0.17,28.84,15.79,7.08,0.84,2.12,5.13
2025-08-28,2025-08,51297,Guarani Participacoes LTDA ME,Condominio,Litoral,Rogerio Antunes,Saco Lixo 30L,Descartaveis,VENDA,20,11.31,353.6,351.0,26.79,10.61,26.79,-34.8
2025-08-29,2025-08,51302,Central Alimentos LTDA ME,Clinica,Litoral,Tarcisio Bueno,LUVA PLASTICA DESCARTAVEL,Descartaveis,VENDA,5,1.88,179.6,161.1,24.69,5.03,24.69,-11.22
2025-09-01,2025-09,51314,horizonte distribuidora me,Condominio,Regiao Metropolitana,Rogerio Antunes,Removedor 1L - Fardo 6,Quimicos,VENDA,2,0.82,35.89,19.86,8.61,0.9,2.58,6.52
2025-09-03,2025-09,51326,Pampa Alimentos ME,Padaria,Regiao Metropolitana,Rogerio Antunes,Papel Toalha Rolo 100f - Caixa 24,Papel,VENDA,3,0.35,146.28,105.69,22.61,4.39,22.61,13.59
2025-09-03,2025-09,51329,Trevo Empreendimentos LTDA,Padaria,Interior Norte,Rogerio Antunes,Copo Descartavel 200ml - Fardo 12,Descartaveis,VENDA,10,4.97,220.84,175.1,45.34,5.67,13.6,-5.27
2025-09-05,2025-09,51350,Serrano Servicos LTDA ME,Mercado,Interior Norte,Simone Klein,Removedor 1L - Fardo 6,Quimicos,VENDA,1,4.02,18.01,9.93,5.11,0.51,1.54,2.46
2025-09-08,2025-09,51357,Imperial Servicos S/A,Clinica,Regiao Metropolitana,Rogerio Antunes,COPO DESCARTAVEL 200ML - FARDO 6,Descartaveis,VENDA,3,10.68,92.04,70.86,28.76,2.16,8.63,-9.74
2025-09-08,2025-09,51359,Xavante Industria EIRELI,Escola,Regiao Metropolitana,Tarcisio Bueno,BORRIFADOR 500ML - FARDO 12,Acessorios,VENDA,3,0.25,162.87,86.16,24.56,4.08,7.37,48.07
2025-09-11,2025-09,51378,missoes empreendimentos me,Clinica,Regiao Metropolitana,Rogerio Antunes,Papel Toalha Interfolha 1000f,Papel,VENDA,10,2.02,308.2,209.2,33.57,8.54,10.07,56.89
2025-09-12,2025-09,51384,Querencia Participacoes EIRELI,Mercado,Regiao Metropolitana,Tarcisio Bueno,papel higienico rolao 300m - fardo 6,Papel,VENDA,2,3.73,164.08,122.72,13.56,4.59,13.56,23.21
2025-09-12,2025-09,51386,Central Negocios ME,Mercado,Interior Sul,Tarcisio Bueno,REMOVEDOR 1L - CAIXA 24,Quimicos,VENDA,20,5.05,289.8,201.4,14.92,8.11,14.92,65.37
2025-09-13,2025-09,51388,Vitoria Distribuidora LTDA ME,Hotel,Interior Sul,Tarcisio Bueno,Alcool 70 1L - Caixa 24,Quimicos,VENDA,10,3.3,201.81,124.5,27.74,5.11,8.33,44.46
2025-09-15,2025-09,51390,Luminar Participacoes LTDA,Condominio,Litoral,Simone Klein,Talher Descartavel Misto - Pacote 100,Descartaveis,VENDA,10,12.6,302.67,263.1,59.11,9.15,17.74,-28.69
2025-09-15,2025-09,51390,Luminar Participacoes LTDA,Condominio,Litoral,Simone Klein,Copo Descartavel 50ml - Pacote 100,Descartaveis,VENDA,2,15.43,28.63,25.74,5.59,0.87,1.68,-3.57
2025-09-15,2025-09,51391,Imperial Servicos S/A,Clinica,Regiao Metropolitana,Rogerio Antunes,Desinfetante Lavanda 5L - Pacote 100,Quimicos,VENDA,10,1.73,557.8,374.6,22.63,16.73,22.63,143.84
2025-09-16,2025-09,51399,Querencia Distribuidora LTDA ME,Padaria,Interior Norte,Rogerio Antunes,Copo Descartavel 200ml - Pacote 100,Descartaveis,VENDA,3,1.11,112.59,86.7,21.64,2.92,6.49,1.33
2025-09-17,2025-09,51404,Nortao Alimentos S/A,Escola,Interior Norte,Simone Klein,PAPEL HIGIENICO ROLAO 300M,Papel,VENDA,10,3.51,190.98,125.4,32.69,5.88,9.81,27.01
2025-09-17,2025-09,51407,BOREAL SERVICOS LTDA ME,Escola,Regiao Metropolitana,Tarcisio Bueno,Papel Toalha Rolo 100f - Caixa 24,Papel,VENDA,5,3.86,235.2,176.15,28.2,6.59,28.2,24.26
2025-09-17,2025-09,51408,Zenite Participacoes ME,Padaria,Interior Norte,Simone Klein,DETERGENTE NEUTRO 5L - PACOTE 100,Quimicos,VENDA,1,1.08,22.85,10.96,9.17,0.58,2.75,2.14
2025-09-18,2025-09,51415,Serrano Servicos LTDA ME,Mercado,Interior Norte,Simone Klein,Copo Descartavel 200ml,Descartaveis,VENDA,1,1.64,33.37,29.86,3.95,1.17,3.95,-1.61
2025-09-18,2025-09,51418,Imperial Empreendimentos EIRELI,Padaria,Litoral,Rogerio Antunes,Alvejante 5L,Quimicos,VENDA,1,1.43,62.19,41.64,6.38,1.87,6.38,12.3
2025-09-19,2025-09,51419,BOREAL SERVICOS LTDA ME,Escola,Regiao Metropolitana,Tarcisio Bueno,Mop Umido,Acessorios,VENDA,1,3.15,44.84,24.11,7.52,1.11,2.25,12.1
2025-09-20,2025-09,51422,Rio Claro Servicos EIRELI,Mercado,Interior Norte,Tarcisio Bueno,Balde 20L - Caixa 24,Acessorios,VENDA,5,9.09,71.37,40.8,12.17,1.76,3.65,16.64
2025-09-24,2025-09,51433,Vitoria Distribuidora LTDA ME,Hotel,Interior Sul,Tarcisio Bueno,Saco Lixo 30L - Fardo 6,Descartaveis,VENDA,2,2.1,56.72,50.98,6.29,1.59,6.29,-2.14
2025-09-25,2025-09,51436,Aurora Industria LTDA,Clinica,Regiao Metropolitana,Tarcisio Bueno,Alcool 70 1L - Caixa 24,Quimicos,VENDA,3,3.14,166.86,113.7,11.65,4.67,11.65,36.84
2025-09-25,2025-09,51443,Nortao Industria LTDA,Industria,Interior Sul,Rogerio Antunes,Papel Toalha Rolo 100f - Fardo 6,Papel,VENDA,3,4.98,284.45,194.94,38.82,7.72,11.65,42.97
2025-09-29,2025-09,51459,Luminar Participacoes LTDA,Condominio,Litoral,Simone Klein,saco lixo 30l - fardo 6,Descartaveis,VENDA,5,1.06,72.6,64.6,5.37,2.54,5.37,0.09
2025-09-29,2025-09,51461,Pampa Alimentos ME,Padaria,Regiao Metropolitana,Rogerio Antunes,Luva Plastica Descartavel - Fardo 12,Descartaveis,VENDA,3,8.91,112.56,108.75,19.02,3.38,19.02,-18.59
2025-09-29,2025-09,51461,Pampa Alimentos ME,Padaria,Regiao Metropolitana,Rogerio Antunes,Papel Toalha Rolo 100f - Pacote 100,Papel,VENDA,3,6.59,213.66,164.67,36.1,6.41,36.1,6.48
2025-10-02,2025-10,51474,Uniao Servicos S/A,Condominio,Litoral,Rogerio Antunes,borrifador 500ml - fardo 6,Acessorios,VENDA,1,2.83,43.19,18.72,17.65,0.92,5.29,5.9
2025-10-03,2025-10,51488,Vitoria Distribuidora LTDA ME,Hotel,Interior Sul,Tarcisio Bueno,Detergente Neutro 5L,Quimicos,VENDA,20,6.01,946.0,664.2,53.41,26.49,53.41,201.9
2025-10-06,2025-10,51497,Horizonte Industria S/A,Escola,Interior Norte,Rogerio Antunes,BORRIFADOR 500ML - FARDO 12,Acessorios,VENDA,1,0.28,65.21,28.72,23.82,1.46,7.15,11.21
2025-10-07,2025-10,51505,BANDEIRANTE NEGOCIOS S/A,Condominio,Interior Sul,Simone Klein,Alcool 70 1L - Caixa 24,Quimicos,VENDA,10,3.38,202.28,124.5,28.69,6.38,8.61,42.71
2025-10-08,2025-10,51512,Querencia Distribuidora LTDA ME,Padaria,Interior Norte,Rogerio Antunes,Mascara Descartavel - Fardo 12,EPI,VENDA,1,1.23,20.64,11.7,2.86,0.56,0.86,5.52
2025-10-09,2025-10,51519,Bandeirante Comercio ME,Condominio,Litoral,Rogerio Antunes,Papel Higienico Folha Dupla 30m - Fardo 12,Papel,VENDA,2,3.84,144.68,100.92,14.15,4.04,4.25,25.57
2025-10-09,2025-10,51521,Pampa Alimentos ME,Padaria,Regiao Metropolitana,Rogerio Antunes,Balde 20L,Acessorios,VENDA,1,3.42,61.35,22.67,34.63,1.11,10.39,2.94
2025-10-10,2025-10,51527,Zenite Empreendimentos ME,Hotel,Litoral,Tarcisio Bueno,Rodo 40cm - Pacote 100,Acessorios,VENDA,2,2.63,108.55,55.7,23.76,2.57,7.13,26.52
2025-10-13,2025-10,51530,Rio Claro Servicos EIRELI,Mercado,Interior Norte,Tarcisio Bueno,Balde 20L - Caixa 24,Acessorios,VENDA,3,6.51,38.79,24.48,1.83,1.09,1.83,11.39
2025-10-14,2025-10,51540,BOREAL SERVICOS LTDA ME,Escola,Regiao Metropolitana,Tarcisio Bueno,Copo Descartavel 200ml - Fardo 12,Descartaveis,VENDA,20,7.12,369.6,350.2,33.56,10.35,33.56,-24.51
2025-10-16,2025-10,51550,Estrela Negocios S/A,Padaria,Litoral,Tarcisio Bueno,Papel Toalha Rolo 100f - Caixa 24,Papel,VENDA,10,1.85,480.2,352.3,37.47,13.45,37.47,76.98
2025-10-16,2025-10,51552,Estrela Servicos ME,Hotel,Interior Sul,Tarcisio Bueno,Guardanapo 24x24 - Caixa 24,Papel,VENDA,5,8.65,332.01,229.85,57.66,8.17,17.3,36.33
2025-10-17,2025-10,51559,Nortao Industria LTDA,Industria,Interior Sul,Rogerio Antunes,Escova Sanitaria - Caixa 24,Acessorios,VENDA,1,1.92,8.01,4.82,0.64,0.24,0.64,2.31
2025-10-22,2025-10,51573,Estrela Servicos ME,Hotel,Interior Sul,Tarcisio Bueno,Embalagem Delivery 750ml - Fardo 6,Descartaveis,VENDA,10,0.48,401.93,318.5,59.61,10.09,17.88,13.73
2025-10-22,2025-10,51576,Trevo Empreendimentos LTDA,Padaria,Interior Norte,Rogerio Antunes,SACO LIXO 60L,Descartaveis,VENDA,2,12.28,15.16,13.0,3.15,0.39,0.95,-1.38
2025-10-23,2025-10,51584,Alvorada Servicos LTDA,Hotel,Interior Norte,Rogerio Antunes,Oculos Protecao - Caixa 24,EPI,VENDA,1,4.31,28.79,17.76,1.96,0.82,0.59,8.25
2025-10-23,2025-10,51585,Vitoria Distribuidora LTDA ME,Hotel,Interior Sul,Tarcisio Bueno,Bota PVC,EPI,VENDA,3,1.16,69.71,40.86,6.49,1.82,1.94,20.54
2025-10-23,2025-10,51589,Nortao Industria LTDA,Industria,Interior Sul,Rogerio Antunes,DESINFETANTE LAVANDA 5L - PACOTE 100,Quimicos,VENDA,1,0.84,85.44,41.09,33.86,1.85,10.16,8.64
2025-10-24,2025-10,51596,Boreal Industria LTDA,Hotel,Litoral,Tarcisio Bueno,Alcool 70 1L - Caixa 24,Quimicos,VENDA,3,2.17,70.1,37.35,21.07,1.55,6.32,10.13
2025-10-27,2025-10,51599,BOREAL SERVICOS LTDA ME,Escola,Regiao Metropolitana,Tarcisio Bueno,Sabao Liquido 5L,Quimicos,VENDA,2,3.95,108.56,67.36,15.05,2.74,4.51,23.41
2025-10-28,2025-10,51609,Vitoria Distribuidora LTDA ME,Hotel,Interior Sul,Tarcisio Bueno,Desengordurante 5L,Quimicos,VENDA,3,3.29,174.95,101.79,36.85,4.18,11.06,32.13
2025-10-28,2025-10,51611,Zenite Servicos EIRELI,Industria,Interior Sul,Tarcisio Bueno,Luva Plastica Descartavel - Fardo 6,Descartaveis,VENDA,5,0.33,123.1,76.25,52.5,2.42,15.75,-8.07
2025-10-28,2025-10,51612,TREVO ALIMENTOS S/A,Mercado,Interior Norte,Rogerio Antunes,Detergente Neutro 5L - Caixa 24,Quimicos,VENDA,3,3.96,147.79,95.22,13.17,4.16,3.95,35.24
2025-10-31,2025-10,51638,Querencia Alimentos LTDA,Mercado,Interior Norte,Simone Klein,Talher Descartavel Misto - Caixa 24,Descartaveis,VENDA,1,5.45,45.75,31.33,17.26,1.18,5.17,-4.02
2025-11-01,2025-11,51642,TREVO ALIMENTOS S/A,Mercado,Interior Norte,Rogerio Antunes,Talher Descartavel Misto - Caixa 24,Descartaveis,DEVOLUCAO,-5,7.39,-125.25,-156.65,56.56,-4.95,16.96,-20.21
2025-11-03,2025-11,51644,BOREAL SERVICOS LTDA ME,Escola,Regiao Metropolitana,Tarcisio Bueno,LUVA PLASTICA DESCARTAVEL,Descartaveis,VENDA,2,6.89,77.46,64.44,13.25,1.91,3.97,-2.14
2025-11-05,2025-11,51656,Querencia Participacoes EIRELI,Mercado,Regiao Metropolitana,Tarcisio Bueno,Sabao Liquido 5L - Fardo 12,Quimicos,VENDA,2,0.35,56.74,20.82,36.17,0.88,10.85,-1.13
2025-11-06,2025-11,51660,Luminar Distribuidora EIRELI,Clinica,Litoral,Rogerio Antunes,Papel Higienico Rolao 300m - Fardo 12,Papel,VENDA,2,1.62,135.96,89.24,20.03,3.66,6.01,23.03
2025-11-08,2025-11,51666,BOREAL SERVICOS LTDA ME,Escola,Regiao Metropolitana,Tarcisio Bueno,Cera Liquida Incolor 5L,Quimicos,VENDA,2,1.83,103.18,69.36,10.26,2.89,10.26,20.67
2025-11-11,2025-11,51682,Oriente Participacoes LTDA,Clinica,Regiao Metropolitana,Simone Klein,Luva Plastica Descartavel - Fardo 6,Descartaveis,VENDA,1,3.91,16.65,15.25,1.48,0.58,1.48,-0.66
2025-11-12,2025-11,51686,Horizonte Distribuidora S/A,Condominio,Regiao Metropolitana,Rogerio Antunes,Luva Plastica Descartavel - Fardo 6,Descartaveis,VENDA,20,7.95,319.0,305.0,30.62,9.57,30.62,-26.19
2025-11-12,2025-11,51690,Imperial Distribuidora S/A,Clinica,Interior Norte,Rogerio Antunes,Embalagem Delivery 750ml - Fardo 6,Descartaveis,VENDA,1,4.58,38.36,31.85,5.47,1.04,1.64,0.0
2025-11-14,2025-11,51703,Aurora Alimentos S/A,Escola,Litoral,Simone Klein,Marmitex Aluminio 800ml - Pacote 100,Descartaveis,VENDA,2,8.96,67.81,55.46,14.9,2.01,4.47,-4.56
2025-11-15,2025-11,51707,Querencia Participacoes EIRELI,Mercado,Regiao Metropolitana,Tarcisio Bueno,Copo Descartavel 50ml - Pacote 100,Descartaveis,VENDA,3,11.69,45.8,38.61,10.1,1.08,3.03,-3.99
2025-11-17,2025-11,51713,Serrano Alimentos EIRELI,Padaria,Regiao Metropolitana,Simone Klein,papel toalha rolo 100f,Papel,VENDA,20,5.56,969.8,739.4,60.21,33.94,60.21,136.25
2025-11-19,2025-11,51721,Uniao Servicos LTDA,Industria,Interior Sul,Tarcisio Bueno,OCULOS PROTECAO - FARDO 6,EPI,VENDA,2,3.84,13.82,8.92,1.58,0.39,1.58,2.93
2025-11-20,2025-11,51726,Horizonte Industria S/A,Escola,Interior Norte,Rogerio Antunes,Embalagem Delivery 750ml - Fardo 6,Descartaveis,VENDA,3,1.54,106.89,95.55,10.22,3.21,10.22,-2.09
2025-11-21,2025-11,51738,Nortao Alimentos S/A,Escola,Interior Norte,Simone Klein,papel higienico rolao 300m - fardo 6,Papel,VENDA,5,4.39,407.4,306.8,24.09,14.26,24.09,62.25
2025-11-22,2025-11,51742,Aurora Distribuidora LTDA ME,Clinica,Litoral,Simone Klein,limpador multiuso 5l - pacote 100,Quimicos,VENDA,2,0.93,41.44,23.58,8.66,1.24,2.6,7.96
2025-11-24,2025-11,51750,Imperial Servicos S/A,Clinica,Regiao Metropolitana,Rogerio Antunes,Prato Descartavel 15cm,Descartaveis,VENDA,3,12.8,95.03,84.03,16.79,2.5,5.04,-8.29
2025-11-24,2025-11,51751,Estrela Servicos LTDA,Escola,Litoral,Tarcisio Bueno,Papel Toalha Rolo 100f - Fardo 6,Papel,VENDA,1,2.22,88.25,64.98,11.11,2.47,11.11,9.69
2025-11-25,2025-11,51757,Xavante Servicos EIRELI,Padaria,Litoral,Rogerio Antunes,Saco Lixo 60L - Fardo 6,Descartaveis,VENDA,2,4.15,23.52,16.78,7.51,0.55,2.25,-1.32
2025-11-25,2025-11,51761,Estrela Servicos LTDA,Escola,Litoral,Tarcisio Bueno,Detergente Neutro 5L - Caixa 24,Quimicos,VENDA,5,7.44,247.81,158.7,36.09,6.23,10.83,46.79
2025-11-26,2025-11,51763,Querencia Participacoes EIRELI,Mercado,Regiao Metropolitana,Tarcisio Bueno,Cera Liquida Incolor 5L - Fardo 6,Quimicos,VENDA,1,3.43,42.23,23.73,10.73,0.97,3.22,6.8
2025-11-27,2025-11,51768,Horizonte Distribuidora S/A,Condominio,Regiao Metropolitana,Rogerio Antunes,Copo Descartavel 200ml,Descartaveis,VENDA,5,6.8,178.16,149.3,28.66,4.74,8.6,-4.54
2025-11-28,2025-11,51776,Horizonte Negocios EIRELI,Escola,Litoral,Simone Klein,Papel Toalha Interfolha 1000f,Papel,VENDA,1,2.38,37.08,20.92,12.44,0.99,3.73,2.73
2025-11-28,2025-11,51778,Serrano Alimentos EIRELI,Padaria,Regiao Metropolitana,Simone Klein,Copo Descartavel 200ml - Fardo 12,Descartaveis,VENDA,5,10.52,180.6,157.0,29.93,5.59,8.98,-11.92
2025-12-01,2025-12,51784,Jangada Empreendimentos ME,Condominio,Litoral,Rogerio Antunes,LUVA PLASTICA DESCARTAVEL,Descartaveis,VENDA,3,2.47,132.5,96.66,36.24,3.21,10.87,-3.61
2025-12-02,2025-12,51789,Serrano Servicos LTDA ME,Mercado,Interior Norte,Simone Klein,Bota PVC - Caixa 24,EPI,VENDA,1,2.01,7.47,4.26,1.06,0.24,0.32,1.91
2025-12-02,2025-12,51795,Aurora Negocios EIRELI,Hotel,Regiao Metropolitana,Rogerio Antunes,Desengordurante 5L,Quimicos,VENDA,2,3.34,121.19,67.86,31.16,2.98,9.35,19.19
2025-12-02,2025-12,51796,Nortao Alimentos S/A,Escola,Interior Norte,Simone Klein,MOP UMIDO - CAIXA 24,Acessorios,VENDA,3,1.56,149.28,84.54,11.79,4.94,3.54,48.01
2025-12-04,2025-12,51808,BOREAL SERVICOS LTDA ME,Escola,Regiao Metropolitana,Tarcisio Bueno,Balde 20L - Pacote 100,Acessorios,VENDA,3,1.31,96.54,57.72,15.18,2.7,15.18,20.94
2025-12-06,2025-12,51827,BOREAL SERVICOS LTDA ME,Escola,Regiao Metropolitana,Tarcisio Bueno,Papel Toalha Interfolha 1000f,Papel,VENDA,2,6.56,59.62,41.84,7.6,1.52,2.28,8.66
2025-12-08,2025-12,51830,Vitoria Empreendimentos EIRELI,Restaurante,Litoral,Tarcisio Bueno,Alcool 70 1L - Caixa 24,Quimicos,VENDA,10,3.5,182.0,124.5,14.4,5.1,14.4,38.0
2025-12-08,2025-12,51830,Vitoria Empreendimentos EIRELI,Restaurante,Litoral,Tarcisio Bueno,removedor 1l,Quimicos,VENDA,3,0.14,175.59,116.04,13.89,4.92,13.89,40.74
2025-12-08,2025-12,51834,Serrano Servicos LTDA ME,Mercado,Interior Norte,Simone Klein,COPO DESCARTAVEL 200ML - FARDO 6,Descartaveis,VENDA,3,8.73,84.61,70.86,15.88,2.57,4.77,-4.7
2025-12-08,2025-12,51834,Serrano Servicos LTDA ME,Mercado,Interior Norte,Simone Klein,Detergente Neutro 5L - Pacote 100,Quimicos,VENDA,1,1.58,25.34,14.76,4.75,0.77,1.42,5.06
2025-12-09,2025-12,51843,Querencia Participacoes EIRELI,Mercado,Regiao Metropolitana,Tarcisio Bueno,Sabao Liquido 5L,Quimicos,VENDA,3,3.14,162.74,101.04,20.65,4.15,6.2,36.9
2025-12-09,2025-12,51846,Pampa Alimentos ME,Padaria,Regiao Metropolitana,Rogerio Antunes,Saco Lixo 100L - Fardo 6,Descartaveis,VENDA,1,7.16,26.05,24.69,1.96,0.78,1.96,-1.38
2025-12-10,2025-12,51851,Central Alimentos LTDA ME,Clinica,Litoral,Tarcisio Bueno,Desengordurante 5L,Quimicos,VENDA,20,0.48,1023.2,678.6,48.62,28.65,48.62,267.33
2025-12-10,2025-12,51854,Imperial Servicos S/A,Clinica,Regiao Metropolitana,Rogerio Antunes,Guardanapo 24x24 - Fardo 12,Papel,VENDA,5,3.31,362.72,248.4,41.6,10.01,12.48,62.71
2025-12-10,2025-12,51855,BOREAL SERVICOS LTDA ME,Escola,Regiao Metropolitana,Tarcisio Bueno,luva plastica descartavel - pacote 100,Descartaveis,VENDA,3,7.86,61.11,58.38,3.09,1.71,3.09,-2.07
2025-12-11,2025-12,51863,Serrano Servicos LTDA ME,Mercado,Interior Norte,Simone Klein,Papel Higienico Folha Dupla 30m,Papel,VENDA,2,4.59,52.22,36.14,6.17,1.68,1.85,8.23
2025-12-11,2025-12,51863,Serrano Servicos LTDA ME,Mercado,Interior Norte,Simone Klein,Papel Higienico Rolao 300m - Fardo 12,Papel,VENDA,5,1.21,466.18,311.7,55.04,14.97,16.51,84.47
2025-12-12,2025-12,51865,Luminar Alimentos S/A,Restaurante,Interior Sul,Rogerio Antunes,COPO DESCARTAVEL 200ML - FARDO 6,Descartaveis,VENDA,1,4.42,32.97,23.62,10.46,0.77,3.14,-1.88
2025-12-15,2025-12,51887,Serrano Servicos LTDA ME,Mercado,Interior Norte,Simone Klein,Bobina Papel Toalha 200m - Fardo 6,Papel,VENDA,1,4.01,27.01,20.26,1.46,0.95,1.46,4.34
2025-12-17,2025-12,51899,Boreal Empreendimentos LTDA,Industria,Regiao Metropolitana,Tarcisio Bueno,Copo Descartavel 200ml - Fardo 12,Descartaveis,VENDA,1,4.78,18.95,17.51,1.54,0.53,1.54,-0.63
2025-12-17,2025-12,51904,Querencia Negocios LTDA,Industria,Interior Norte,Simone Klein,Luva Plastica Descartavel - Pacote 100,Descartaveis,VENDA,10,3.5,210.7,169.4,35.58,6.5,10.68,-0.78
2025-12-18,2025-12,51906,Serrano Alimentos EIRELI,Padaria,Regiao Metropolitana,Simone Klein,Copo Descartavel 50ml - Fardo 6,Descartaveis,VENDA,2,7.77,55.44,52.9,1.7,1.94,1.7,-1.1
2025-12-19,2025-12,51917,BOREAL SERVICOS LTDA ME,Escola,Regiao Metropolitana,Tarcisio Bueno,LUVA PLASTICA DESCARTAVEL,Descartaveis,VENDA,3,16.06,126.76,96.66,49.39,2.58,14.82,-21.87
2025-12-23,2025-12,51935,Aurora Distribuidora LTDA ME,Clinica,Litoral,Simone Klein,papel toalha rolo 100f - fardo 6,Papel,VENDA,3,4.51,122.58,92.43,8.14,4.29,8.14,17.72
2025-12-23,2025-12,51937,Querencia Participacoes EIRELI,Mercado,Regiao Metropolitana,Tarcisio Bueno,Desengordurante 5L,Quimicos,VENDA,3,0.76,153.06,101.79,24.98,4.29,24.98,22.0
2025-12-23,2025-12,51941,Xavante Negocios ME,Hotel,Regiao Metropolitana,Simone Klein,Balde 20L - Pacote 100,Acessorios,VENDA,5,0.5,168.2,99.75,9.07,5.89,9.07,53.49
2025-12-23,2025-12,51941,Xavante Negocios ME,Hotel,Regiao Metropolitana,Simone Klein,borrifador 500ml - fardo 6,Acessorios,VENDA,5,1.04,157.0,93.6,8.47,5.5,8.47,49.44
2025-12-25,2025-12,51965,Imperial Servicos S/A,Clinica,Regiao Metropolitana,Rogerio Antunes,Guardanapo 24x24,Papel,VENDA,3,2.68,209.01,131.61,44.45,5.34,13.34,27.61
2025-12-25,2025-12,51966,Boreal Empreendimentos LTDA,Industria,Regiao Metropolitana,Tarcisio Bueno,Alvejante 5L - Fardo 6,Quimicos,VENDA,5,6.57,121.78,78.95,14.33,3.13,4.3,25.37
2025-12-25,2025-12,51966,Boreal Empreendimentos LTDA,Industria,Regiao Metropolitana,Tarcisio Bueno,Luva Latex - Caixa 24,EPI,VENDA,5,0.52,34.22,19.55,4.03,0.88,1.21,9.76
2025-12-26,2025-12,51969,Serrano Servicos LTDA ME,Mercado,Interior Norte,Simone Klein,removedor 1l,Quimicos,VENDA,3,0.54,198.84,116.04,34.25,6.12,10.28,42.43
2025-12-26,2025-12,51977,Oriente Participacoes LTDA,Clinica,Regiao Metropolitana,Simone Klein,papel toalha rolo 100f,Papel,VENDA,5,5.13,262.25,184.85,26.64,8.53,7.99,42.23
2025-12-27,2025-12,51979,Jangada Empreendimentos ME,Condominio,Litoral,Rogerio Antunes,Alvejante 5L,Quimicos,VENDA,2,0.31,151.99,83.28,37.44,3.77,11.23,27.5
2025-12-29,2025-12,51986,Trevo Alimentos EIRELI,Condominio,Interior Norte,Simone Klein,PRATO DESCARTAVEL 15CM - PACOTE 100,Descartaveis,VENDA,3,3.23,123.53,99.12,20.73,3.82,6.22,-0.14
2025-12-29,2025-12,51986,Trevo Alimentos EIRELI,Condominio,Interior Norte,Simone Klein,SACO LIXO 60L - PACOTE 100,Descartaveis,VENDA,2,4.08,32.93,26.66,5.53,1.02,1.66,-0.28
2025-12-30,2025-12,51996,Aurora Alimentos S/A,Escola,Litoral,Simone Klein,Guardanapo 24x24 - Caixa 24,Papel,VENDA,1,0.58,76.34,45.97,18.37,2.22,5.51,9.78
2025-12-31,2025-12,52005,Xavante Servicos EIRELI,Padaria,Litoral,Rogerio Antunes,limpador multiuso 5l - pacote 100,Quimicos,VENDA,10,1.6,202.3,117.9,38.0,5.27,11.4,41.13
2025-01-02,2025-01,50014,Luminar Alimentos S/A,Restaurante,Interior Sul,Rogerio Antunes,Guardanapo 24x24 - Caixa 24,Papel,VENDA,2,4.67,143.75,97.8,20.36,3.89,6.11,21.71
2025-01-06,2025-01,50023,Imperial Servicos EIRELI,Condominio,Interior Norte,Rogerio Antunes,BOBINA PAPEL TOALHA 200M - PACOTE 100,Papel,VENDA,1,0.87,34.15,21.85,5.8,0.9,1.74,5.6
2025-01-06,2025-01,50026,Xavante Negocios ME,Hotel,Regiao Metropolitana,Simone Klein,removedor 1l,Quimicos,VENDA,3,1.65,189.77,116.04,24.08,6.05,7.23,43.6
2025-01-10,2025-01,50054,Trevo Comercio LTDA,Restaurante,Interior Norte,Simone Klein,Saco Lixo 60L - Fardo 6,Descartaveis,DEVOLUCAO,-2,2.67,-18.56,-16.78,1.31,-0.65,1.31,-2.44
2025-01-10,2025-01,50054,Trevo Comercio LTDA,Restaurante,Interior Norte,Simone Klein,Limpador Multiuso 5L,Quimicos,VENDA,20,6.45,831.4,586.6,58.53,29.1,58.53,157.17
2025-01-13,2025-01,50057,Imperial Distribuidora S/A,Clinica,Interior Norte,Rogerio Antunes,Copo Descartavel 200ml - Fardo 12,Descartaveis,VENDA,2,1.04,69.88,35.02,43.57,1.18,13.07,-9.89
2025-01-13,2025-01,50059,Serrano Servicos LTDA ME,Mercado,Interior Norte,Simone Klein,Cera Liquida Incolor 5L - Fardo 6,Quimicos,VENDA,1,1.78,32.71,21.98,1.76,1.14,1.76,7.83
2025-01-14,2025-01,50069,Querencia Empreendimentos LTDA,Clinica,Interior Sul,Simone Klein,Prato Descartavel 15cm,Descartaveis,DEVOLUCAO,-20,0.42,-634.0,-560.2,44.37,-22.19,44.37,-95.98
2025-01-14,2025-01,50069,Querencia Empreendimentos LTDA,Clinica,Interior Sul,Simone Klein,Papel Higienico Folha Dupla 30m,Papel,VENDA,2,6.6,46.88,36.14,3.28,1.64,3.28,5.82
2025-01-15,2025-01,50077,Xavante Negocios ME,Hotel,Regiao Metropolitana,Simone Klein,Cera Liquida Incolor 5L,Quimicos,VENDA,50,0.16,2623.5,1734.0,75.69,91.82,75.69,721.99
2025-01-16,2025-01,50081,Oriente Participacoes LTDA,Clinica,Regiao Metropolitana,Simone Klein,Oculos Protecao - Fardo 6,EPI,VENDA,3,0.35,108.83,59.85,18.03,3.37,5.41,27.58
2025-01-17,2025-01,50084,Serrano Alimentos EIRELI,Padaria,Regiao Metropolitana,Simone Klein,Alcool 70 1L - Caixa 24,Quimicos,VENDA,2,0.17,93.91,54.44,16.53,2.88,4.96,20.06
2025-01-21,2025-01,50100,Aurora Distribuidora LTDA ME,Clinica,Litoral,Simone Klein,Balde 20L - Pacote 100,Acessorios,VENDA,1,2.86,31.68,19.24,1.73,1.11,1.73,9.6
2025-01-21,2025-01,50100,Aurora Distribuidora LTDA ME,Clinica,Litoral,Simone Klein,Rodo 40cm - Pacote 100,Acessorios,VENDA,2,3.09,40.94,24.92,2.23,1.43,2.23,12.36
2025-01-22,2025-01,50109,Estrela Servicos ME,Hotel,Interior Sul,Tarcisio Bueno,Embalagem Delivery 750ml,Descartaveis,VENDA,10,10.68,267.96,240.2,34.52,6.83,10.36,-13.59
2025-01-23,2025-01,50120,Guarani Servicos LTDA ME,Escola,Litoral,Tarcisio Bueno,Limpa Vidros 500ml,Quimicos,VENDA,5,0.02,165.47,90.9,39.68,3.86,11.91,31.03
2025-01-27,2025-01,50138,Boreal Comercio EIRELI,Mercado,Interior Sul,Simone Klein,Detergente Neutro 5L,Quimicos,VENDA,1,3.47,55.14,33.21,9.38,1.7,2.81,10.85
2025-01-28,2025-01,50141,Serrano Servicos LTDA ME,Mercado,Interior Norte,Simone Klein,Saco Lixo 100L - Pacote 100,Descartaveis,VENDA,2,3.67,42.89,31.84,11.48,1.22,3.45,-1.65
2025-01-28,2025-01,50144,Nortao Empreendimentos LTDA ME,Padaria,Interior Sul,Tarcisio Bueno,Removedor 1L - Fardo 6,Quimicos,VENDA,2,2.41,32.89,19.86,5.01,0.82,1.5,7.2
2025-01-28,2025-01,50144,Nortao Empreendimentos LTDA ME,Padaria,Interior Sul,Tarcisio Bueno,PAPEL HIGIENICO ROLAO 300M,Papel,VENDA,2,0.2,38.93,25.08,5.93,0.97,1.78,6.95
2025-01-30,2025-01,50158,Serrano Servicos LTDA ME,Mercado,Interior Norte,Simone Klein,Saco Lixo 30L,Descartaveis,VENDA,2,1.53,43.46,35.1,6.0,1.37,1.8,0.99
2025-01-31,2025-01,50163,Luminar Participacoes LTDA,Condominio,Litoral,Simone Klein,Bota PVC - Fardo 6,EPI,VENDA,3,1.71,61.49,35.22,8.04,1.96,2.41,16.27
2025-02-04,2025-02,50184,Central Negocios LTDA ME,Clinica,Interior Sul,Simone Klein,Embalagem Delivery 750ml - Fardo 6,Descartaveis,VENDA,2,6.3,41.19,31.18,11.42,1.16,3.43,-2.57
2025-02-10,2025-02,50215,Oriente Alimentos ME,Padaria,Interior Norte,Tarcisio Bueno,Luva Latex,EPI,VENDA,1,3.02,24.74,12.41,7.61,0.54,2.29,4.18
2025-02-12,2025-02,50225,Guarani Participacoes LTDA ME,Condominio,Litoral,Rogerio Antunes,Prato Descartavel 15cm - Caixa 24,Descartaveis,VENDA,1,8.22,59.2,30.83,38.64,0.96,11.59,-11.23
2025-02-13,2025-02,50230,Estrela Comercio S/A,Restaurante,Interior Sul,Rogerio Antunes,Desinfetante Lavanda 5L,Quimicos,VENDA,2,2.3,66.66,40.42,9.74,1.8,2.92,14.7
2025-02-14,2025-02,50241,Pampa Alimentos ME,Padaria,Regiao Metropolitana,Rogerio Antunes,Borrifador 500ml - Fardo 12,Acessorios,VENDA,2,2.12,45.07,24.42,6.53,1.21,1.96,12.9
2025-02-17,2025-02,50243,Horizonte Distribuidora S/A,Condominio,Regiao Metropolitana,Rogerio Antunes,luva plastica descartavel - pacote 100,Descartaveis,VENDA,1,3.59,21.32,19.46,1.54,0.64,1.54,-0.32
2025-02-17,2025-02,50244,BOREAL SERVICOS LTDA ME,Escola,Regiao Metropolitana,Tarcisio Bueno,DESINFETANTE LAVANDA 5L - FARDO 6,Quimicos,VENDA,10,3.83,433.38,276.3,43.97,11.27,13.19,101.84
2025-02-18,2025-02,50251,UNIAO ALIMENTOS EIRELI,Industria,Litoral,Simone Klein,Bobina Papel Toalha 200m,Papel,VENDA,5,5.5,265.21,176.05,48.8,8.09,14.64,32.27
2025-02-18,2025-02,50256,BOREAL SERVICOS LTDA ME,Escola,Regiao Metropolitana,Tarcisio Bueno,PAPEL HIGIENICO ROLAO 300M,Papel,VENDA,3,6.72,54.5,37.62,8.21,1.37,2.46,7.31
2025-02-19,2025-02,50266,Luminar Alimentos S/A,Restaurante,Interior Sul,Rogerio Antunes,Esponja Dupla Face - Caixa 24,Acessorios,VENDA,10,6.98,459.53,267.4,54.18,12.65,16.25,125.3
2025-02-20,2025-02,50272,Boreal Participacoes EIRELI,Clinica,Litoral,Rogerio Antunes,Limpa Vidros 500ml - Fardo 12,Quimicos,VENDA,2,2.02,98.68,66.48,7.17,2.96,7.17,22.07
2025-02-20,2025-02,50278,Estrela Servicos LTDA,Escola,Litoral,Tarcisio Bueno,Saco Lixo 30L - Fardo 6,Descartaveis,VENDA,2,9.03,62.14,50.98,13.49,1.48,4.05,-3.81
2025-02-21,2025-02,50283,Aurora Industria LTDA,Clinica,Regiao Metropolitana,Tarcisio Bueno,Luva Plastica Descartavel - Fardo 12,Descartaveis,VENDA,1,12.32,55.96,36.25,28.35,1.01,8.51,-9.65
2025-02-21,2025-02,50286,Trevo Comercio ME,Clinica,Regiao Metropolitana,Tarcisio Bueno,Alvejante 5L - Fardo 12,Quimicos,VENDA,2,1.8,50.62,34.02,2.04,1.42,2.04,13.14
2025-02-22,2025-02,50287,Uniao Servicos LTDA,Industria,Interior Sul,Tarcisio Bueno,Rodo 40cm - Fardo 12,Acessorios,VENDA,1,7.26,6.88,4.38,0.64,0.19,0.64,1.67
2025-02-24,2025-02,50291,BOREAL SERVICOS LTDA ME,Escola,Regiao Metropolitana,Tarcisio Bueno,Balde 20L - Pacote 100,Acessorios,VENDA,3,5.02,107.11,59.85,15.39,2.7,4.61,29.17
2025-02-24,2025-02,50292,BOREAL SERVICOS LTDA ME,Escola,Regiao Metropolitana,Tarcisio Bueno,Marmitex Aluminio 800ml,Descartaveis,VENDA,5,14.85,42.55,43.95,3.88,1.19,3.88,-6.47
2025-02-24,2025-02,50296,Nortao Alimentos S/A,Escola,Interior Norte,Simone Klein,Balde 20L - Fardo 12,Acessorios,VENDA,10,1.39,279.35,147.7,46.5,8.64,13.95,76.51
2025-02-25,2025-02,50300,Imperial Distribuidora LTDA,Industria,Litoral,Tarcisio Bueno,Desinfetante Lavanda 5L - Pacote 100,Quimicos,VENDA,2,3.55,109.5,74.92,4.64,3.07,4.64,26.87
2025-02-28,2025-02,50317,Aurora Distribuidora LTDA,Escola,Regiao Metropolitana,Rogerio Antunes,Saco Lixo 30L - Fardo 6,Descartaveis,VENDA,5,2.77,160.14,127.45,27.56,4.23,8.27,0.9
2025-03-01,2025-03,50322,Alvorada Servicos LTDA,Hotel,Interior Norte,Rogerio Antunes,Detergente Neutro 5L - Caixa 24,Quimicos,VENDA,5,1.65,261.51,158.7,35.73,7.1,10.72,59.99
2025-03-03,2025-03,50329,Boreal Negocios ME,Padaria,Interior Norte,Rogerio Antunes,Balde 20L - Pacote 100,Acessorios,VENDA,3,1.76,122.9,59.85,33.24,2.99,9.97,26.82
2025-03-03,2025-03,50332,Boreal Comercio EIRELI,Mercado,Interior Sul,Simone Klein,Mascara Descartavel,EPI,DEVOLUCAO,-1,0.79,-13.36,-9.54,2.73,-0.53,0.82,-6.02
2025-03-04,2025-03,50335,Uniao Servicos LTDA,Industria,Interior Sul,Tarcisio Bueno,Marmitex Aluminio 800ml - Caixa 24,Descartaveis,VENDA,10,14.45,113.83,104.8,17.04,2.85,5.11,-10.86
2025-03-04,2025-03,50336,Uniao Negocios LTDA,Hotel,Interior Norte,Rogerio Antunes,Papel Toalha Interfolha 1000f,Papel,VENDA,3,2.13,128.23,62.76,61.3,2.56,18.39,1.61
2025-03-04,2025-03,50337,UNIAO ALIMENTOS LTDA ME,Restaurante,Litoral,Simone Klein,Rodo 40cm,Acessorios,VENDA,10,4.12,240.82,136.5,27.03,7.77,8.11,69.52
2025-03-04,2025-03,50337,UNIAO ALIMENTOS LTDA ME,Restaurante,Litoral,Simone Klein,SACO LIXO 60L - PACOTE 100,Descartaveis,DEVOLUCAO,-3,6.27,-38.97,-39.99,5.19,-1.49,1.56,-2.68
2025-03-05,2025-03,50345,Pampa Alimentos ME,Padaria,Regiao Metropolitana,Rogerio Antunes,Embalagem Delivery 750ml - Fardo 6,Descartaveis,VENDA,5,2.53,176.35,159.25,23.29,5.29,23.29,-11.48
2025-03-05,2025-03,50350,BOREAL SERVICOS LTDA ME,Escola,Regiao Metropolitana,Tarcisio Bueno,Mascara Descartavel - Fardo 12,EPI,VENDA,3,2.65,63.72,35.1,12.29,1.54,3.68,14.79
2025-03-05,2025-03,50353,Serrano Servicos LTDA ME,Mercado,Interior Norte,Simone Klein,papel higienico folha dupla 30m - fardo 12,Papel,VENDA,5,1.19,350.25,255.2,45.7,12.26,45.7,37.09
2025-03-05,2025-03,50353,Serrano Servicos LTDA ME,Mercado,Interior Norte,Simone Klein,Saco Lixo 60L - Fardo 6,Descartaveis,VENDA,5,5.17,45.2,41.95,5.9,1.58,5.9,-4.23
2025-03-06,2025-03,50357,Imperial Servicos EIRELI,Condominio,Interior Norte,Rogerio Antunes,Oculos Protecao - Fardo 6,EPI,VENDA,10,1.24,144.81,77.1,31.31,3.69,9.4,32.71
2025-03-06,2025-03,50363,Oriente Participacoes LTDA,Clinica,Regiao Metropolitana,Simone Klein,Avental PVC,EPI,VENDA,1,2.15,33.7,19.11,5.06,1.06,1.52,8.47
2025-03-08,2025-03,50379,Serrano Servicos LTDA ME,Mercado,Interior Norte,Simone Klein,Papel Toalha Interfolha 1000f - Pacote 100,Papel,VENDA,3,2.44,266.52,173.19,45.51,8.21,13.65,39.61
2025-03-10,2025-03,50384,Luminar Participacoes LTDA,Condominio,Litoral,Simone Klein,pano multiuso - caixa 24,Acessorios,VENDA,1,4.54,24.95,15.42,2.57,0.87,2.57,6.09
2025-03-10,2025-03,50388,Trevo Empreendimentos LTDA,Padaria,Interior Norte,Rogerio Antunes,borrifador 500ml - fardo 6,Acessorios,VENDA,1,7.47,32.09,18.72,3.9,0.88,1.17,8.59
2025-03-10,2025-03,50389,Aurora Distribuidora LTDA ME,Clinica,Litoral,Simone Klein,Copo Descartavel 200ml - Pacote 100,Descartaveis,VENDA,2,2.25,72.61,57.8,12.01,2.25,3.6,0.55
2025-03-12,2025-03,50409,Vitoria Distribuidora LTDA ME,Hotel,Interior Sul,Tarcisio Bueno,Alcool 70 1L - Caixa 24,Quimicos,VENDA,2,2.2,96.76,54.44,23.0,2.26,6.9,17.06
2025-03-13,2025-03,50419,Uniao Servicos S/A,Condominio,Litoral,Rogerio Antunes,Prato Descartavel 15cm - Caixa 24,Descartaveis,VENDA,2,2.82,87.88,61.66,28.28,2.04,8.48,-4.1
2025-03-13,2025-03,50420,Trevo Empreendimentos LTDA,Padaria,Interior Norte,Rogerio Antunes,Mascara Descartavel - Fardo 6,EPI,VENDA,1,5.41,9.63,6.31,0.92,0.29,0.92,2.11
2025-03-13,2025-03,50420,Trevo Empreendimentos LTDA,Padaria,Interior Norte,Rogerio Antunes,DETERGENTE NEUTRO 5L - PACOTE 100,Quimicos,VENDA,1,0.64,16.5,10.96,1.57,0.5,1.57,3.47
2025-03-14,2025-03,50427,Imperial Servicos S/A,Clinica,Regiao Metropolitana,Rogerio Antunes,Luva Plastica Descartavel - Fardo 12,Descartaveis,VENDA,3,4.33,147.23,108.75,41.42,3.55,12.42,-6.49
2025-03-14,2025-03,50435,BOREAL SERVICOS LTDA ME,Escola,Regiao Metropolitana,Tarcisio Bueno,Limpa Vidros 500ml - Fardo 12,Quimicos,VENDA,1,6.93,51.45,33.24,6.54,1.31,1.96,10.36
2025-03-14,2025-03,50435,BOREAL SERVICOS LTDA ME,Escola,Regiao Metropolitana,Tarcisio Bueno,Bota PVC,EPI,VENDA,2,2.46,47.04,27.24,5.98,1.2,1.8,12.62
2025-03-17,2025-03,50444,Uniao Participacoes LTDA,Condominio,Litoral,Rogerio Antunes,Saco Lixo 100L,Descartaveis,VENDA,3,1.58,90.3,80.73,8.21,2.71,8.21,-1.35
2025-03-17,2025-03,50451,Querencia Distribuidora LTDA ME,Padaria,Interior Norte,Rogerio Antunes,Cera Liquida Incolor 5L - Fardo 6,Quimicos,VENDA,20,6.38,1033.2,728.4,13.4,31.0,13.4,260.4
2025-03-18,2025-03,50460,Boreal Industria LTDA,Hotel,Litoral,Tarcisio Bueno,Oculos Protecao - Caixa 24,EPI,VENDA,1,1.79,32.35,17.76,6.02,0.79,1.81,7.78
2025-03-19,2025-03,50462,Querencia Participacoes EIRELI,Mercado,Regiao Metropolitana,Tarcisio Bueno,Saco Lixo 30L,Descartaveis,VENDA,1,12.8,30.01,17.55,18.03,0.49,5.41,-6.06
2025-03-19,2025-03,50466,Boreal Industria LTDA,Hotel,Litoral,Tarcisio Bueno,Luva Latex - Fardo 6,EPI,VENDA,3,1.94,56.7,35.85,2.45,1.59,2.45,16.81
2025-03-20,2025-03,50470,BOREAL SERVICOS LTDA ME,Escola,Regiao Metropolitana,Tarcisio Bueno,Limpador Multiuso 5L - Fardo 6,Quimicos,VENDA,5,5.8,185.5,129.95,26.22,5.19,26.22,24.14
2025-03-21,2025-03,50490,Xavante Industria EIRELI,Escola,Regiao Metropolitana,Tarcisio Bueno,Saco Lixo 100L - Pacote 100,Descartaveis,VENDA,2,13.36,37.39,31.84,8.64,0.88,2.59,-3.97
2025-03-21,2025-03,50491,Vitoria Distribuidora LTDA ME,Hotel,Interior Sul,Tarcisio Bueno,Cera Liquida Incolor 5L - Fardo 6,Quimicos,VENDA,1,2.75,60.23,35.22,11.92,1.45,3.58,11.64
2025-03-24,2025-03,50497,Estrela Negocios EIRELI,Padaria,Interior Norte,Rogerio Antunes,Detergente Neutro 5L - Caixa 24,Quimicos,VENDA,3,4.17,151.68,95.22,19.2,4.15,5.76,33.11
2025-03-24,2025-03,50498,Pampa Alimentos ME,Padaria,Regiao Metropolitana,Rogerio Antunes,Papel Toalha Interfolha 1000f - Caixa 24,Papel,VENDA,50,6.58,2225.5,1715.5,57.42,66.77,57.42,385.82
2025-03-25,2025-03,50505,Luminar Alimentos S/A,Restaurante,Interior Sul,Rogerio Antunes,Guardanapo 24x24 - Caixa 24,Papel,VENDA,5,3.11,329.05,244.5,10.81,9.87,10.81,63.87
2025-03-25,2025-03,50508,Jangada Comercio ME,Padaria,Regiao Metropolitana,Simone Klein,LUVA PLASTICA DESCARTAVEL,Descartaveis,VENDA,2,10.3,80.62,64.44,21.34,2.3,6.4,-7.46
2025-03-25,2025-03,50510,Zenite Participacoes ME,Padaria,Interior Norte,Simone Klein,Luva Plastica Descartavel - Pacote 100,Descartaveis,VENDA,1,5.18,20.38,16.94,3.04,0.64,0.91,-0.24
2025-03-29,2025-03,50539,Zenite Servicos EIRELI,Industria,Interior Sul,Tarcisio Bueno,Papel Toalha Interfolha 1000f,Papel,VENDA,20,7.33,538.6,418.4,46.27,15.08,46.27,58.85
2025-03-31,2025-03,50545,Luminar Alimentos S/A,Restaurante,Interior Sul,Rogerio Antunes,Sabao Liquido 5L - Fardo 12,Quimicos,VENDA,1,4.87,22.44,10.41,10.63,0.45,3.19,0.95
2025-04-01,2025-04,50553,Trevo Comercio LTDA,Restaurante,Interior Norte,Simone Klein,saco lixo 30l - fardo 6,Descartaveis,VENDA,3,15.73,37.11,38.76,0.67,1.3,0.67,-3.62
2025-04-01,2025-04,50558,TREVO ALIMENTOS S/A,Mercado,Interior Norte,Rogerio Antunes,Papel Toalha Interfolha 1000f - Caixa 24,Papel,VENDA,1,0.23,47.54,34.31,4.24,1.43,4.24,7.56
2025-04-02,2025-04,50559,Serrano Servicos LTDA ME,Mercado,Interior Norte,Simone Klein,Papel Toalha Interfolha 1000f - Pacote 100,Papel,VENDA,1,4.63,85.59,57.73,13.03,2.68,3.91,12.15
2025-04-02,2025-04,50561,Alvorada Distribuidora ME,Mercado,Interior Sul,Simone Klein,Desinfetante Lavanda 5L,Quimicos,VENDA,3,0.75,110.27,60.63,27.29,3.19,8.19,19.16
2025-04-03,2025-04,50567,Serrano Servicos LTDA ME,Mercado,Interior Norte,Simone Klein,Borrifador 500ml,Acessorios,VENDA,1,1.39,34.38,20.57,2.79,1.2,2.79,9.82
2025-04-03,2025-04,50570,Xavante Distribuidora LTDA ME,Clinica,Interior Sul,Rogerio Antunes,Avental PVC,EPI,VENDA,20,1.58,606.6,382.2,42.57,18.2,42.57,163.63
2025-04-04,2025-04,50575,Querencia Participacoes EIRELI,Mercado,Regiao Metropolitana,Tarcisio Bueno,Alcool 70 1L,Quimicos,VENDA,2,5.81,130.02,80.02,22.6,3.2,6.78,24.2
2025-04-07,2025-04,50585,Querencia Participacoes EIRELI,Mercado,Regiao Metropolitana,Tarcisio Bueno,Oculos Protecao,EPI,VENDA,1,1.81,36.97,23.34,3.13,1.04,3.13,9.46
2025-04-07,2025-04,50585,Querencia Participacoes EIRELI,Mercado,Regiao Metropolitana,Tarcisio Bueno,Alcool 70 1L,Quimicos,VENDA,5,4.77,288.65,200.05,24.47,8.08,24.47,56.05
2025-04-08,2025-04,50592,Horizonte Distribuidora S/A,Condominio,Regiao Metropolitana,Rogerio Antunes,Papel Higienico Folha Dupla 30m - Fardo 12,Papel,VENDA,5,1.74,141.87,92.4,22.53,3.78,6.76,23.16
2025-04-10,2025-04,50609,Imperial Servicos S/A,Clinica,Regiao Metropolitana,Rogerio Antunes,Papel Toalha Interfolha 1000f - Pacote 100,Papel,VENDA,3,1.5,236.94,173.19,42.35,7.11,42.35,14.29
2025-04-16,2025-04,50631,Jangada Comercio ME,Padaria,Regiao Metropolitana,Simone Klein,Copo Descartavel 50ml - Fardo 6,Descartaveis,VENDA,2,5.95,61.66,52.9,7.32,1.98,2.2,-0.54
2025-04-17,2025-04,50644,Trevo Alimentos EIRELI,Condominio,Interior Norte,Simone Klein,Papel Higienico Rolao 300m - Fardo 12,Papel,VENDA,10,5.84,815.2,623.4,67.56,28.53,67.56,95.71
2025-04-17,2025-04,50645,Trevo Alimentos EIRELI,Condominio,Interior Norte,Simone Klein,Alcool 70 1L - Caixa 24,Quimicos,VENDA,5,5.1,103.49,62.25,19.98,3.13,5.99,18.13
2025-04-22,2025-04,50666,Nortao Industria LTDA,Industria,Interior Sul,Rogerio Antunes,SACO LIXO 60L - PACOTE 100,Descartaveis,VENDA,1,6.42,14.18,13.33,1.46,0.43,1.46,-1.04
2025-04-23,2025-04,50671,Vitoria Comercio LTDA,Industria,Interior Sul,Simone Klein,Limpa Vidros 500ml - Caixa 24,Quimicos,VENDA,10,3.67,395.19,251.8,39.57,12.86,11.88,90.96
2025-04-25,2025-04,50683,BOREAL SERVICOS LTDA ME,Escola,Regiao Metropolitana,Tarcisio Bueno,papel higienico folha dupla 30m - fardo 12,Papel,VENDA,10,1.95,695.1,510.4,47.37,19.46,47.37,117.87
2025-04-26,2025-04,50684,BOREAL SERVICOS LTDA ME,Escola,Regiao Metropolitana,Tarcisio Bueno,luva plastica descartavel - pacote 100,Descartaveis,VENDA,3,2.49,78.33,58.38,19.5,1.81,5.85,-1.36
2025-04-26,2025-04,50686,Boreal Negocios ME,Padaria,Interior Norte,Rogerio Antunes,Limpa Vidros 500ml,Quimicos,VENDA,2,0.92,64.01,36.36,13.45,1.64,4.04,12.56
2025-04-28,2025-04,50687,Trevo Empreendimentos LTDA,Padaria,Interior Norte,Rogerio Antunes,SACO LIXO 60L,Descartaveis,VENDA,2,4.03,19.29,13.0,7.3,0.43,2.19,-1.44
2025-04-28,2025-04,50687,Trevo Empreendimentos LTDA,Padaria,Interior Norte,Rogerio Antunes,SACO LIXO 60L - PACOTE 100,Descartaveis,VENDA,2,10.25,37.0,26.66,14.0,0.82,4.2,-4.48
2025-04-28,2025-04,50688,Serrano Servicos LTDA ME,Mercado,Interior Norte,Simone Klein,Alvejante 5L - Caixa 24,Quimicos,VENDA,2,0.05,114.48,75.6,4.69,4.01,4.69,30.18
2025-04-28,2025-04,50689,Querencia Participacoes EIRELI,Mercado,Regiao Metropolitana,Tarcisio Bueno,DETERGENTE NEUTRO 5L - PACOTE 100,Quimicos,VENDA,2,2.58,48.37,21.92,22.88,0.91,6.87,2.66
2025-04-29,2025-04,50690,Uniao Participacoes LTDA,Condominio,Litoral,Rogerio Antunes,Limpa Vidros 500ml - Caixa 24,Quimicos,VENDA,2,3.52,89.4,50.36,22.54,2.21,6.76,14.29
2025-04-29,2025-04,50693,Querencia Participacoes EIRELI,Mercado,Regiao Metropolitana,Tarcisio Bueno,Avental PVC - Pacote 100,EPI,VENDA,1,2.86,12.49,6.69,2.88,0.29,0.87,2.63
2025-04-30,2025-04,50701,Horizonte Distribuidora S/A,Condominio,Regiao Metropolitana,Rogerio Antunes,Alvejante 5L,Quimicos,VENDA,20,3.01,1223.8,832.8,33.25,36.71,33.25,321.04
2025-04-30,2025-04,50701,Horizonte Distribuidora S/A,Condominio,Regiao Metropolitana,Rogerio Antunes,Avental PVC - Fardo 6,EPI,VENDA,2,1.22,14.36,9.02,0.39,0.43,0.39,4.52
2025-05-01,2025-05,50704,Oriente Participacoes LTDA,Clinica,Regiao Metropolitana,Simone Klein,Detergente Neutro 5L - Pacote 100,Quimicos,VENDA,2,0.98,51.23,29.52,9.93,1.55,2.98,10.23
2025-05-01,2025-05,50706,XAVANTE EMPREENDIMENTOS LTDA ME,Mercado,Interior Norte,Simone Klein,BOBINA PAPEL TOALHA 200M - PACOTE 100,Papel,VENDA,1,4.26,35.68,21.85,9.46,1.02,2.84,3.35
2025-05-01,2025-05,50706,XAVANTE EMPREENDIMENTOS LTDA ME,Mercado,Interior Norte,Simone Klein,Papel Toalha Interfolha 1000f - Pacote 100,Papel,VENDA,1,2.26,96.23,57.73,25.52,2.74,7.66,10.24
2025-05-01,2025-05,50708,Xavante Industria EIRELI,Escola,Regiao Metropolitana,Tarcisio Bueno,removedor 1l - pacote 100,Quimicos,VENDA,2,1.58,58.3,35.4,7.86,1.48,2.36,13.56
2025-05-02,2025-05,50713,Central Negocios ME,Mercado,Interior Sul,Tarcisio Bueno,Papel Higienico Rolao 300m - Fardo 12,Papel,VENDA,10,3.19,599.9,446.2,53.67,16.8,53.67,83.23
2025-05-03,2025-05,50717,Aurora Industria LTDA ME,Clinica,Interior Sul,Tarcisio Bueno,Saco Lixo 100L,Descartaveis,VENDA,5,7.79,141.0,134.55,11.92,3.95,11.92,-9.42
2025-05-05,2025-05,50720,XAVANTE EMPREENDIMENTOS LTDA ME,Mercado,Interior Norte,Simone Klein,Copo Descartavel 200ml - Fardo 12,Descartaveis,VENDA,2,4.84,42.33,35.02,6.36,1.33,1.91,-0.38
2025-05-05,2025-05,50725,BOREAL SERVICOS LTDA ME,Escola,Regiao Metropolitana,Tarcisio Bueno,limpador multiuso 5l - pacote 100,Quimicos,VENDA,3,3.86,56.88,35.37,7.67,1.44,2.3,12.4
2025-05-06,2025-05,50730,BOREAL SERVICOS LTDA ME,Escola,Regiao Metropolitana,Tarcisio Bueno,Luva Plastica Descartavel - Pacote 100,Descartaveis,DEVOLUCAO,-10,1.04,-190.5,-169.4,16.54,-5.33,16.54,-32.31
2025-05-06,2025-05,50730,BOREAL SERVICOS LTDA ME,Escola,Regiao Metropolitana,Tarcisio Bueno,Avental PVC,EPI,VENDA,2,2.31,60.22,38.22,5.23,1.69,5.23,15.08
2025-05-06,2025-05,50732,Serrano Servicos LTDA ME,Mercado,Interior Norte,Simone Klein,Guardanapo 24x24 - Caixa 24,Papel,VENDA,5,0.58,317.4,229.85,22.3,11.11,22.3,54.14
2025-05-06,2025-05,50734,Vitoria Distribuidora LTDA ME,Hotel,Interior Sul,Tarcisio Bueno,Balde 20L - Fardo 12,Acessorios,VENDA,20,4.97,475.8,295.4,44.63,13.32,44.63,122.45
2025-05-06,2025-05,50735,Horizonte Negocios LTDA ME,Mercado,Litoral,Simone Klein,Marmitex Aluminio 800ml,Descartaveis,VENDA,2,10.43,21.19,17.58,4.69,0.63,1.4,-1.71
2025-05-07,2025-05,50742,Aurora Alimentos S/A,Escola,Litoral,Simone Klein,Copo Descartavel 200ml - Fardo 12,Descartaveis,VENDA,2,13.2,34.54,35.02,3.39,1.21,3.39,-5.08
2025-05-08,2025-05,50747,Vitoria Empreendimentos EIRELI,Restaurante,Litoral,Tarcisio Bueno,Limpa Vidros 500ml - Caixa 24,Quimicos,VENDA,1,0.19,63.31,25.18,36.04,1.07,10.81,1.02
2025-05-12,2025-05,50767,Missoes Participacoes LTDA ME,Restaurante,Litoral,Tarcisio Bueno,ALCOOL 70 1L - FARDO 6,Quimicos,VENDA,1,0.08,70.15,41.95,9.48,1.78,2.84,16.94
2025-05-13,2025-05,50773,Trevo Empreendimentos LTDA,Padaria,Interior Norte,Rogerio Antunes,Guardanapo 24x24 - Caixa 24,Papel,VENDA,2,6.17,119.82,91.94,10.59,3.59,10.59,13.7
2025-05-13,2025-05,50774,Central Alimentos LTDA ME,Clinica,Litoral,Tarcisio Bueno,Alvejante 5L - Fardo 12,Quimicos,VENDA,5,2.32,180.95,107.9,30.36,4.47,9.11,38.22
2025-05-19,2025-05,50799,Uniao Comercio EIRELI,Escola,Interior Sul,Rogerio Antunes,Papel Higienico Folha Dupla 30m - Fardo 12,Papel,VENDA,1,3.23,30.5,18.48,8.09,0.75,2.43,3.18
2025-05-23,2025-05,50814,Xavante Distribuidora LTDA ME,Clinica,Interior Sul,Rogerio Antunes,saco lixo 30l - fardo 6,Descartaveis,VENDA,1,0.82,21.36,12.92,9.72,0.44,2.92,-1.72
2025-05-23,2025-05,50818,Vitoria Comercio LTDA,Industria,Interior Sul,Simone Klein,Papel Toalha Rolo 100f - Pacote 100,Papel,VENDA,5,2.21,407.03,274.45,48.9,13.05,14.67,70.63
2025-05-23,2025-05,50821,BOREAL SERVICOS LTDA ME,Escola,Regiao Metropolitana,Tarcisio Bueno,Avental PVC - Pacote 100,EPI,VENDA,5,4.23,116.15,75.2,7.72,3.25,7.72,29.98
2025-05-26,2025-05,50831,Pampa Alimentos ME,Padaria,Regiao Metropolitana,Rogerio Antunes,Escova Sanitaria - Fardo 12,Acessorios,VENDA,5,6.33,114.95,72.4,27.8,3.45,27.8,11.3
2025-05-27,2025-05,50839,BANDEIRANTE NEGOCIOS S/A,Condominio,Interior Sul,Simone Klein,Detergente Neutro 5L - Pacote 100,Quimicos,VENDA,1,2.87,29.11,14.76,10.56,0.76,3.17,3.03
2025-05-29,2025-05,50857,UNIAO ALIMENTOS EIRELI,Industria,Litoral,Simone Klein,Papel Toalha Rolo 100f - Fardo 6,Papel,VENDA,2,3.94,199.65,129.96,37.52,6.07,11.25,26.1
2025-05-29,2025-05,50857,UNIAO ALIMENTOS EIRELI,Industria,Litoral,Simone Klein,Papel Higienico Rolao 300m - Fardo 12,Papel,VENDA,3,2.34,209.07,133.86,39.29,6.35,11.78,29.57
2025-05-29,2025-05,50861,Jangada Comercio ME,Padaria,Regiao Metropolitana,Simone Klein,Luva Latex - Fardo 12,EPI,VENDA,3,1.45,42.73,18.36,19.34,1.02,5.8,4.01
2025-05-31,2025-05,50866,Estrela Servicos ME,Hotel,Interior Sul,Tarcisio Bueno,Papel Toalha Rolo 100f - Fardo 6,Papel,VENDA,3,3.73,286.64,194.94,37.13,7.3,11.13,47.27
2025-05-31,2025-05,50867,Boreal Participacoes EIRELI,Clinica,Litoral,Rogerio Antunes,Oculos Protecao,EPI,VENDA,5,3.29,205.31,116.7,33.23,5.46,9.97,49.92
2025-06-02,2025-06,50869,Horizonte Negocios LTDA ME,Mercado,Litoral,Simone Klein,limpador multiuso 5l - pacote 100,Quimicos,VENDA,1,1.67,17.56,11.79,0.28,0.61,0.28,4.88
2025-06-03,2025-06,50878,Luminar Participacoes LTDA,Condominio,Litoral,Simone Klein,Alcool 70 1L,Quimicos,VENDA,20,11.08,1078.0,800.2,46.81,37.73,46.81,193.26
2025-06-03,2025-06,50880,Uniao Servicos LTDA,Industria,Interior Sul,Tarcisio Bueno,pano multiuso - caixa 24,Acessorios,VENDA,3,8.31,71.91,46.26,6.21,2.01,6.21,17.43
2025-06-04,2025-06,50885,Luminar Alimentos S/A,Restaurante,Interior Sul,Rogerio Antunes,Detergente Neutro 5L - Caixa 24,Quimicos,VENDA,2,5.23,104.21,63.48,18.67,2.73,5.6,19.33
2025-06-05,2025-06,50894,Serrano Servicos LTDA ME,Mercado,Interior Norte,Simone Klein,Limpa Vidros 500ml - Fardo 12,Quimicos,VENDA,50,7.89,2319.5,1662.0,64.92,81.18,64.92,511.4
2025-06-06,2025-06,50900,Serrano Servicos LTDA ME,Mercado,Interior Norte,Simone Klein,Oculos Protecao - Caixa 24,EPI,VENDA,10,1.08,313.88,177.6,43.55,9.92,13.07,82.81
2025-06-06,2025-06,50902,Pampa Alimentos ME,Padaria,Regiao Metropolitana,Rogerio Antunes,Cera Liquida Incolor 5L - Fardo 6,Quimicos,VENDA,3,4.51,118.8,71.19,22.58,3.09,6.77,21.94
2025-06-07,2025-06,50905,Querencia Participacoes EIRELI,Mercado,Regiao Metropolitana,Tarcisio Bueno,PAPEL HIGIENICO ROLAO 300M,Papel,VENDA,5,5.77,95.11,62.7,18.66,2.3,5.6,11.45
2025-06-07,2025-06,50905,Querencia Participacoes EIRELI,Mercado,Regiao Metropolitana,Tarcisio Bueno,Cera Liquida Incolor 5L - Fardo 6,Quimicos,VENDA,2,5.48,120.93,72.84,23.73,2.92,7.12,21.44
2025-06-11,2025-06,50919,Estrela Servicos ME,Hotel,Interior Sul,Tarcisio Bueno,LUVA PLASTICA DESCARTAVEL,Descartaveis,VENDA,20,9.78,660.6,644.4,54.5,18.5,54.5,-56.8
2025-06-11,2025-06,50922,Horizonte Distribuidora S/A,Condominio,Regiao Metropolitana,Rogerio Antunes,Talher Descartavel Misto - Pacote 100,Descartaveis,VENDA,2,5.83,70.23,52.62,19.87,1.69,5.96,-3.95
2025-06-18,2025-06,50952,Pampa Alimentos ME,Padaria,Regiao Metropolitana,Rogerio Antunes,Alvejante 5L - Fardo 6,Quimicos,VENDA,10,1.13,236.5,157.9,23.14,7.1,23.14,48.37
2025-06-18,2025-06,50952,Pampa Alimentos ME,Padaria,Regiao Metropolitana,Rogerio Antunes,borrifador 500ml - fardo 6,Acessorios,VENDA,3,0.37,94.83,56.16,9.28,2.84,9.28,26.55
2025-06-19,2025-06,50961,Luminar Alimentos S/A,Restaurante,Interior Sul,Rogerio Antunes,Alvejante 5L - Fardo 12,Quimicos,VENDA,2,7.35,60.6,43.16,3.15,1.82,3.15,12.47
2025-06-19,2025-06,50966,Oriente Negocios LTDA ME,Industria,Litoral,Rogerio Antunes,Detergente Neutro 5L - Pacote 100,Quimicos,VENDA,2,0.45,44.52,29.52,5.16,1.34,5.16,8.5
2025-06-23,2025-06,50982,Luminar Alimentos S/A,Restaurante,Interior Sul,Rogerio Antunes,SACO LIXO 60L - CAIXA 24,Descartaveis,VENDA,3,13.93,29.37,30.03,1.06,0.88,1.06,-2.6
2025-06-23,2025-06,50982,Luminar Alimentos S/A,Restaurante,Interior Sul,Rogerio Antunes,Embalagem Delivery 750ml - Fardo 6,Descartaveis,VENDA,10,12.63,316.2,318.5,11.44,9.49,11.44,-23.23
2025-06-24,2025-06,50985,Imperial Servicos EIRELI,Condominio,Interior Norte,Rogerio Antunes,Oculos Protecao - Fardo 6,EPI,VENDA,20,3.4,621.8,399.0,46.87,18.65,46.87,157.28
2025-06-24,2025-06,50985,Imperial Servicos EIRELI,Condominio,Interior Norte,Rogerio Antunes,Detergente Neutro 5L - Pacote 100,Quimicos,VENDA,2,1.75,43.94,29.52,3.31,1.32,3.31,9.79
2025-06-24,2025-06,50987,Aurora Distribuidora LTDA,Escola,Regiao Metropolitana,Rogerio Antunes,Bota PVC,EPI,VENDA,1,0.41,45.21,13.62,33.33,0.66,10.0,-2.4
2025-06-27,2025-06,50999,Aurora Industria LTDA ME,Clinica,Interior Sul,Tarcisio Bueno,Limpa Vidros 500ml - Fardo 12,Quimicos,VENDA,3,1.57,161.75,99.72,18.63,4.16,5.59,39.24
2025-06-27,2025-06,51002,Pampa Alimentos ME,Padaria,Regiao Metropolitana,Rogerio Antunes,Limpador Multiuso 5L - Fardo 6,Quimicos,VENDA,5,6.99,238.95,169.55,44.05,7.17,44.05,18.18
2025-07-01,2025-07,51013,Querencia Participacoes EIRELI,Mercado,Regiao Metropolitana,Tarcisio Bueno,LUVA PLASTICA DESCARTAVEL,Descartaveis,VENDA,1,6.68,41.88,32.22,11.02,0.96,3.3,-2.32
2025-07-01,2025-07,51018,Serrano Servicos LTDA ME,Mercado,Interior Norte,Simone Klein,DETERGENTE NEUTRO 5L - PACOTE 100,Quimicos,VENDA,2,3.07,32.2,21.92,2.41,1.13,2.41,6.74
2025-07-02,2025-07,51020,Oriente Negocios LTDA ME,Industria,Litoral,Rogerio Antunes,Oculos Protecao - Fardo 6,EPI,VENDA,20,3.68,620.0,399.0,44.28,18.6,44.28,158.12
2025-07-02,2025-07,51020,Oriente Negocios LTDA ME,Industria,Litoral,Rogerio Antunes,Saco Lixo 100L - Fardo 6,Descartaveis,VENDA,1,10.18,25.2,24.69,1.8,0.76,1.8,-2.05
2025-07-03,2025-07,51035,Serrano Servicos LTDA ME,Mercado,Interior Norte,Simone Klein,Limpa Vidros 500ml,Quimicos,VENDA,1,0.05,41.48,18.18,19.91,0.96,5.97,2.43
2025-07-09,2025-07,51050,Querencia Participacoes EIRELI,Mercado,Regiao Metropolitana,Tarcisio Bueno,Rodo 40cm - Pacote 100,Acessorios,VENDA,2,5.48,98.51,55.7,13.26,2.5,3.97,27.05
2025-07-09,2025-07,51051,Estrela Negocios S/A,Padaria,Litoral,Tarcisio Bueno,Papel Higienico Folha Dupla 30m - Fardo 12,Papel,VENDA,2,1.7,137.78,100.92,7.37,3.86,7.37,25.63
2025-07-10,2025-07,51054,Serrano Servicos LTDA ME,Mercado,Interior Norte,Simone Klein,Embalagem Delivery 750ml - Pacote 100,Descartaveis,VENDA,3,3.07,43.02,32.97,9.56,1.27,2.87,-0.78
2025-07-14,2025-07,51063,Querencia Participacoes EIRELI,Mercado,Regiao Metropolitana,Tarcisio Bueno,Bobina Papel Toalha 200m - Caixa 24,Papel,VENDA,1,3.09,66.46,49.38,6.0,1.86,6.0,9.22
2025-07-14,2025-07,51064,Alvorada Servicos LTDA,Hotel,Interior Norte,Rogerio Antunes,Copo Descartavel 200ml - Fardo 12,Descartaveis,VENDA,1,11.7,64.26,31.4,46.79,0.95,14.04,-14.88
2025-07-14,2025-07,51065,BOREAL SERVICOS LTDA ME,Escola,Regiao Metropolitana,Tarcisio Bueno,Mascara Descartavel,EPI,VENDA,2,0.02,41.87,19.08,15.84,0.86,4.75,6.09
2025-07-14,2025-07,51067,Pampa Alimentos ME,Padaria,Regiao Metropolitana,Rogerio Antunes,Rodo 40cm - Pacote 100,Acessorios,VENDA,1,2.56,57.49,27.85,16.42,1.38,4.92,11.84
2025-07-14,2025-07,51067,Pampa Alimentos ME,Padaria,Regiao Metropolitana,Rogerio Antunes,REMOVEDOR 1L - CAIXA 24,Quimicos,VENDA,3,2.63,55.72,30.21,15.92,1.34,4.78,8.25
2025-07-15,2025-07,51071,Horizonte Negocios LTDA ME,Mercado,Litoral,Simone Klein,Balde 20L - Pacote 100,Acessorios,VENDA,2,3.14,72.39,38.48,13.15,2.21,3.94,18.55
2025-07-18,2025-07,51094,Serrano Servicos LTDA ME,Mercado,Interior Norte,Simone Klein,Oculos Protecao - Caixa 24,EPI,VENDA,2,0.6,71.7,35.52,21.06,1.99,6.32,13.13
2025-07-18,2025-07,51098,Serrano Servicos LTDA ME,Mercado,Interior Norte,Simone Klein,Alvejante 5L,Quimicos,VENDA,5,2.82,306.55,208.2,15.51,10.73,15.51,72.11
2025-07-18,2025-07,51098,Serrano Servicos LTDA ME,Mercado,Interior Norte,Simone Klein,papel toalha rolo 100f,Papel,VENDA,20,6.31,962.2,739.4,48.7,33.68,48.7,140.42
2025-07-21,2025-07,51110,Uniao Servicos LTDA,Industria,Interior Sul,Tarcisio Bueno,Talher Descartavel Misto - Caixa 24,Descartaveis,VENDA,1,8.34,32.63,31.33,5.29,0.91,5.29,-4.9
2025-07-23,2025-07,51119,Imperial Servicos EIRELI,Condominio,Interior Norte,Rogerio Antunes,Guardanapo 24x24 - Caixa 24,Papel,VENDA,50,10.03,3055.5,2445.0,62.99,91.67,62.99,455.85
2025-07-25,2025-07,51130,Aurora Alimentos S/A,Escola,Litoral,Simone Klein,papel higienico rolao 300m - fardo 6,Papel,VENDA,5,1.55,467.08,306.8,67.96,14.68,20.38,77.64
2025-07-25,2025-07,51133,Uniao Servicos LTDA,Industria,Interior Sul,Tarcisio Bueno,Prato Descartavel 15cm - Caixa 24,Descartaveis,VENDA,2,13.98,87.95,61.66,39.56,1.69,11.87,-14.96
2025-07-26,2025-07,51140,Nortao Empreendimentos LTDA ME,Padaria,Interior Sul,Tarcisio Bueno,OCULOS PROTECAO - FARDO 6,EPI,VENDA,2,0.75,17.84,8.92,5.09,0.4,1.53,3.43
2025-07-28,2025-07,51143,Aurora Alimentos S/A,Escola,Litoral,Simone Klein,Luva Latex - Fardo 6,EPI,VENDA,2,4.56,43.37,23.9,9.41,1.29,2.82,8.77
2025-07-30,2025-07,51154,Zenite Industria LTDA,Mercado,Litoral,Simone Klein,Mascara Descartavel - Fardo 6,EPI,VENDA,3,0.17,36.87,18.93,9.13,1.07,2.74,7.74
2025-07-30,2025-07,51158,Guarani Participacoes LTDA ME,Condominio,Litoral,Rogerio Antunes,Detergente Neutro 5L,Quimicos,VENDA,50,3.23,2434.5,1660.5,65.38,73.04,65.38,635.59
2025-07-30,2025-07,51159,TREVO ALIMENTOS S/A,Mercado,Interior Norte,Rogerio Antunes,papel toalha rolo 100f - fardo 6,Papel,VENDA,10,1.76,420.4,308.1,52.75,12.61,52.75,46.94
2025-07-31,2025-07,51167,UNIAO ALIMENTOS EIRELI,Industria,Litoral,Simone Klein,papel higienico rolao 300m - fardo 6,Papel,VENDA,1,3.09,110.55,61.36,39.95,2.89,11.99,6.35
2025-08-04,2025-08,51176,Trevo Comercio ME,Clinica,Regiao Metropolitana,Tarcisio Bueno,SACO LIXO 60L,Descartaveis,VENDA,3,9.56,24.71,19.5,6.67,0.56,2.0,-2.02
2025-08-08,2025-08,51198,Serrano Servicos LTDA ME,Mercado,Interior Norte,Simone Klein,Cera Liquida Incolor 5L - Fardo 6,Quimicos,VENDA,10,4.61,368.98,237.3,37.26,12.0,11.18,82.42
2025-08-08,2025-08,51201,Pampa Alimentos ME,Padaria,Regiao Metropolitana,Rogerio Antunes,PRATO DESCARTAVEL 15CM - PACOTE 100,Descartaveis,VENDA,5,8.22,189.48,165.2,24.55,5.17,7.37,-5.44
2025-08-11,2025-08,51205,Imperial Servicos S/A,Clinica,Regiao Metropolitana,Rogerio Antunes,PRATO DESCARTAVEL 15CM - PACOTE 100,Descartaveis,VENDA,3,11.07,115.22,99.12,21.5,3.01,6.45,-8.41
2025-08-12,2025-08,51211,Vitoria Distribuidora LTDA ME,Hotel,Interior Sul,Tarcisio Bueno,Talher Descartavel Misto - Pacote 100,Descartaveis,VENDA,2,6.15,73.12,52.62,24.29,1.57,7.29,-5.36
2025-08-15,2025-08,51224,Horizonte Distribuidora S/A,Condominio,Regiao Metropolitana,Rogerio Antunes,papel higienico folha dupla 30m - fardo 12,Papel,VENDA,10,1.47,698.5,510.4,22.45,20.96,22.45,144.7
2025-08-21,2025-08,51256,Boreal Comercio EIRELI,Mercado,Interior Sul,Simone Klein,sabao liquido 5l - pacote 100,Quimicos,VENDA,1,2.09,39.6,22.9,8.04,1.19,2.41,7.47
2025-08-21,2025-08,51257,Rio Claro Servicos S/A,Industria,Interior Norte,Rogerio Antunes,Talher Descartavel Misto - Pacote 100,Descartaveis,VENDA,1,2.49,29.16,26.31,4.18,0.87,4.18,-2.2
2025-08-21,2025-08,51257,Rio Claro Servicos S/A,Industria,Interior Norte,Rogerio Antunes,Limpa Vidros 500ml - Fardo 12,Quimicos,VENDA,2,3.98,96.72,66.48,13.85,2.9,13.85,13.49
2025-09-01,2025-09,51311,Vitoria Distribuidora LTDA ME,Hotel,Interior Sul,Tarcisio Bueno,Limpa Vidros 500ml - Fardo 12,Quimicos,VENDA,2,3.13,97.56,66.48,17.52,2.73,17.52,10.83
2025-09-01,2025-09,51312,Vitoria Distribuidora LTDA ME,Hotel,Interior Sul,Tarcisio Bueno,papel higienico folha dupla 30m - fardo 12,Papel,VENDA,3,0.2,242.26,153.12,42.86,5.94,12.85,40.34
2025-09-01,2025-09,51315,Vitoria Distribuidora LTDA ME,Hotel,Interior Sul,Tarcisio Bueno,Papel Higienico Folha Dupla 30m - Fardo 12,Papel,VENDA,3,1.66,221.19,151.38,20.61,5.79,6.18,43.41
2025-09-01,2025-09,51315,Vitoria Distribuidora LTDA ME,Hotel,Interior Sul,Tarcisio Bueno,MASCARA DESCARTAVEL - CAIXA 24,EPI,VENDA,5,1.12,112.75,66.1,10.51,2.95,3.16,33.19
2025-09-02,2025-09,51320,Luminar Alimentos S/A,Restaurante,Interior Sul,Rogerio Antunes,Guardanapo 24x24,Papel,VENDA,1,1.19,60.2,43.87,7.28,1.81,7.28,7.24
2025-09-02,2025-09,51320,Luminar Alimentos S/A,Restaurante,Interior Sul,Rogerio Antunes,OCULOS PROTECAO - FARDO 6,EPI,VENDA,2,1.28,14.2,8.92,1.72,0.43,1.72,3.13
2025-09-02,2025-09,51322,Pampa Alimentos ME,Padaria,Regiao Metropolitana,Rogerio Antunes,Papel Higienico Rolao 300m - Fardo 12,Papel,VENDA,5,9.72,308.42,223.1,40.96,8.39,12.29,35.97
2025-09-02,2025-09,51323,Uniao Negocios LTDA,Hotel,Interior Norte,Rogerio Antunes,Vassoura Nylon - Caixa 24,Acessorios,VENDA,1,0.74,51.22,24.51,14.26,1.24,4.27,11.21
2025-09-03,2025-09,51335,Imperial Distribuidora LTDA,Industria,Litoral,Tarcisio Bueno,Limpador Multiuso 5L - Fardo 6,Quimicos,VENDA,3,2.74,114.9,77.97,4.58,3.22,4.58,29.13
2025-09-03,2025-09,51335,Imperial Distribuidora LTDA,Industria,Litoral,Tarcisio Bueno,Alcool 70 1L - Caixa 24,Quimicos,VENDA,3,3.73,165.84,113.7,6.62,4.64,6.62,40.88
2025-09-04,2025-09,51337,Querencia Participacoes EIRELI,Mercado,Regiao Metropolitana,Tarcisio Bueno,Limpador Multiuso 5L - Fardo 6,Quimicos,VENDA,10,7.2,515.67,339.1,55.52,13.35,16.65,107.7
2025-09-05,2025-09,51349,Oriente Alimentos ME,Padaria,Interior Norte,Tarcisio Bueno,papel higienico rolao 300m - fardo 6,Papel,VENDA,1,5.7,93.54,61.36,18.83,2.25,5.65,11.1
2025-09-08,2025-09,51355,Serrano Servicos LTDA ME,Mercado,Interior Norte,Simone Klein,pano multiuso - caixa 24,Acessorios,VENDA,3,2.23,83.04,46.26,9.08,2.68,2.72,25.02
2025-09-16,2025-09,51394,Trevo Empreendimentos LTDA,Padaria,Interior Norte,Rogerio Antunes,Talher Descartavel Misto - Pacote 100,Descartaveis,VENDA,3,2.06,105.54,78.93,25.29,2.64,7.59,-1.32
2025-09-16,2025-09,51402,Trevo Empreendimentos LTDA,Padaria,Interior Norte,Rogerio Antunes,Sabao Liquido 5L - Fardo 12,Quimicos,VENDA,10,4.23,177.07,104.1,37.24,4.53,11.17,31.2
2025-09-17,2025-09,51405,Estrela Servicos LTDA,Escola,Litoral,Tarcisio Bueno,saco lixo 100l - fardo 12,Descartaveis,VENDA,2,4.37,64.16,59.04,4.76,1.8,4.76,-1.44
2025-09-17,2025-09,51406,Imperial Servicos S/A,Clinica,Regiao Metropolitana,Rogerio Antunes,borrifador 500ml - fardo 6,Acessorios,VENDA,10,4.59,328.35,187.2,36.64,9.08,10.99,95.43
2025-09-17,2025-09,51407,BOREAL SERVICOS LTDA ME,Escola,Regiao Metropolitana,Tarcisio Bueno,Copo Descartavel 200ml - Pacote 100,Descartaveis,VENDA,1,12.46,28.75,28.9,3.45,0.81,3.45,-4.4
2025-09-17,2025-09,51412,Horizonte Distribuidora S/A,Condominio,Regiao Metropolitana,Rogerio Antunes,Luva Plastica Descartavel - Fardo 12,Descartaveis,VENDA,2,5.38,88.58,72.5,15.2,2.34,4.56,-1.46
2025-09-25,2025-09,51439,Serrano Servicos LTDA ME,Mercado,Interior Norte,Simone Klein,Talher Descartavel Misto - Caixa 24,Descartaveis,VENDA,5,8.23,198.98,156.65,50.9,5.72,15.27,-14.29
2025-09-29,2025-09,51453,BOREAL SERVICOS LTDA ME,Escola,Regiao Metropolitana,Tarcisio Bueno,Prato Descartavel 15cm,Descartaveis,VENDA,10,19.74,255.5,280.1,10.53,7.15,10.53,-42.28
2025-09-29,2025-09,51457,XAVANTE EMPREENDIMENTOS LTDA ME,Mercado,Interior Norte,Simone Klein,Luva Plastica Descartavel - Fardo 6,Descartaveis,VENDA,2,1.88,34.0,30.5,0.88,1.19,0.88,1.43
2025-09-29,2025-09,51458,Boreal Negocios ME,Padaria,Interior Norte,Rogerio Antunes,Limpa Vidros 500ml - Caixa 24,Quimicos,VENDA,5,1.83,210.82,125.9,33.67,5.62,10.1,45.63
2025-09-29,2025-09,51460,Oriente Negocios ME,Restaurante,Interior Sul,Rogerio Antunes,Alcool 70 1L,Quimicos,VENDA,2,3.61,133.15,80.02,23.27,3.51,6.98,26.35
2025-09-30,2025-09,51463,Serrano Servicos LTDA ME,Mercado,Interior Norte,Simone Klein,Prato Descartavel 15cm - Caixa 24,Descartaveis,VENDA,3,9.43,111.21,92.49,22.88,3.33,6.86,-7.49
2025-10-01,2025-10,51469,Serrano Servicos LTDA ME,Mercado,Interior Norte,Simone Klein,SACO LIXO 60L - CAIXA 24,Descartaveis,VENDA,10,12.77,133.25,100.1,48.5,3.48,14.55,-18.83
2025-10-02,2025-10,51475,Boreal Negocios ME,Padaria,Interior Norte,Rogerio Antunes,Bobina Papel Toalha 200m - Caixa 24,Papel,VENDA,3,1.36,232.29,148.14,41.92,6.09,12.58,36.14
2025-10-02,2025-10,51476,Nortao Alimentos S/A,Escola,Interior Norte,Simone Klein,Limpa Vidros 500ml - Caixa 24,Quimicos,VENDA,10,3.47,368.3,251.8,25.55,12.89,25.55,78.06
2025-10-02,2025-10,51478,Boreal Negocios ME,Padaria,Interior Norte,Rogerio Antunes,Papel Higienico Rolao 300m - Fardo 12,Papel,VENDA,3,1.26,256.47,187.02,23.89,7.69,23.89,37.87
2025-10-06,2025-10,51493,BOREAL SERVICOS LTDA ME,Escola,Regiao Metropolitana,Tarcisio Bueno,Marmitex Aluminio 800ml - Caixa 24,Descartaveis,VENDA,10,14.55,367.3,343.5,48.28,9.34,14.48,-33.82
2025-10-08,2025-10,51509,Guarani Servicos S/A,Restaurante,Regiao Metropolitana,Simone Klein,Avental PVC - Pacote 100,EPI,VENDA,50,8.13,495.5,334.5,21.13,17.34,21.13,122.53
2025-10-08,2025-10,51513,Trevo Empreendimentos LTDA,Padaria,Interior Norte,Rogerio Antunes,Guardanapo 24x24 - Fardo 12,Papel,VENDA,5,7.98,354.65,248.4,53.14,9.52,15.94,43.59
2025-10-09,2025-10,51515,BANDEIRANTE NEGOCIOS S/A,Condominio,Interior Sul,Simone Klein,Alvejante 5L - Caixa 24,Quimicos,VENDA,5,1.95,280.75,189.0,23.09,9.83,23.09,58.83
2025-10-09,2025-10,51515,BANDEIRANTE NEGOCIOS S/A,Condominio,Interior Sul,Simone Klein,mop umido - fardo 6,Acessorios,VENDA,10,1.01,339.4,202.3,27.91,11.88,27.91,97.31
2025-10-09,2025-10,51517,Querencia Participacoes EIRELI,Mercado,Regiao Metropolitana,Tarcisio Bueno,Bobina Papel Toalha 200m - Caixa 24,Papel,VENDA,5,6.87,344.23,246.9,35.54,8.94,10.66,52.85
2025-10-10,2025-10,51525,BOREAL SERVICOS LTDA ME,Escola,Regiao Metropolitana,Tarcisio Bueno,Limpador Multiuso 5L - Fardo 6,Quimicos,VENDA,1,5.3,37.29,25.99,6.28,1.04,6.28,3.98
2025-10-10,2025-10,51525,BOREAL SERVICOS LTDA ME,Escola,Regiao Metropolitana,Tarcisio Bueno,papel higienico rolao 300m - fardo 6,Papel,VENDA,5,1.62,419.2,306.8,70.65,11.74,70.65,30.01
2025-10-10,2025-10,51526,Bandeirante Comercio ME,Condominio,Litoral,Rogerio Antunes,Copo Descartavel 200ml - Fardo 12,Descartaveis,VENDA,5,8.08,91.45,87.55,8.05,2.74,8.05,-6.89
2025-10-10,2025-10,51526,Bandeirante Comercio ME,Condominio,Litoral,Rogerio Antunes,Removedor 1L - Fardo 6,Quimicos,VENDA,20,2.92,292.2,198.6,25.73,8.77,25.73,59.1
2025-10-14,2025-10,51538,Luminar Participacoes LTDA,Condominio,Litoral,Simone Klein,Prato Descartavel 15cm - Caixa 24,Descartaveis,VENDA,3,10.82,68.42,58.11,13.62,2.06,4.09,-5.37
2025-10-14,2025-10,51541,Aurora Industria LTDA,Clinica,Regiao Metropolitana,Tarcisio Bueno,Papel Toalha Rolo 100f - Pacote 100,Papel,VENDA,2,9.15,163.46,109.78,35.63,3.88,10.69,14.17
2025-10-16,2025-10,51555,BOREAL SERVICOS LTDA ME,Escola,Regiao Metropolitana,Tarcisio Bueno,SACO LIXO 60L - PACOTE 100,Descartaveis,VENDA,1,4.08,14.53,13.33,0.43,0.41,0.43,0.36
2025-10-16,2025-10,51555,BOREAL SERVICOS LTDA ME,Escola,Regiao Metropolitana,Tarcisio Bueno,Detergente Neutro 5L,Quimicos,VENDA,50,6.56,2351.0,1660.5,69.1,65.83,69.1,555.57
2025-10-17,2025-10,51563,Querencia Participacoes EIRELI,Mercado,Regiao Metropolitana,Tarcisio Bueno,Luva Plastica Descartavel - Fardo 6,Descartaveis,VENDA,2,5.46,49.32,30.5,23.66,0.92,7.1,-5.76
2025-10-20,2025-10,51566,Imperial Servicos S/A,Clinica,Regiao Metropolitana,Rogerio Antunes,Desengordurante 5L - Pacote 100,Quimicos,VENDA,2,4.28,48.75,24.74,18.39,1.08,5.52,4.54
2025-10-20,2025-10,51568,Horizonte Distribuidora S/A,Condominio,Regiao Metropolitana,Rogerio Antunes,MOP UMIDO - CAIXA 24,Acessorios,VENDA,2,1.3,116.84,56.36,32.23,2.83,9.67,25.42
2025-10-24,2025-10,51593,BOREAL SERVICOS LTDA ME,Escola,Regiao Metropolitana,Tarcisio Bueno,Bobina Papel Toalha 200m - Caixa 24,Papel,VENDA,2,2.65,165.38,98.76,45.51,3.74,13.65,17.37
2025-10-24,2025-10,51595,Estrela Servicos LTDA,Escola,Litoral,Tarcisio Bueno,Bobina Papel Toalha 200m,Papel,VENDA,1,3.45,52.74,35.21,7.91,1.32,2.38,8.3
2025-10-25,2025-10,51597,Serrano Alimentos EIRELI,Padaria,Regiao Metropolitana,Simone Klein,Cera Liquida Incolor 5L - Fardo 6,Quimicos,VENDA,1,2.11,57.08,35.22,6.93,1.83,2.08,13.1
2025-10-29,2025-10,51625,Rio Claro Servicos EIRELI,Mercado,Interior Norte,Tarcisio Bueno,removedor 1l,Quimicos,VENDA,1,8.97,60.62,38.68,10.38,1.49,3.11,10.07
2025-10-30,2025-10,51630,Nortao Empreendimentos LTDA ME,Padaria,Interior Sul,Tarcisio Bueno,Rodo 40cm - Fardo 12,Acessorios,VENDA,20,1.13,166.04,87.6,27.49,4.11,8.25,46.84
2025-10-30,2025-10,51630,Nortao Empreendimentos LTDA ME,Padaria,Interior Sul,Tarcisio Bueno,Bobina Papel Toalha 200m - Fardo 6,Papel,VENDA,2,1.93,62.44,40.52,10.34,1.55,3.1,10.03
2025-10-31,2025-10,51635,Horizonte Distribuidora S/A,Condominio,Regiao Metropolitana,Rogerio Antunes,Papel Toalha Interfolha 1000f - Caixa 24,Papel,VENDA,3,4.07,228.22,150.15,40.26,6.0,12.08,31.81
2025-10-31,2025-10,51636,Luminar Alimentos S/A,Restaurante,Interior Sul,Rogerio Antunes,Alvejante 5L - Fardo 6,Quimicos,VENDA,1,7.04,26.6,15.79,6.22,0.67,1.86,3.92
2025-11-01,2025-11,51641,Trevo Empreendimentos LTDA,Padaria,Interior Norte,Rogerio Antunes,Papel Higienico Folha Dupla 30m,Papel,VENDA,2,6.19,71.02,36.14,34.16,1.41,10.24,-0.69
2025-11-03,2025-11,51645,Zenite Participacoes ME,Padaria,Interior Norte,Simone Klein,Copo Descartavel 50ml - Pacote 100,Descartaveis,VENDA,50,21.88,571.0,643.5,43.34,19.99,43.34,-135.83
2025-11-03,2025-11,51645,Zenite Participacoes ME,Padaria,Interior Norte,Simone Klein,Papel Toalha Interfolha 1000f,Papel,VENDA,5,0.43,144.7,104.6,10.98,5.06,10.98,24.06
2025-11-03,2025-11,51647,Trevo Alimentos EIRELI,Condominio,Interior Norte,Simone Klein,Papel Toalha Interfolha 1000f - Caixa 24,Papel,VENDA,5,2.93,337.35,250.25,33.4,11.81,33.4,41.89
2025-11-10,2025-11,51667,Pampa Alimentos ME,Padaria,Regiao Metropolitana,Rogerio Antunes,saco lixo 30l - fardo 6,Descartaveis,VENDA,2,9.04,33.07,25.84,9.09,0.8,2.72,-2.66
2025-11-10,2025-11,51671,Missoes Participacoes LTDA ME,Restaurante,Litoral,Tarcisio Bueno,Papel Toalha Interfolha 1000f - Caixa 24,Papel,VENDA,2,0.18,124.72,68.62,42.29,2.66,12.69,11.15
2025-11-10,2025-11,51672,Estrela Servicos LTDA,Escola,Litoral,Tarcisio Bueno,Esponja Dupla Face - Caixa 24,Acessorios,VENDA,3,5.29,91.14,51.81,11.4,2.33,3.42,25.6
2025-11-10,2025-11,51673,Luminar Alimentos S/A,Restaurante,Interior Sul,Rogerio Antunes,MOP UMIDO - CAIXA 24,Acessorios,VENDA,10,5.22,452.7,281.8,21.19,13.58,21.19,136.13
2025-11-10,2025-11,51673,Luminar Alimentos S/A,Restaurante,Interior Sul,Rogerio Antunes,papel higienico folha dupla 30m - fardo 12,Papel,VENDA,10,3.96,680.8,510.4,31.86,20.42,31.86,118.12
2025-11-11,2025-11,51680,Horizonte Industria S/A,Escola,Interior Norte,Rogerio Antunes,DESINFETANTE LAVANDA 5L - FARDO 6,Quimicos,VENDA,3,2.43,153.97,82.89,44.93,3.68,13.48,22.47
2025-11-11,2025-11,51681,Estrela Negocios S/A,Padaria,Litoral,Tarcisio Bueno,Desinfetante Lavanda 5L - Pacote 100,Quimicos,VENDA,2,0.6,120.85,74.92,11.44,3.16,3.43,31.33
2025-11-11,2025-11,51683,querencia negocios me,Restaurante,Litoral,Rogerio Antunes,Saco Lixo 60L - Fardo 6,Descartaveis,VENDA,20,10.26,171.0,167.8,19.36,5.13,19.36,-21.29
2025-11-11,2025-11,51683,querencia negocios me,Restaurante,Litoral,Rogerio Antunes,Rodo 40cm,Acessorios,VENDA,10,3.0,224.5,136.5,25.42,6.74,25.42,55.85
2025-11-12,2025-11,51687,Trevo Alimentos EIRELI,Condominio,Interior Norte,Simone Klein,saco lixo 30l - fardo 6,Descartaveis,VENDA,2,11.96,25.84,25.84,2.96,0.9,2.96,-3.86
2025-11-12,2025-11,51687,Trevo Alimentos EIRELI,Condominio,Interior Norte,Simone Klein,papel toalha rolo 100f - fardo 6,Papel,VENDA,10,5.11,406.0,308.1,46.44,14.21,46.44,37.25
2025-11-13,2025-11,51697,Xavante Distribuidora LTDA ME,Clinica,Interior Sul,Rogerio Antunes,papel higienico rolao 300m - fardo 6,Papel,VENDA,2,2.32,179.5,122.72,18.6,4.99,5.58,33.19
2025-11-17,2025-11,51712,Aurora Alimentos S/A,Escola,Litoral,Simone Klein,Embalagem Delivery 750ml,Descartaveis,VENDA,2,6.99,57.46,48.04,9.54,1.78,2.86,-1.9
2025-11-19,2025-11,51719,Zenite Servicos EIRELI,Industria,Interior Sul,Tarcisio Bueno,Marmitex Aluminio 800ml - Caixa 24,Descartaveis,VENDA,5,10.87,64.07,52.4,15.67,1.49,4.7,-5.49
2025-11-19,2025-11,51721,Uniao Servicos LTDA,Industria,Interior Sul,Tarcisio Bueno,Copo Descartavel 200ml - Fardo 12,Descartaveis,VENDA,3,8.41,54.69,52.53,6.27,1.53,6.27,-5.64
2025-11-20,2025-11,51727,Vitoria Distribuidora LTDA ME,Hotel,Interior Sul,Tarcisio Bueno,Avental PVC - Pacote 100,EPI,VENDA,10,1.88,116.87,66.9,15.67,2.97,4.7,31.33
2025-11-20,2025-11,51729,Boreal Comercio EIRELI,Mercado,Interior Sul,Simone Klein,Guardanapo 24x24,Papel,VENDA,3,2.06,192.08,131.61,18.67,6.27,5.6,35.53
2025-11-20,2025-11,51729,Boreal Comercio EIRELI,Mercado,Interior Sul,Simone Klein,Pano Multiuso - Caixa 24,Acessorios,VENDA,10,2.5,229.94,129.7,22.35,7.5,6.71,70.39
2025-11-20,2025-11,51735,Estrela Industria EIRELI,Clinica,Interior Norte,Rogerio Antunes,Limpador Multiuso 5L,Quimicos,VENDA,2,0.16,111.72,58.66,32.83,2.66,9.85,17.57
2025-11-21,2025-11,51738,Nortao Alimentos S/A,Escola,Interior Norte,Simone Klein,Papel Toalha Rolo 100f - Caixa 24,Papel,VENDA,2,0.87,97.0,70.46,5.74,3.4,5.74,17.41
2025-11-21,2025-11,51739,Vitoria Distribuidora LTDA ME,Hotel,Interior Sul,Tarcisio Bueno,Bobina Papel Toalha 200m - Caixa 24,Papel,VENDA,1,2.33,66.98,49.38,7.48,1.88,7.48,8.24
2025-11-24,2025-11,51743,Trevo Empreendimentos LTDA,Padaria,Interior Norte,Rogerio Antunes,Marmitex Aluminio 800ml - Caixa 24,Descartaveis,VENDA,2,6.29,22.32,20.96,1.18,0.67,1.18,-0.49
2025-11-24,2025-11,51751,Estrela Servicos LTDA,Escola,Litoral,Tarcisio Bueno,Avental PVC - Fardo 6,EPI,VENDA,50,8.67,332.0,225.5,41.81,9.3,41.81,55.39
2025-11-27,2025-11,51767,Vitoria Comercio LTDA,Industria,Interior Sul,Simone Klein,Alcool 70 1L,Quimicos,VENDA,2,4.12,137.12,80.02,29.83,4.07,8.95,23.2
2025-12-01,2025-12,51786,Alvorada Distribuidora ME,Mercado,Interior Sul,Simone Klein,Papel Toalha Interfolha 1000f - Pacote 100,Papel,VENDA,1,0.57,87.84,57.73,11.6,2.79,3.48,15.72
2025-12-02,2025-12,51798,Xavante Servicos EIRELI,Padaria,Litoral,Rogerio Antunes,Marmitex Aluminio 800ml - Pacote 100,Descartaveis,VENDA,5,3.18,181.51,138.65,41.38,4.58,12.42,-3.1
2025-12-04,2025-12,51807,BOREAL SERVICOS LTDA ME,Escola,Regiao Metropolitana,Tarcisio Bueno,Marmitex Aluminio 800ml - Pacote 100,Descartaveis,VENDA,3,6.19,119.97,83.19,44.7,2.48,13.41,-10.4
2025-12-04,2025-12,51808,BOREAL SERVICOS LTDA ME,Escola,Regiao Metropolitana,Tarcisio Bueno,Desengordurante 5L,Quimicos,VENDA,2,5.03,97.64,67.86,15.35,2.73,15.35,11.7
2025-12-04,2025-12,51811,Boreal Comercio EIRELI,Mercado,Interior Sul,Simone Klein,Papel Toalha Interfolha 1000f - Caixa 24,Papel,VENDA,10,4.67,662.6,500.5,65.12,23.19,65.12,73.79
2025-12-05,2025-12,51819,Alvorada Servicos LTDA,Hotel,Interior Norte,Rogerio Antunes,Papel Toalha Interfolha 1000f,Papel,VENDA,5,6.25,164.79,104.6,40.84,4.09,12.25,15.26
2025-12-05,2025-12,51823,Querencia Empreendimentos LTDA,Clinica,Interior Sul,Simone Klein,Guardanapo 24x24 - Caixa 24,Papel,VENDA,3,2.53,198.6,146.7,17.42,6.95,17.42,27.53
2025-12-08,2025-12,51832,Querencia Participacoes EIRELI,Mercado,Regiao Metropolitana,Tarcisio Bueno,SACO LIXO 60L - CAIXA 24,Descartaveis,VENDA,10,12.02,100.1,100.1,7.61,2.8,7.61,-10.41
2025-12-08,2025-12,51832,Querencia Participacoes EIRELI,Mercado,Regiao Metropolitana,Tarcisio Bueno,Papel Higienico Rolao 300m - Fardo 12,Papel,VENDA,2,0.07,184.68,133.06,14.04,5.17,14.04,32.41
2025-12-08,2025-12,51834,Serrano Servicos LTDA ME,Mercado,Interior Norte,Simone Klein,limpador multiuso 5l - pacote 100,Quimicos,VENDA,3,3.13,59.75,35.37,11.21,1.82,3.36,11.35
2025-12-08,2025-12,51839,Vitoria Distribuidora LTDA ME,Hotel,Interior Sul,Tarcisio Bueno,Saco Lixo 100L,Descartaveis,VENDA,10,5.53,317.2,269.1,40.42,8.09,12.12,-0.41
2025-12-09,2025-12,51845,Guarani Servicos LTDA ME,Escola,Litoral,Tarcisio Bueno,Guardanapo 24x24 - Caixa 24,Papel,VENDA,3,1.72,231.27,146.7,44.32,5.61,13.3,34.64
2025-12-09,2025-12,51847,Serrano Servicos LTDA ME,Mercado,Interior Norte,Simone Klein,Guardanapo 24x24 - Fardo 12,Papel,VENDA,2,1.45,136.0,99.36,6.85,4.76,6.85,25.03
2025-12-10,2025-12,51852,Rio Claro Servicos EIRELI,Mercado,Interior Norte,Tarcisio Bueno,Esponja Dupla Face - Caixa 24,Acessorios,VENDA,2,2.37,102.71,53.48,20.3,2.48,6.09,26.45
2025-12-10,2025-12,51856,Estrela Industria EIRELI,Clinica,Interior Norte,Rogerio Antunes,Sabao Liquido 5L - Fardo 12,Quimicos,VENDA,1,1.64,17.33,10.41,2.6,0.47,0.78,3.85
2025-12-10,2025-12,51856,Estrela Industria EIRELI,Clinica,Interior Norte,Rogerio Antunes,Alvejante 5L,Quimicos,VENDA,3,1.92,207.39,124.92,31.07,5.57,9.32,45.83
2025-12-11,2025-12,51861,Serrano Servicos LTDA ME,Mercado,Interior Norte,Simone Klein,Luva Plastica Descartavel - Fardo 12,Descartaveis,VENDA,1,7.53,38.09,36.25,3.24,1.33,3.24,-2.73
2025-12-11,2025-12,51861,Serrano Servicos LTDA ME,Mercado,Interior Norte,Simone Klein,Cera Liquida Incolor 5L - Fardo 6,Quimicos,VENDA,10,1.2,545.2,364.2,46.37,19.08,46.37,115.55
2025-12-12,2025-12,51867,Nortao Alimentos S/A,Escola,Interior Norte,Simone Klein,Alvejante 5L,Quimicos,VENDA,1,2.62,71.08,41.64,13.77,2.15,4.13,13.52
2025-12-12,2025-12,51875,Querencia Participacoes EIRELI,Mercado,Regiao Metropolitana,Tarcisio Bueno,Guardanapo 24x24 - Caixa 24,Papel,VENDA,50,7.38,3145.5,2445.0,51.82,88.07,51.82,560.61
2025-12-13,2025-12,51880,Oriente Participacoes LTDA,Clinica,Regiao Metropolitana,Simone Klein,BOBINA PAPEL TOALHA 200M - PACOTE 100,Papel,VENDA,1,4.16,39.65,21.85,15.09,1.02,4.53,1.69
2025-12-16,2025-12,51891,Aurora Distribuidora LTDA,Escola,Regiao Metropolitana,Rogerio Antunes,Alvejante 5L - Caixa 24,Quimicos,VENDA,2,1.04,113.34,75.6,5.35,3.4,5.35,28.99
2025-12-16,2025-12,51893,Serrano Servicos LTDA ME,Mercado,Interior Norte,Simone Klein,Balde 20L - Fardo 12,Acessorios,VENDA,2,2.02,60.91,29.54,16.96,1.72,5.09,12.69
2025-12-17,2025-12,51905,Querencia Participacoes EIRELI,Mercado,Regiao Metropolitana,Tarcisio Bueno,BORRIFADOR 500ML - FARDO 12,Acessorios,VENDA,20,4.86,926.2,574.4,81.87,25.93,81.87,244.0
2025-12-20,2025-12,51920,Xavante Servicos EIRELI,Padaria,Litoral,Rogerio Antunes,LUVA PLASTICA DESCARTAVEL,Descartaveis,VENDA,2,4.68,102.05,64.44,46.07,2.09,13.82,-10.55
2025-12-22,2025-12,51925,Boreal Negocios ME,Padaria,Interior Norte,Rogerio Antunes,Luva Plastica Descartavel - Fardo 6,Descartaveis,VENDA,1,3.11,23.66,15.25,9.82,0.5,2.95,-1.91
2025-12-23,2025-12,51932,Trevo Alimentos EIRELI,Condominio,Interior Norte,Simone Klein,Oculos Protecao - Fardo 6,EPI,VENDA,10,0.28,124.1,77.1,7.76,4.34,7.76,34.9
2025-12-24,2025-12,51944,Serrano Servicos LTDA ME,Mercado,Interior Norte,Simone Klein,Copo Descartavel 50ml - Fardo 6,Descartaveis,VENDA,20,0.54,598.0,529.0,19.49,20.93,19.49,28.58
2025-12-24,2025-12,51947,Zenite Participacoes ME,Padaria,Interior Norte,Simone Klein,borrifador 500ml - fardo 6,Acessorios,VENDA,10,3.98,304.7,187.2,19.04,10.66,19.04,87.8
2025-12-24,2025-12,51948,BOREAL SERVICOS LTDA ME,Escola,Regiao Metropolitana,Tarcisio Bueno,Marmitex Aluminio 800ml - Caixa 24,Descartaveis,VENDA,1,11.83,34.41,34.35,2.22,0.96,2.22,-3.12
2025-12-24,2025-12,51949,Missoes Participacoes LTDA ME,Restaurante,Litoral,Tarcisio Bueno,Papel Toalha Interfolha 1000f,Papel,VENDA,1,0.43,28.94,20.92,1.96,0.81,1.96,5.25
2025-12-24,2025-12,51949,Missoes Participacoes LTDA ME,Restaurante,Litoral,Tarcisio Bueno,Avental PVC - Pacote 100,EPI,VENDA,5,0.94,120.15,75.2,8.14,3.36,8.14,33.45
2025-12-24,2025-12,51954,Querencia Participacoes EIRELI,Mercado,Regiao Metropolitana,Tarcisio Bueno,pano multiuso - caixa 24,Acessorios,VENDA,5,2.65,147.77,77.1,29.31,3.56,8.79,37.8
2025-12-25,2025-12,51962,Horizonte Negocios LTDA ME,Mercado,Litoral,Simone Klein,Saco Lixo 30L - Fardo 6,Descartaveis,VENDA,3,0.35,86.61,76.47,8.52,3.03,8.52,-1.41
2025-12-29,2025-12,51987,Guarani Servicos S/A,Restaurante,Regiao Metropolitana,Simone Klein,Detergente Neutro 5L - Caixa 24,Quimicos,VENDA,2,4.97,104.7,63.48,19.01,3.2,5.71,19.01
2025-12-29,2025-12,51988,Estrela Servicos LTDA,Escola,Litoral,Tarcisio Bueno,limpador multiuso 5l - pacote 100,Quimicos,VENDA,1,4.42,22.83,11.79,8.22,0.48,2.46,2.34
2025-01-01,2025-01,50001,BOREAL SERVICOS LTDA ME,Escola,Regiao Metropolitana,Tarcisio Bueno,Limpa Vidros 500ml - Fardo 12,Quimicos,VENDA,3,3.16,146.31,99.72,8.73,4.1,8.73,33.76
2025-01-01,2025-01,50001,BOREAL SERVICOS LTDA ME,Escola,Regiao Metropolitana,Tarcisio Bueno,ALCOOL 70 1L - FARDO 6,Quimicos,VENDA,2,6.12,119.34,83.9,7.12,3.34,7.12,24.98
2025-01-01,2025-01,50010,Oriente Participacoes LTDA,Clinica,Regiao Metropolitana,Simone Klein,Limpa Vidros 500ml - Fardo 12,Quimicos,VENDA,5,2.57,269.76,166.2,34.87,8.59,10.46,60.1
2025-01-03,2025-01,50015,Imperial Servicos S/A,Clinica,Regiao Metropolitana,Rogerio Antunes,ALCOOL 70 1L - FARDO 6,Quimicos,VENDA,1,7.21,72.89,41.95,19.87,1.77,5.96,9.3
2025-01-03,2025-01,50019,Uniao Negocios LTDA,Hotel,Interior Norte,Rogerio Antunes,Balde 20L - Pacote 100,Acessorios,VENDA,3,0.0,97.83,57.72,6.22,2.93,6.22,30.96
2025-01-06,2025-01,50027,Estrela Industria EIRELI,Clinica,Interior Norte,Rogerio Antunes,DETERGENTE NEUTRO 5L - PACOTE 100,Quimicos,VENDA,5,3.4,80.25,54.8,4.51,2.41,4.51,18.53
2025-01-06,2025-01,50027,Estrela Industria EIRELI,Clinica,Interior Norte,Rogerio Antunes,Papel Higienico Folha Dupla 30m - Fardo 12,Papel,VENDA,1,2.08,68.62,50.46,3.86,2.06,3.86,12.24
2025-01-06,2025-01,50028,Zenite Participacoes ME,Padaria,Interior Norte,Simone Klein,Mop Umido,Acessorios,VENDA,1,0.77,40.55,24.11,3.34,1.42,3.34,11.68
2025-01-06,2025-01,50028,Zenite Participacoes ME,Padaria,Interior Norte,Simone Klein,DESINFETANTE LAVANDA 5L - PACOTE 100,Quimicos,VENDA,5,3.45,300.55,205.45,24.72,10.52,24.72,59.86
2025-01-07,2025-01,50035,Horizonte Distribuidora S/A,Condominio,Regiao Metropolitana,Rogerio Antunes,Balde 20L - Fardo 12,Acessorios,VENDA,2,0.14,61.38,29.54,16.29,1.5,4.89,14.05
2025-01-08,2025-01,50040,Xavante Servicos EIRELI,Padaria,Litoral,Rogerio Antunes,Luva Plastica Descartavel - Fardo 6,Descartaveis,VENDA,1,8.62,17.66,15.25,2.6,0.48,0.78,-0.67
2025-01-08,2025-01,50040,Xavante Servicos EIRELI,Padaria,Litoral,Rogerio Antunes,Bobina Papel Toalha 200m,Papel,VENDA,2,6.68,101.76,70.42,14.99,2.74,4.49,13.61
2025-01-09,2025-01,50045,Guarani Servicos LTDA ME,Escola,Litoral,Tarcisio Bueno,saco lixo 100l - fardo 12,Descartaveis,VENDA,1,7.49,36.98,29.52,8.49,0.87,2.55,-1.9
2025-01-09,2025-01,50048,Boreal Empreendimentos LTDA,Industria,Regiao Metropolitana,Tarcisio Bueno,Copo Descartavel 200ml - Fardo 12,Descartaveis,VENDA,20,2.38,696.6,628.0,54.76,19.5,54.76,-5.66
2025-01-11,2025-01,50056,Querencia Participacoes EIRELI,Mercado,Regiao Metropolitana,Tarcisio Bueno,papel higienico folha dupla 30m - fardo 12,Papel,VENDA,2,1.56,160.84,102.08,30.4,3.91,9.12,24.45
2025-01-11,2025-01,50056,Querencia Participacoes EIRELI,Mercado,Regiao Metropolitana,Tarcisio Bueno,Talher Descartavel Misto - Fardo 6,Descartaveis,VENDA,3,2.22,139.4,108.87,26.35,3.39,7.91,0.79
2025-01-14,2025-01,50071,Uniao Negocios LTDA,Hotel,Interior Norte,Rogerio Antunes,Vassoura Nylon - Caixa 24,Acessorios,VENDA,10,2.07,430.18,245.1,33.41,12.2,10.03,139.47
2025-01-15,2025-01,50078,Imperial Servicos S/A,Clinica,Regiao Metropolitana,Rogerio Antunes,papel higienico folha dupla 30m - fardo 12,Papel,VENDA,2,0.37,171.07,102.08,42.58,4.24,12.77,22.17
2025-01-15,2025-01,50079,Oriente Participacoes LTDA,Clinica,Regiao Metropolitana,Simone Klein,Esponja Dupla Face - Caixa 24,Acessorios,VENDA,5,2.77,249.05,133.7,41.07,7.71,12.32,66.57
2025-01-17,2025-01,50088,Serrano Servicos LTDA ME,Mercado,Interior Norte,Simone Klein,Prato Descartavel 15cm,Descartaveis,VENDA,2,1.52,62.7,56.02,3.25,2.19,3.25,1.24
2025-01-21,2025-01,50107,UNIAO ALIMENTOS EIRELI,Industria,Litoral,Simone Klein,ALCOOL 70 1L - FARDO 6,Quimicos,VENDA,10,3.43,613.8,419.5,15.43,21.48,15.43,157.39
2025-01-21,2025-01,50107,UNIAO ALIMENTOS EIRELI,Industria,Litoral,Simone Klein,papel higienico folha dupla 30m - fardo 12,Papel,VENDA,20,4.56,1353.2,1020.8,34.01,47.36,34.01,251.03
2025-01-23,2025-01,50115,Serrano Servicos LTDA ME,Mercado,Interior Norte,Simone Klein,Papel Toalha Interfolha 1000f - Pacote 100,Papel,VENDA,5,0.68,398.15,288.65,11.43,13.94,11.43,84.13
2025-01-23,2025-01,50117,Horizonte Industria S/A,Escola,Interior Norte,Rogerio Antunes,Copo Descartavel 50ml,Descartaveis,VENDA,1,9.17,41.26,32.55,10.94,1.01,3.28,-3.24
2025-01-23,2025-01,50117,Horizonte Industria S/A,Escola,Interior Norte,Rogerio Antunes,Prato Descartavel 15cm - Caixa 24,Descartaveis,VENDA,1,8.57,24.7,19.37,6.55,0.6,1.97,-1.82
2025-01-23,2025-01,50121,Imperial Servicos S/A,Clinica,Regiao Metropolitana,Rogerio Antunes,Detergente Neutro 5L,Quimicos,VENDA,3,4.89,143.58,99.63,8.2,4.31,8.2,31.44
2025-01-24,2025-01,50132,Oriente Alimentos ME,Padaria,Interior Norte,Tarcisio Bueno,Luva Plastica Descartavel - Fardo 12,Descartaveis,VENDA,1,3.21,44.07,36.25,6.0,1.12,1.8,0.7
2025-01-25,2025-01,50135,Trevo Comercio ME,Clinica,Regiao Metropolitana,Tarcisio Bueno,Copo Descartavel 50ml - Fardo 6,Descartaveis,VENDA,1,0.13,47.08,26.45,24.38,0.84,7.32,-4.59
2025-01-29,2025-01,50148,Imperial Servicos EIRELI,Condominio,Interior Norte,Rogerio Antunes,Papel Toalha Rolo 100f - Pacote 100,Papel,VENDA,1,0.39,99.56,54.89,33.75,2.28,10.13,8.64
2025-01-29,2025-01,50150,Serrano Servicos LTDA ME,Mercado,Interior Norte,Simone Klein,Papel Toalha Rolo 100f - Fardo 6,Papel,VENDA,2,2.15,221.25,129.96,63.76,6.18,19.13,21.35
2025-01-31,2025-01,50163,Luminar Participacoes LTDA,Condominio,Litoral,Simone Klein,Detergente Neutro 5L - Pacote 100,Quimicos,VENDA,3,1.41,72.78,44.28,9.52,2.31,2.86,16.67
2025-02-06,2025-02,50201,Xavante Servicos EIRELI,Padaria,Litoral,Rogerio Antunes,Cera Liquida Incolor 5L - Fardo 6,Quimicos,VENDA,2,6.86,76.58,43.96,20.77,1.86,6.23,9.99
2025-02-07,2025-02,50209,Nortao Alimentos S/A,Escola,Interior Norte,Simone Klein,Papel Higienico Rolao 300m - Fardo 12,Papel,VENDA,1,0.25,106.58,62.34,28.88,3.02,8.66,12.34
2025-02-11,2025-02,50222,Zenite Participacoes ME,Padaria,Interior Norte,Simone Klein,Alvejante 5L,Quimicos,VENDA,3,3.75,203.67,124.92,30.73,6.38,9.22,41.64
2025-02-11,2025-02,50223,Oriente Negocios ME,Restaurante,Interior Sul,Rogerio Antunes,Guardanapo 24x24 - Caixa 24,Papel,VENDA,5,5.85,353.09,244.5,47.64,9.59,14.3,51.36
2025-02-11,2025-02,50224,Zenite Industria LTDA,Mercado,Litoral,Simone Klein,DESINFETANTE LAVANDA 5L - FARDO 6,Quimicos,VENDA,1,1.85,48.53,27.63,10.63,1.44,3.19,8.83
2025-02-12,2025-02,50226,Imperial Servicos S/A,Clinica,Regiao Metropolitana,Rogerio Antunes,Embalagem Delivery 750ml,Descartaveis,VENDA,1,8.53,38.22,24.02,18.93,0.75,5.68,-5.48
2025-02-13,2025-02,50229,Serrano Servicos LTDA ME,Mercado,Interior Norte,Simone Klein,removedor 1l - pacote 100,Quimicos,VENDA,3,2.16,78.72,53.1,8.86,2.76,8.86,14.0
2025-02-13,2025-02,50231,Querencia Participacoes EIRELI,Mercado,Regiao Metropolitana,Tarcisio Bueno,borrifador 500ml - fardo 6,Acessorios,VENDA,1,0.09,36.51,18.72,6.88,0.89,2.07,10.02
2025-02-14,2025-02,50232,Boreal Participacoes EIRELI,Clinica,Litoral,Rogerio Antunes,Copo Descartavel 200ml - Fardo 12,Descartaveis,VENDA,2,9.83,42.06,35.02,8.83,1.08,2.65,-2.87
2025-02-15,2025-02,50242,Vitoria Comercio LTDA,Industria,Interior Sul,Simone Klein,Bobina Papel Toalha 200m - Fardo 6,Papel,VENDA,2,3.74,77.81,40.52,33.75,1.9,10.12,1.64
2025-02-17,2025-02,50247,BOREAL SERVICOS LTDA ME,Escola,Regiao Metropolitana,Tarcisio Bueno,Limpador Multiuso 5L - Fardo 6,Quimicos,VENDA,5,4.49,188.05,129.95,11.86,5.27,11.86,40.97
2025-02-19,2025-02,50260,Trevo Empreendimentos LTDA,Padaria,Interior Norte,Rogerio Antunes,Copo Descartavel 50ml - Pacote 100,Descartaveis,VENDA,2,6.8,27.26,25.74,3.19,0.82,3.19,-2.49
2025-02-19,2025-02,50262,Querencia Participacoes EIRELI,Mercado,Regiao Metropolitana,Tarcisio Bueno,Oculos Protecao - Fardo 6,EPI,VENDA,2,1.5,30.28,15.42,8.25,0.69,2.47,5.92
2025-02-20,2025-02,50271,Nortao Alimentos S/A,Escola,Interior Norte,Simone Klein,Copo Descartavel 50ml - Fardo 6,Descartaveis,VENDA,20,14.13,516.2,529.0,54.85,18.07,54.85,-85.72
2025-02-21,2025-02,50280,Guarani Servicos LTDA ME,Escola,Litoral,Tarcisio Bueno,removedor 1l,Quimicos,VENDA,5,1.73,288.0,193.4,11.3,8.06,11.3,75.24
2025-02-21,2025-02,50280,Guarani Servicos LTDA ME,Escola,Litoral,Tarcisio Bueno,Saco Lixo 100L - Pacote 100,Descartaveis,VENDA,2,6.33,33.88,31.84,1.33,0.95,1.33,-0.24
2025-02-24,2025-02,50294,Pampa Participacoes ME,Padaria,Interior Norte,Tarcisio Bueno,Prato Descartavel 15cm - Caixa 24,Descartaveis,VENDA,3,1.13,77.45,58.11,17.39,1.83,5.22,0.12
2025-02-25,2025-02,50299,Nortao Industria ME,Padaria,Interior Norte,Simone Klein,LUVA PLASTICA DESCARTAVEL,Descartaveis,VENDA,3,15.74,111.9,96.66,27.64,3.24,8.29,-15.64
2025-02-25,2025-02,50300,Imperial Distribuidora LTDA,Industria,Litoral,Tarcisio Bueno,Papel Higienico Rolao 300m - Fardo 12,Papel,VENDA,5,0.35,431.4,311.7,18.28,12.08,18.28,89.34
2025-02-25,2025-02,50301,Pampa Alimentos ME,Padaria,Regiao Metropolitana,Rogerio Antunes,Bota PVC - Fardo 6,EPI,VENDA,10,0.17,189.1,117.4,6.47,5.67,6.47,59.56
2025-03-04,2025-03,50335,Uniao Servicos LTDA,Industria,Interior Sul,Tarcisio Bueno,Luva Plastica Descartavel - Fardo 12,Descartaveis,VENDA,2,2.97,89.3,72.5,13.37,2.24,4.01,1.19
2025-03-04,2025-03,50339,Boreal Negocios ME,Padaria,Interior Norte,Rogerio Antunes,papel toalha rolo 100f - fardo 6,Papel,VENDA,1,3.46,48.42,30.81,10.16,1.24,3.05,6.21
2025-03-05,2025-03,50343,Trevo Alimentos EIRELI,Condominio,Interior Norte,Simone Klein,Copo Descartavel 50ml - Pacote 100,Descartaveis,VENDA,2,16.79,24.34,25.74,2.13,0.85,2.13,-4.38
2025-03-05,2025-03,50350,BOREAL SERVICOS LTDA ME,Escola,Regiao Metropolitana,Tarcisio Bueno,Guardanapo 24x24,Papel,VENDA,2,3.19,136.4,87.74,26.32,3.3,7.9,19.04
2025-03-05,2025-03,50352,horizonte distribuidora me,Condominio,Regiao Metropolitana,Rogerio Antunes,LUVA PLASTICA DESCARTAVEL,Descartaveis,VENDA,5,1.86,211.72,161.1,45.82,5.39,13.75,-0.59
2025-03-06,2025-03,50354,Zenite Participacoes ME,Padaria,Interior Norte,Simone Klein,Guardanapo 24x24,Papel,VENDA,3,2.87,198.91,131.61,30.53,6.21,9.16,30.56
2025-03-06,2025-03,50362,Querencia Participacoes EIRELI,Mercado,Regiao Metropolitana,Tarcisio Bueno,Embalagem Delivery 750ml,Descartaveis,VENDA,2,0.3,54.44,48.04,8.51,1.52,8.51,-3.63
2025-03-06,2025-03,50362,Querencia Participacoes EIRELI,Mercado,Regiao Metropolitana,Tarcisio Bueno,Marmitex Aluminio 800ml - Pacote 100,Descartaveis,VENDA,20,1.61,620.0,554.6,96.89,17.36,96.89,-48.85
2025-03-06,2025-03,50363,Oriente Participacoes LTDA,Clinica,Regiao Metropolitana,Simone Klein,Copo Descartavel 200ml - Pacote 100,Descartaveis,VENDA,10,12.03,322.8,289.0,48.42,10.11,14.52,-24.73
2025-03-07,2025-03,50369,Horizonte Distribuidora S/A,Condominio,Regiao Metropolitana,Rogerio Antunes,PRATO DESCARTAVEL 15CM - PACOTE 100,Descartaveis,VENDA,5,9.54,192.41,165.2,32.24,5.1,9.68,-10.13
2025-03-08,2025-03,50378,Vitoria Comercio LTDA,Industria,Interior Sul,Simone Klein,MOP UMIDO - CAIXA 24,Acessorios,VENDA,2,3.03,99.45,56.36,9.75,3.24,2.92,30.1
2025-03-11,2025-03,50395,Serrano Servicos LTDA ME,Mercado,Interior Norte,Simone Klein,Limpa Vidros 500ml,Quimicos,VENDA,2,1.88,68.53,36.36,20.68,1.89,6.21,9.6
2025-03-11,2025-03,50398,Oriente Negocios LTDA ME,Industria,Litoral,Rogerio Antunes,Rodo 40cm,Acessorios,VENDA,1,0.64,22.99,13.65,0.83,0.69,0.83,7.82
2025-03-11,2025-03,50398,Oriente Negocios LTDA ME,Industria,Litoral,Rogerio Antunes,Papel Higienico Rolao 300m - Fardo 12,Papel,VENDA,20,1.32,1823.6,1330.6,65.96,54.71,65.96,372.33
2025-03-12,2025-03,50403,Pampa Alimentos ME,Padaria,Regiao Metropolitana,Rogerio Antunes,Limpador Multiuso 5L,Quimicos,VENDA,10,3.37,466.41,293.3,52.87,12.88,15.86,107.36
2025-03-12,2025-03,50406,Guarani Servicos LTDA ME,Escola,Litoral,Tarcisio Bueno,Vassoura Nylon - Pacote 100,Acessorios,VENDA,2,3.72,49.46,30.32,11.36,1.38,11.36,6.4
2025-03-13,2025-03,50413,Estrela Servicos ME,Hotel,Interior Sul,Tarcisio Bueno,Saco Lixo 100L,Descartaveis,VENDA,1,0.46,30.44,26.91,2.29,0.85,2.29,0.39
2025-03-13,2025-03,50413,Estrela Servicos ME,Hotel,Interior Sul,Tarcisio Bueno,Embalagem Delivery 750ml,Descartaveis,VENDA,20,3.45,527.2,480.4,39.7,14.76,39.7,-7.66
2025-03-13,2025-03,50416,Serrano Servicos LTDA ME,Mercado,Interior Norte,Simone Klein,Bobina Papel Toalha 200m,Papel,VENDA,1,0.07,53.24,35.21,6.24,1.71,1.87,10.08
2025-03-13,2025-03,50418,Aurora Alimentos S/A,Escola,Litoral,Simone Klein,Oculos Protecao - Fardo 6,EPI,VENDA,3,2.54,120.16,59.85,37.25,3.29,11.17,19.77
2025-03-13,2025-03,50420,Trevo Empreendimentos LTDA,Padaria,Interior Norte,Rogerio Antunes,Marmitex Aluminio 800ml - Caixa 24,Descartaveis,VENDA,5,8.31,178.95,171.75,17.05,5.37,17.05,-15.22
2025-03-14,2025-03,50431,Oriente Participacoes LTDA,Clinica,Regiao Metropolitana,Simone Klein,Papel Higienico Rolao 300m - Fardo 12,Papel,VENDA,3,2.97,180.39,133.86,13.11,6.31,13.11,27.11
2025-03-15,2025-03,50437,Estrela Servicos LTDA,Escola,Litoral,Tarcisio Bueno,Balde 20L - Pacote 100,Acessorios,VENDA,10,5.9,306.9,192.4,22.54,8.59,22.54,83.37
2025-03-15,2025-03,50441,Nortao Industria ME,Padaria,Interior Norte,Simone Klein,Alcool 70 1L - Caixa 24,Quimicos,VENDA,1,3.17,46.66,27.22,9.61,1.4,2.88,8.43
2025-03-15,2025-03,50441,Nortao Industria ME,Padaria,Interior Norte,Simone Klein,Bobina Papel Toalha 200m,Papel,VENDA,5,4.14,273.91,176.05,56.43,8.2,16.92,33.23
2025-03-17,2025-03,50442,Uniao Servicos LTDA,Industria,Interior Sul,Tarcisio Bueno,Vassoura Nylon - Caixa 24,Acessorios,VENDA,2,3.27,80.36,49.02,13.26,2.25,13.26,15.83
2025-03-17,2025-03,50447,Estrela Servicos LTDA,Escola,Litoral,Tarcisio Bueno,Papel Toalha Rolo 100f - Pacote 100,Papel,VENDA,2,6.85,142.04,109.78,17.33,3.98,17.33,10.95
2025-03-18,2025-03,50456,Pampa Alimentos ME,Padaria,Regiao Metropolitana,Rogerio Antunes,Saco Lixo 30L - Fardo 6,Descartaveis,VENDA,3,11.54,90.67,76.47,19.69,2.31,5.91,-7.8
2025-03-19,2025-03,50464,Uniao Participacoes LTDA,Condominio,Litoral,Rogerio Antunes,papel toalha rolo 100f,Papel,VENDA,3,1.92,182.55,110.91,44.96,4.53,13.49,22.15
2025-03-19,2025-03,50465,Luminar Alimentos S/A,Restaurante,Interior Sul,Rogerio Antunes,BOBINA PAPEL TOALHA 200M - PACOTE 100,Papel,VENDA,2,2.63,59.1,43.7,7.99,1.77,7.99,5.64
2025-03-19,2025-03,50465,Luminar Alimentos S/A,Restaurante,Interior Sul,Rogerio Antunes,Talher Descartavel Misto - Pacote 100,Descartaveis,VENDA,1,10.81,26.67,26.31,3.61,0.8,3.61,-4.05
2025-03-19,2025-03,50466,Boreal Industria LTDA,Hotel,Litoral,Tarcisio Bueno,Alvejante 5L - Fardo 12,Quimicos,VENDA,2,1.02,64.74,43.16,2.79,1.81,2.79,16.98
2025-03-19,2025-03,50466,Boreal Industria LTDA,Hotel,Litoral,Tarcisio Bueno,Bota PVC - Fardo 6,EPI,VENDA,20,0.72,376.0,234.8,16.22,10.53,16.22,114.45
2025-03-20,2025-03,50470,BOREAL SERVICOS LTDA ME,Escola,Regiao Metropolitana,Tarcisio Bueno,LUVA PLASTICA DESCARTAVEL,Descartaveis,VENDA,1,7.33,33.93,32.22,4.8,0.95,4.8,-4.04
2025-03-21,2025-03,50482,Trevo Comercio LTDA,Restaurante,Interior Norte,Simone Klein,Desengordurante 5L - Pacote 100,Quimicos,VENDA,1,6.93,30.51,12.37,18.67,0.61,5.6,-1.14
2025-03-21,2025-03,50489,Nortao Alimentos S/A,Escola,Interior Norte,Simone Klein,ALCOOL 70 1L - FARDO 6,Quimicos,VENDA,1,0.43,73.29,41.95,14.28,2.22,4.28,14.84
2025-03-21,2025-03,50489,Nortao Alimentos S/A,Escola,Interior Norte,Simone Klein,Oculos Protecao - Caixa 24,EPI,VENDA,3,1.82,97.72,53.28,19.05,2.95,5.72,22.44
2025-03-21,2025-03,50490,Xavante Industria EIRELI,Escola,Regiao Metropolitana,Tarcisio Bueno,PRATO DESCARTAVEL 15CM - PACOTE 100,Descartaveis,VENDA,3,16.09,112.78,99.12,26.07,2.65,7.82,-15.06
2025-03-24,2025-03,50501,Serrano Alimentos EIRELI,Padaria,Regiao Metropolitana,Simone Klein,Rodo 40cm - Pacote 100,Acessorios,VENDA,1,3.05,26.95,12.46,9.25,0.72,2.78,4.52
2025-03-25,2025-03,50504,Querencia Participacoes EIRELI,Mercado,Regiao Metropolitana,Tarcisio Bueno,saco lixo 100l - fardo 12,Descartaveis,VENDA,2,1.63,78.1,59.04,17.28,1.85,5.18,-0.07
2025-03-25,2025-03,50508,Jangada Comercio ME,Padaria,Regiao Metropolitana,Simone Klein,Copo Descartavel 200ml,Descartaveis,VENDA,3,2.55,121.74,89.58,32.22,3.47,9.66,-3.53
2025-03-25,2025-03,50510,Zenite Participacoes ME,Padaria,Interior Norte,Simone Klein,Oculos Protecao - Fardo 6,EPI,VENDA,5,2.18,175.75,99.75,26.21,5.51,7.86,44.28
2025-03-26,2025-03,50514,BOREAL SERVICOS LTDA ME,Escola,Regiao Metropolitana,Tarcisio Bueno,Marmitex Aluminio 800ml,Descartaveis,VENDA,1,16.15,8.38,8.79,0.49,0.23,0.49,-1.13
2025-03-26,2025-03,50514,BOREAL SERVICOS LTDA ME,Escola,Regiao Metropolitana,Tarcisio Bueno,Sabao Liquido 5L - Fardo 12,Quimicos,VENDA,1,3.11,15.28,10.41,0.89,0.43,0.89,3.55
2025-03-26,2025-03,50516,Serrano Servicos LTDA ME,Mercado,Interior Norte,Simone Klein,SACO LIXO 60L,Descartaveis,VENDA,1,3.82,7.11,6.5,0.73,0.25,0.73,-0.37
2025-03-26,2025-03,50519,Horizonte Distribuidora S/A,Condominio,Regiao Metropolitana,Rogerio Antunes,Copo Descartavel 50ml - Fardo 6,Descartaveis,VENDA,5,9.11,161.37,132.25,35.38,4.1,10.61,-10.36
2025-03-26,2025-03,50519,Horizonte Distribuidora S/A,Condominio,Regiao Metropolitana,Rogerio Antunes,Avental PVC - Pacote 100,EPI,VENDA,1,0.41,28.54,15.04,6.26,0.72,1.88,6.52
2025-03-27,2025-03,50525,Boreal Negocios ME,Padaria,Interior Norte,Rogerio Antunes,luva plastica descartavel - pacote 100,Descartaveis,VENDA,50,11.34,980.0,973.0,66.39,29.4,66.39,-88.79
2025-03-27,2025-03,50525,Boreal Negocios ME,Padaria,Interior Norte,Rogerio Antunes,LUVA PLASTICA DESCARTAVEL,Descartaveis,VENDA,3,0.04,109.8,96.66,7.44,3.29,7.44,2.41
2025-03-27,2025-03,50526,Horizonte Distribuidora S/A,Condominio,Regiao Metropolitana,Rogerio Antunes,Rodo 40cm - Pacote 100,Acessorios,VENDA,3,0.97,76.75,37.38,19.99,1.88,6.0,17.5
2025-04-04,2025-04,50571,Horizonte Industria S/A,Escola,Interior Norte,Rogerio Antunes,Embalagem Delivery 750ml - Fardo 6,Descartaveis,VENDA,1,1.52,21.59,15.59,5.92,0.52,1.78,-0.44
2025-04-08,2025-04,50592,Horizonte Distribuidora S/A,Condominio,Regiao Metropolitana,Rogerio Antunes,Marmitex Aluminio 800ml,Descartaveis,VENDA,1,3.87,10.8,8.79,1.72,0.29,0.52,0.0
2025-04-10,2025-04,50608,Serrano Servicos LTDA ME,Mercado,Interior Norte,Simone Klein,Alvejante 5L - Fardo 12,Quimicos,VENDA,3,3.53,90.68,51.03,23.0,2.61,6.9,14.04
2025-04-10,2025-04,50608,Serrano Servicos LTDA ME,Mercado,Interior Norte,Simone Klein,Detergente Neutro 5L - Caixa 24,Quimicos,VENDA,1,0.37,58.26,31.74,14.78,1.68,4.43,10.06
2025-04-10,2025-04,50609,Imperial Servicos S/A,Clinica,Regiao Metropolitana,Rogerio Antunes,Cera Liquida Incolor 5L,Quimicos,VENDA,2,3.67,101.24,69.36,18.1,3.04,18.1,10.74
2025-04-11,2025-04,50612,Pampa Alimentos ME,Padaria,Regiao Metropolitana,Rogerio Antunes,Saco Lixo 30L,Descartaveis,VENDA,1,3.92,25.61,17.55,9.22,0.57,2.77,-1.73
2025-04-11,2025-04,50616,Boreal Empreendimentos LTDA,Industria,Regiao Metropolitana,Tarcisio Bueno,Embalagem Delivery 750ml,Descartaveis,VENDA,2,14.8,51.33,48.04,6.88,1.3,2.07,-4.89
2025-04-11,2025-04,50617,Querencia Participacoes EIRELI,Mercado,Regiao Metropolitana,Tarcisio Bueno,Limpa Vidros 500ml - Caixa 24,Quimicos,VENDA,2,7.16,90.24,50.36,27.72,1.98,8.32,10.18
2025-04-14,2025-04,50621,Alvorada Servicos LTDA,Hotel,Interior Norte,Rogerio Antunes,limpador multiuso 5l - pacote 100,Quimicos,VENDA,10,3.89,209.21,117.9,53.59,5.15,16.08,32.57
2025-04-15,2025-04,50624,Horizonte Negocios LTDA ME,Mercado,Litoral,Simone Klein,Balde 20L - Fardo 12,Acessorios,VENDA,3,0.01,81.44,44.31,9.08,2.63,2.73,25.42
2025-04-16,2025-04,50629,Trevo Comercio ME,Clinica,Regiao Metropolitana,Tarcisio Bueno,Papel Toalha Interfolha 1000f,Papel,VENDA,3,3.27,96.33,62.76,17.14,2.36,5.14,14.07
2025-04-16,2025-04,50634,TREVO ALIMENTOS S/A,Mercado,Interior Norte,Rogerio Antunes,ALCOOL 70 1L - FARDO 6,Quimicos,VENDA,20,6.27,1191.4,839.0,39.98,35.74,39.98,276.68
2025-04-16,2025-04,50635,BOREAL SERVICOS LTDA ME,Escola,Regiao Metropolitana,Tarcisio Bueno,Alvejante 5L,Quimicos,VENDA,2,4.37,136.26,83.28,22.29,3.38,6.69,27.31
2025-04-21,2025-04,50657,Uniao Servicos S/A,Condominio,Litoral,Rogerio Antunes,removedor 1l - pacote 100,Quimicos,VENDA,2,5.17,64.57,35.4,19.59,1.53,5.88,8.05
2025-04-21,2025-04,50657,Uniao Servicos S/A,Condominio,Litoral,Rogerio Antunes,Prato Descartavel 15cm - Caixa 24,Descartaveis,VENDA,2,7.38,82.37,61.66,24.99,1.95,7.5,-6.23
2025-04-21,2025-04,50660,Imperial Servicos S/A,Clinica,Regiao Metropolitana,Rogerio Antunes,Saco Lixo 100L - Pacote 100,Descartaveis,VENDA,10,9.12,186.94,159.2,32.21,4.93,9.67,-9.4
2025-04-23,2025-04,50668,BOREAL SERVICOS LTDA ME,Escola,Regiao Metropolitana,Tarcisio Bueno,Rodo 40cm - Fardo 12,Acessorios,VENDA,10,7.4,103.24,43.8,49.34,1.92,14.8,8.18
2025-04-23,2025-04,50670,Nortao Industria ME,Padaria,Interior Norte,Simone Klein,Marmitex Aluminio 800ml - Pacote 100,Descartaveis,VENDA,1,7.31,44.44,27.73,21.76,1.02,6.53,-6.07
2025-04-23,2025-04,50673,Serrano Servicos LTDA ME,Mercado,Interior Norte,Simone Klein,Removedor 1L - Fardo 6,Quimicos,VENDA,2,0.99,32.77,19.86,4.25,1.04,1.28,7.62
2025-04-24,2025-04,50676,Serrano Servicos LTDA ME,Mercado,Interior Norte,Simone Klein,ESCOVA SANITARIA - CAIXA 24,Acessorios,VENDA,1,3.14,50.41,17.61,30.71,1.01,9.21,1.08
2025-04-24,2025-04,50677,Oriente Participacoes LTDA,Clinica,Regiao Metropolitana,Simone Klein,SACO LIXO 60L,Descartaveis,VENDA,2,10.03,16.35,13.0,4.35,0.47,1.3,-1.47
2025-04-29,2025-04,50697,Querencia Participacoes EIRELI,Mercado,Regiao Metropolitana,Tarcisio Bueno,PAPEL HIGIENICO ROLAO 300M,Papel,VENDA,5,7.4,112.15,62.7,45.01,2.26,13.51,2.18
2025-05-03,2025-05,50717,Aurora Industria LTDA ME,Clinica,Interior Sul,Tarcisio Bueno,Papel Toalha Interfolha 1000f,Papel,VENDA,2,3.16,56.28,41.84,4.76,1.58,4.76,8.1
2025-05-06,2025-05,50734,Vitoria Distribuidora LTDA ME,Hotel,Interior Sul,Tarcisio Bueno,Saco Lixo 60L - Fardo 6,Descartaveis,VENDA,1,1.63,9.37,8.39,0.88,0.26,0.88,-0.16
2025-05-06,2025-05,50734,Vitoria Distribuidora LTDA ME,Hotel,Interior Sul,Tarcisio Bueno,Papel Toalha Interfolha 1000f - Pacote 100,Papel,VENDA,2,2.61,156.18,115.46,14.65,4.37,14.65,21.7
2025-05-07,2025-05,50740,Bandeirante Comercio ME,Condominio,Litoral,Rogerio Antunes,Bobina Papel Toalha 200m,Papel,VENDA,2,3.04,117.11,70.42,31.84,2.84,9.55,12.01
2025-05-07,2025-05,50740,Bandeirante Comercio ME,Condominio,Litoral,Rogerio Antunes,Luva Latex - Fardo 12,EPI,VENDA,2,1.73,23.96,12.24,6.51,0.58,1.95,4.63
2025-05-08,2025-05,50746,BOREAL SERVICOS LTDA ME,Escola,Regiao Metropolitana,Tarcisio Bueno,Bota PVC,EPI,VENDA,2,0.02,53.78,27.24,14.06,1.23,4.22,11.25
2025-05-08,2025-05,50750,Oriente Negocios ME,Restaurante,Interior Sul,Rogerio Antunes,Papel Toalha Rolo 100f - Caixa 24,Papel,VENDA,1,0.96,54.45,35.23,8.56,1.45,2.57,9.21
2025-05-09,2025-05,50752,Nortao Alimentos S/A,Escola,Interior Norte,Simone Klein,Papel Higienico Folha Dupla 30m - Fardo 12,Papel,VENDA,1,3.23,27.83,18.48,4.28,0.87,1.29,4.2
2025-05-12,2025-05,50766,Serrano Servicos LTDA ME,Mercado,Interior Norte,Simone Klein,Saco Lixo 100L - Fardo 6,Descartaveis,VENDA,3,9.09,76.53,74.07,7.57,2.68,7.57,-7.79
2025-05-12,2025-05,50772,Querencia Alimentos LTDA,Mercado,Interior Norte,Simone Klein,ESCOVA SANITARIA - CAIXA 24,Acessorios,VENDA,2,1.43,58.84,35.22,4.89,2.06,4.89,16.67
2025-05-13,2025-05,50775,Querencia Distribuidora LTDA ME,Padaria,Interior Norte,Rogerio Antunes,removedor 1l,Quimicos,VENDA,20,6.11,1100.6,773.6,47.29,33.02,47.29,246.69
2025-05-14,2025-05,50785,Luminar Alimentos S/A,Restaurante,Interior Sul,Rogerio Antunes,Luva Plastica Descartavel - Fardo 6,Descartaveis,VENDA,2,16.45,44.6,30.5,22.35,0.87,6.71,-9.12
2025-05-17,2025-05,50795,Central Negocios ME,Mercado,Interior Sul,Tarcisio Bueno,Alcool 70 1L - Caixa 24,Quimicos,VENDA,1,2.49,63.08,37.9,10.13,1.57,3.04,13.48
2025-05-17,2025-05,50796,BOREAL SERVICOS LTDA ME,Escola,Regiao Metropolitana,Tarcisio Bueno,BORRIFADOR 500ML - FARDO 12,Acessorios,VENDA,2,2.11,58.1,35.02,3.82,1.63,3.82,17.63
2025-05-22,2025-05,50811,Querencia Participacoes EIRELI,Mercado,Regiao Metropolitana,Tarcisio Bueno,Marmitex Aluminio 800ml - Caixa 24,Descartaveis,VENDA,5,0.26,59.4,52.4,8.39,1.66,8.39,-3.05
2025-05-23,2025-05,50816,Vitoria Distribuidora LTDA ME,Hotel,Interior Sul,Tarcisio Bueno,Desengordurante 5L - Pacote 100,Quimicos,VENDA,3,3.47,58.2,37.11,5.62,1.52,1.69,13.95
2025-05-26,2025-05,50827,BOREAL SERVICOS LTDA ME,Escola,Regiao Metropolitana,Tarcisio Bueno,Esponja Dupla Face - Fardo 6,Acessorios,VENDA,50,5.9,1572.0,985.5,65.62,44.02,65.62,476.86
2025-05-26,2025-05,50830,Rio Claro Servicos S/A,Industria,Interior Norte,Rogerio Antunes,Bota PVC - Fardo 12,EPI,VENDA,5,2.15,166.2,90.7,32.93,4.29,9.88,38.28
2025-05-26,2025-05,50831,Pampa Alimentos ME,Padaria,Regiao Metropolitana,Rogerio Antunes,PRATO DESCARTAVEL 15CM - PACOTE 100,Descartaveis,VENDA,3,14.5,96.33,99.12,23.3,2.89,23.3,-28.98
2025-05-26,2025-05,50832,Aurora Industria LTDA ME,Clinica,Interior Sul,Tarcisio Bueno,PAPEL HIGIENICO ROLAO 300M,Papel,VENDA,3,1.22,65.68,37.62,20.07,1.45,6.02,6.54
2025-05-28,2025-05,50846,Xavante Servicos EIRELI,Padaria,Litoral,Rogerio Antunes,Alvejante 5L - Caixa 24,Quimicos,VENDA,1,1.69,62.89,37.8,9.41,1.69,2.82,13.99
2025-05-28,2025-05,50851,Oriente Negocios LTDA ME,Industria,Litoral,Rogerio Antunes,removedor 1l,Quimicos,VENDA,5,2.79,306.35,193.4,30.71,8.55,9.21,73.69
2025-05-28,2025-05,50853,Rio Claro Servicos S/A,Industria,Interior Norte,Rogerio Antunes,Alvejante 5L - Fardo 12,Quimicos,VENDA,3,2.2,104.48,64.74,12.21,2.88,3.67,24.65
2025-05-29,2025-05,50858,Vitoria Empreendimentos EIRELI,Restaurante,Litoral,Tarcisio Bueno,Papel Higienico Folha Dupla 30m,Papel,VENDA,2,2.2,49.1,36.14,1.41,1.37,1.41,10.18
2025-05-29,2025-05,50858,Vitoria Empreendimentos EIRELI,Restaurante,Litoral,Tarcisio Bueno,Guardanapo 24x24 - Fardo 12,Papel,VENDA,3,1.42,204.06,149.04,5.86,5.71,5.86,43.45
2025-06-03,2025-06,50872,Estrela Servicos ME,Hotel,Interior Sul,Tarcisio Bueno,Guardanapo 24x24 - Caixa 24,Papel,VENDA,1,0.84,73.96,45.97,15.21,1.77,4.56,11.01
2025-06-03,2025-06,50874,Nortao Industria ME,Padaria,Interior Norte,Simone Klein,Copo Descartavel 200ml,Descartaveis,VENDA,1,1.35,36.45,29.86,4.25,1.17,1.27,1.17
2025-06-03,2025-06,50880,Uniao Servicos LTDA,Industria,Interior Sul,Tarcisio Bueno,Marmitex Aluminio 800ml,Descartaveis,VENDA,5,9.42,45.25,43.95,3.91,1.27,3.91,-3.88
2025-06-04,2025-06,50885,Luminar Alimentos S/A,Restaurante,Interior Sul,Rogerio Antunes,Rodo 40cm - Caixa 24,Acessorios,VENDA,1,2.72,13.5,7.16,2.42,0.35,0.73,3.57
2025-06-06,2025-06,50902,Pampa Alimentos ME,Padaria,Regiao Metropolitana,Rogerio Antunes,Cera Liquida Incolor 5L - Fardo 6,Quimicos,VENDA,2,6.65,77.42,47.46,14.72,2.01,4.42,13.23
2025-06-07,2025-06,50907,Jangada Comercio ME,Padaria,Regiao Metropolitana,Simone Klein,Alcool 70 1L - Caixa 24,Quimicos,VENDA,2,3.43,87.89,54.44,11.76,2.79,3.53,18.9
2025-06-09,2025-06,50908,Estrela Servicos LTDA,Escola,Litoral,Tarcisio Bueno,DESINFETANTE LAVANDA 5L - FARDO 6,Quimicos,VENDA,2,4.26,80.16,55.26,2.31,2.24,2.31,20.35
2025-06-11,2025-06,50918,Querencia Distribuidora LTDA ME,Padaria,Interior Norte,Rogerio Antunes,Copo Descartavel 50ml,Descartaveis,VENDA,1,4.76,35.23,32.55,2.4,1.06,2.4,-0.78
2025-06-11,2025-06,50921,Horizonte Negocios LTDA ME,Mercado,Litoral,Simone Klein,Copo Descartavel 200ml - Fardo 12,Descartaveis,VENDA,1,6.11,33.5,31.4,3.27,1.17,3.27,-2.34
2025-06-12,2025-06,50923,Xavante Distribuidora LTDA ME,Clinica,Interior Sul,Rogerio Antunes,Vassoura Nylon,Acessorios,VENDA,1,0.29,40.92,10.09,34.1,0.51,10.23,-3.78
2025-06-16,2025-06,50939,BOREAL SERVICOS LTDA ME,Escola,Regiao Metropolitana,Tarcisio Bueno,Talher Descartavel Misto - Caixa 24,Descartaveis,VENDA,5,11.27,176.16,156.65,26.02,4.42,7.81,-10.93
2025-06-16,2025-06,50939,BOREAL SERVICOS LTDA ME,Escola,Regiao Metropolitana,Tarcisio Bueno,Papel Higienico Folha Dupla 30m - Fardo 12,Papel,VENDA,1,3.68,27.58,18.48,4.07,0.69,1.22,4.34
2025-06-16,2025-06,50941,BOREAL SERVICOS LTDA ME,Escola,Regiao Metropolitana,Tarcisio Bueno,Rodo 40cm - Caixa 24,Acessorios,VENDA,3,0.17,40.71,21.48,6.22,1.02,1.87,11.99
2025-06-17,2025-06,50944,TREVO ALIMENTOS S/A,Mercado,Interior Norte,Rogerio Antunes,Talher Descartavel Misto - Fardo 6,Descartaveis,VENDA,20,8.87,751.6,725.8,50.37,22.55,50.37,-47.12
2025-06-18,2025-06,50954,Rio Claro Servicos EIRELI,Mercado,Interior Norte,Tarcisio Bueno,SACO LIXO 60L - PACOTE 100,Descartaveis,VENDA,1,0.54,19.92,13.33,6.92,0.42,2.07,-0.75
2025-06-18,2025-06,50960,Boreal Comercio EIRELI,Mercado,Interior Sul,Simone Klein,Papel Toalha Rolo 100f - Caixa 24,Papel,VENDA,5,3.92,269.55,176.15,49.28,8.23,14.78,35.89
2025-06-19,2025-06,50962,Querencia Participacoes EIRELI,Mercado,Regiao Metropolitana,Tarcisio Bueno,Escova Sanitaria - Caixa 24,Acessorios,VENDA,2,5.19,18.1,9.64,3.72,0.43,1.12,4.31
2025-06-20,2025-06,50975,Boreal Negocios ME,Padaria,Interior Norte,Rogerio Antunes,Bobina Papel Toalha 200m,Papel,VENDA,1,2.76,63.05,35.21,22.14,1.43,6.64,4.27
2025-06-25,2025-06,50991,Rio Claro Servicos EIRELI,Mercado,Interior Norte,Tarcisio Bueno,Saco Lixo 30L - Fardo 6,Descartaveis,VENDA,10,0.34,323.4,254.9,49.58,8.08,14.88,10.84
2025-06-25,2025-06,50992,Aurora Industria LTDA ME,Clinica,Interior Sul,Tarcisio Bueno,Sabao Liquido 5L - Fardo 12,Quimicos,VENDA,20,3.84,303.2,208.2,35.95,8.49,35.95,50.56
2025-06-27,2025-06,50997,Querencia Alimentos LTDA,Mercado,Interior Norte,Simone Klein,Saco Lixo 100L - Fardo 6,Descartaveis,VENDA,3,1.95,100.78,74.07,26.07,2.89,7.82,-2.25
2025-06-30,2025-06,51006,Serrano Servicos LTDA ME,Mercado,Interior Norte,Simone Klein,Prato Descartavel 15cm - Caixa 24,Descartaveis,VENDA,1,2.59,44.95,30.83,15.47,1.19,4.64,-2.54
2025-06-30,2025-06,51007,Boreal Negocios ME,Padaria,Interior Norte,Rogerio Antunes,Alvejante 5L - Caixa 24,Quimicos,VENDA,20,5.79,1079.0,756.0,31.59,32.37,31.59,259.04
2025-06-30,2025-06,51009,Nortao Alimentos S/A,Escola,Interior Norte,Simone Klein,Saco Lixo 30L - Fardo 6,Descartaveis,VENDA,10,3.44,303.91,254.9,34.58,9.79,10.37,4.64
2025-07-01,2025-07,51018,Serrano Servicos LTDA ME,Mercado,Interior Norte,Simone Klein,Papel Higienico Folha Dupla 30m - Fardo 12,Papel,VENDA,3,3.54,202.8,151.38,15.16,7.1,15.16,29.16
2025-07-02,2025-07,51022,Serrano Servicos LTDA ME,Mercado,Interior Norte,Simone Klein,removedor 1l - pacote 100,Quimicos,VENDA,3,3.32,91.86,53.1,20.1,2.72,6.03,15.94
2025-07-02,2025-07,51022,Serrano Servicos LTDA ME,Mercado,Interior Norte,Simone Klein,COPO DESCARTAVEL 200ML - FARDO 6,Descartaveis,VENDA,2,0.48,63.08,47.24,13.8,1.87,4.14,0.17
2025-07-03,2025-07,51028,BOREAL SERVICOS LTDA ME,Escola,Regiao Metropolitana,Tarcisio Bueno,SACO LIXO 60L - PACOTE 100,Descartaveis,VENDA,1,1.7,17.52,13.33,3.75,0.42,1.12,0.02
2025-07-08,2025-07,51049,Estrela Servicos LTDA,Escola,Litoral,Tarcisio Bueno,SACO LIXO 60L,Descartaveis,VENDA,2,13.92,18.62,13.0,8.43,0.36,2.53,-3.17
2025-07-09,2025-07,51051,Estrela Negocios S/A,Padaria,Litoral,Tarcisio Bueno,Alcool 70 1L,Quimicos,VENDA,5,0.83,300.6,200.05,16.07,8.42,16.07,76.06
2025-07-11,2025-07,51056,Horizonte Industria S/A,Escola,Interior Norte,Rogerio Antunes,papel higienico rolao 300m - fardo 6,Papel,VENDA,3,3.16,247.59,184.08,27.85,7.43,27.85,28.23
2025-07-14,2025-07,51062,Uniao Comercio EIRELI,Escola,Interior Sul,Rogerio Antunes,Balde 20L - Fardo 12,Acessorios,VENDA,10,2.92,243.0,147.7,21.44,7.29,21.44,66.57
2025-07-15,2025-07,51073,BOREAL SERVICOS LTDA ME,Escola,Regiao Metropolitana,Tarcisio Bueno,Desengordurante 5L,Quimicos,VENDA,2,6.99,109.74,67.86,20.15,2.68,6.05,19.05
2025-07-18,2025-07,51093,Aurora Alimentos S/A,Escola,Litoral,Simone Klein,papel toalha rolo 100f,Papel,VENDA,3,6.02,144.78,110.91,9.57,5.07,9.57,19.23
2025-07-23,2025-07,51124,Aurora Industria LTDA ME,Clinica,Interior Sul,Tarcisio Bueno,Rodo 40cm - Caixa 24,Acessorios,VENDA,3,2.82,38.58,21.48,4.55,0.99,1.37,11.56
2025-07-24,2025-07,51128,Serrano Alimentos EIRELI,Padaria,Regiao Metropolitana,Simone Klein,Alvejante 5L - Fardo 12,Quimicos,VENDA,20,4.81,622.6,431.6,44.11,21.79,44.11,125.1
2025-07-25,2025-07,51131,Estrela Servicos LTDA,Escola,Litoral,Tarcisio Bueno,Copo Descartavel 200ml - Fardo 12,Descartaveis,VENDA,3,12.15,115.93,94.2,31.3,2.63,9.39,-12.2
2025-07-25,2025-07,51139,Querencia Participacoes EIRELI,Mercado,Regiao Metropolitana,Tarcisio Bueno,Luva Plastica Descartavel - Pacote 100,Descartaveis,VENDA,3,6.9,53.76,50.82,5.7,1.51,5.7,-4.27
2025-07-25,2025-07,51139,Querencia Participacoes EIRELI,Mercado,Regiao Metropolitana,Tarcisio Bueno,Papel Toalha Interfolha 1000f - Caixa 24,Papel,VENDA,2,2.83,135.08,100.1,14.31,3.78,14.31,16.89
2025-07-28,2025-07,51144,Trevo Comercio LTDA,Restaurante,Interior Norte,Simone Klein,Papel Higienico Folha Dupla 30m,Papel,VENDA,1,6.57,25.3,18.07,2.64,0.82,0.79,3.77
2025-07-28,2025-07,51146,Estrela Servicos ME,Hotel,Interior Sul,Tarcisio Bueno,Papel Higienico Folha Dupla 30m - Fardo 12,Papel,VENDA,1,8.37,64.21,50.46,4.7,1.8,4.7,7.25
2025-07-28,2025-07,51148,Querencia Participacoes EIRELI,Mercado,Regiao Metropolitana,Tarcisio Bueno,OCULOS PROTECAO - FARDO 6,EPI,VENDA,1,3.82,8.72,4.46,2.57,0.19,0.77,1.5
2025-07-28,2025-07,51148,Querencia Participacoes EIRELI,Mercado,Regiao Metropolitana,Tarcisio Bueno,Vassoura Nylon - Caixa 24,Acessorios,VENDA,2,3.24,105.8,51.2,31.2,2.35,9.36,21.05
2025-07-29,2025-07,51150,BOREAL SERVICOS LTDA ME,Escola,Regiao Metropolitana,Tarcisio Bueno,Luva Plastica Descartavel - Fardo 6,Descartaveis,VENDA,1,7.39,20.1,15.25,5.79,0.45,1.74,-1.39
2025-08-01,2025-08,51169,Oriente Negocios ME,Restaurante,Interior Sul,Rogerio Antunes,Talher Descartavel Misto - Pacote 100,Descartaveis,VENDA,3,14.78,104.67,78.93,40.33,2.29,12.1,-16.88
2025-08-02,2025-08,51174,Querencia Negocios LTDA,Industria,Interior Norte,Simone Klein,Bota PVC - Fardo 12,EPI,VENDA,2,0.91,83.22,36.28,36.06,2.03,10.82,8.85
2025-08-04,2025-08,51181,BOREAL SERVICOS LTDA ME,Escola,Regiao Metropolitana,Tarcisio Bueno,Bota PVC,EPI,VENDA,5,1.35,108.35,68.1,10.45,3.03,10.45,26.77
2025-08-04,2025-08,51181,BOREAL SERVICOS LTDA ME,Escola,Regiao Metropolitana,Tarcisio Bueno,BOTA PVC - FARDO 6,EPI,VENDA,1,1.13,7.03,4.41,0.68,0.2,0.68,1.74
2025-08-06,2025-08,51186,UNIAO ALIMENTOS LTDA ME,Restaurante,Litoral,Simone Klein,SACO LIXO 60L - PACOTE 100,Descartaveis,VENDA,2,1.64,33.41,26.66,5.16,1.04,1.55,0.55
2025-08-06,2025-08,51189,Nortao Industria ME,Padaria,Interior Norte,Simone Klein,Prato Descartavel 15cm - Caixa 24,Descartaveis,VENDA,10,11.85,194.0,193.7,16.07,6.79,16.07,-22.56
2025-08-06,2025-08,51191,Luminar Alimentos S/A,Restaurante,Interior Sul,Rogerio Antunes,AVENTAL PVC - CAIXA 24,EPI,VENDA,1,2.83,19.84,12.66,0.5,0.6,0.5,6.08
2025-08-07,2025-08,51195,Xavante Servicos EIRELI,Padaria,Litoral,Rogerio Antunes,Copo Descartavel 50ml - Pacote 100,Descartaveis,VENDA,3,16.27,68.49,72.0,3.89,2.05,3.89,-9.45
2025-08-07,2025-08,51195,Xavante Servicos EIRELI,Padaria,Litoral,Rogerio Antunes,Bobina Papel Toalha 200m - Caixa 24,Papel,VENDA,1,3.95,65.87,49.38,3.74,1.98,3.74,10.77
2025-08-11,2025-08,51205,Imperial Servicos S/A,Clinica,Regiao Metropolitana,Rogerio Antunes,Luva Latex - Fardo 12,EPI,VENDA,2,3.89,21.83,12.24,4.07,0.57,1.22,4.95
2025-08-11,2025-08,51206,Zenite Participacoes ME,Padaria,Interior Norte,Simone Klein,Rodo 40cm - Fardo 12,Acessorios,VENDA,10,0.62,93.33,43.8,28.05,2.58,8.42,18.9
2025-08-14,2025-08,51216,Boreal Negocios ME,Padaria,Interior Norte,Rogerio Antunes,Balde 20L - Caixa 24,Acessorios,VENDA,5,0.09,75.86,40.8,9.66,2.07,2.9,23.33
2025-08-14,2025-08,51219,Pampa Alimentos ME,Padaria,Regiao Metropolitana,Rogerio Antunes,REMOVEDOR 1L - CAIXA 24,Quimicos,VENDA,5,3.43,73.7,50.35,2.76,2.21,2.76,18.38
2025-08-18,2025-08,51234,Pampa Alimentos ME,Padaria,Regiao Metropolitana,Rogerio Antunes,Pano Multiuso - Fardo 6,Acessorios,VENDA,3,3.54,27.13,12.6,9.32,0.62,2.8,4.59
2025-08-18,2025-08,51234,Pampa Alimentos ME,Padaria,Regiao Metropolitana,Rogerio Antunes,Removedor 1L - Fardo 6,Quimicos,VENDA,2,1.25,39.12,19.86,13.44,0.89,4.04,4.93
2025-08-19,2025-08,51244,Central Alimentos LTDA ME,Clinica,Litoral,Tarcisio Bueno,Vassoura Nylon - Fardo 12,Acessorios,VENDA,3,2.23,127.98,77.22,12.36,3.58,12.36,34.82
2025-08-19,2025-08,51246,Serrano Servicos LTDA ME,Mercado,Interior Norte,Simone Klein,Papel Toalha Interfolha 1000f - Caixa 24,Papel,VENDA,2,1.37,94.0,68.62,9.37,3.29,9.37,12.72
2025-08-19,2025-08,51247,Horizonte Negocios EIRELI,Escola,Litoral,Simone Klein,Copo Descartavel 200ml,Descartaveis,VENDA,3,4.1,113.57,89.58,22.79,3.42,6.84,-2.22
2025-08-20,2025-08,51248,Aurora Industria LTDA ME,Clinica,Interior Sul,Tarcisio Bueno,removedor 1l,Quimicos,VENDA,2,0.09,140.44,77.36,33.32,3.28,10.0,26.48
2025-08-21,2025-08,51256,Boreal Comercio EIRELI,Mercado,Interior Sul,Simone Klein,Bota PVC - Fardo 12,EPI,VENDA,3,0.75,101.55,54.42,20.61,3.05,6.18,23.47
2025-08-23,2025-08,51269,Aurora Distribuidora LTDA,Escola,Regiao Metropolitana,Rogerio Antunes,PRATO DESCARTAVEL 15CM - PACOTE 100,Descartaveis,VENDA,2,12.83,87.8,66.08,31.92,1.96,9.58,-12.16
2025-08-25,2025-08,51278,Imperial Distribuidora LTDA,Industria,Litoral,Tarcisio Bueno,AVENTAL PVC - CAIXA 24,EPI,VENDA,2,0.64,40.58,25.32,2.84,1.14,2.84,11.28
2025-08-26,2025-08,51284,Vitoria Empreendimentos EIRELI,Restaurante,Litoral,Tarcisio Bueno,papel higienico rolao 300m - fardo 6,Papel,VENDA,3,4.64,271.91,184.08,40.15,6.83,12.05,40.85
2025-08-29,2025-08,51301,Xavante Servicos EIRELI,Padaria,Litoral,Rogerio Antunes,Rodo 40cm - Fardo 12,Acessorios,VENDA,1,1.59,7.3,4.38,0.94,0.22,0.94,1.76
2025-08-29,2025-08,51301,Xavante Servicos EIRELI,Padaria,Litoral,Rogerio Antunes,Embalagem Delivery 750ml - Pacote 100,Descartaveis,VENDA,1,6.16,11.72,10.99,1.51,0.35,1.51,-1.13
2025-09-01,2025-09,51310,Oriente Alimentos ME,Padaria,Interior Norte,Tarcisio Bueno,Prato Descartavel 15cm,Descartaveis,VENDA,20,13.66,581.89,560.2,46.13,15.39,13.84,-39.83
2025-09-01,2025-09,51311,Vitoria Distribuidora LTDA ME,Hotel,Interior Sul,Tarcisio Bueno,Sabao Liquido 5L,Quimicos,VENDA,2,3.97,98.0,67.36,17.6,2.74,17.6,10.3
2025-09-01,2025-09,51311,Vitoria Distribuidora LTDA ME,Hotel,Interior Sul,Tarcisio Bueno,Cera Liquida Incolor 5L - Fardo 6,Quimicos,VENDA,3,3.2,160.23,109.26,28.77,4.49,28.77,17.71
2025-09-02,2025-09,51318,Nortao Alimentos S/A,Escola,Interior Norte,Simone Klein,PRATO DESCARTAVEL 15CM - PACOTE 100,Descartaveis,VENDA,10,12.36,329.1,330.4,53.9,11.52,53.9,-66.72
2025-09-02,2025-09,51318,Nortao Alimentos S/A,Escola,Interior Norte,Simone Klein,Guardanapo 24x24,Papel,VENDA,1,0.43,60.67,43.87,9.94,2.12,9.94,4.74
2025-09-03,2025-09,51327,Boreal Industria LTDA,Hotel,Litoral,Tarcisio Bueno,papel higienico rolao 300m - fardo 6,Papel,VENDA,2,2.81,198.87,122.72,47.44,4.64,14.23,24.07
2025-09-03,2025-09,51333,BOREAL SERVICOS LTDA ME,Escola,Regiao Metropolitana,Tarcisio Bueno,Copo Descartavel 200ml - Fardo 12,Descartaveis,VENDA,1,14.34,43.39,31.4,18.33,0.86,5.5,-7.2
2025-09-03,2025-09,51334,Imperial Servicos S/A,Clinica,Regiao Metropolitana,Rogerio Antunes,Papel Toalha Interfolha 1000f - Caixa 24,Papel,VENDA,1,4.63,45.44,34.31,2.15,1.36,2.15,7.62
2025-09-04,2025-09,51341,Serrano Servicos LTDA ME,Mercado,Interior Norte,Simone Klein,Copo Descartavel 50ml - Pacote 100,Descartaveis,VENDA,2,9.15,53.66,48.0,5.88,1.73,1.76,-1.95
2025-09-05,2025-09,51346,Vitoria Empreendimentos EIRELI,Restaurante,Litoral,Tarcisio Bueno,Copo Descartavel 200ml,Descartaveis,VENDA,2,7.8,70.69,59.72,11.61,1.75,3.48,-2.39
2025-09-05,2025-09,51349,Oriente Alimentos ME,Padaria,Interior Norte,Tarcisio Bueno,Marmitex Aluminio 800ml - Pacote 100,Descartaveis,VENDA,3,10.89,98.06,83.19,19.74,2.36,5.92,-7.23
2025-09-08,2025-09,51356,Aurora Industria LTDA,Clinica,Regiao Metropolitana,Tarcisio Bueno,DESINFETANTE LAVANDA 5L - FARDO 6,Quimicos,VENDA,3,1.11,124.2,82.89,9.85,3.48,9.85,27.98
2025-09-08,2025-09,51356,Aurora Industria LTDA,Clinica,Regiao Metropolitana,Tarcisio Bueno,Copo Descartavel 50ml,Descartaveis,VENDA,2,10.91,65.9,65.1,5.23,1.85,5.23,-6.28
2025-09-09,2025-09,51361,Estrela Servicos LTDA,Escola,Litoral,Tarcisio Bueno,Prato Descartavel 15cm,Descartaveis,VENDA,2,8.63,75.56,56.02,24.86,1.63,7.46,-6.95
2025-09-09,2025-09,51364,Rio Claro Servicos EIRELI,Mercado,Interior Norte,Tarcisio Bueno,SACO LIXO 60L - CAIXA 24,Descartaveis,VENDA,2,2.64,24.99,20.02,4.04,0.62,1.21,0.31
2025-09-09,2025-09,51366,Guarani Servicos S/A,Restaurante,Regiao Metropolitana,Simone Klein,Cera Liquida Incolor 5L - Fardo 6,Quimicos,VENDA,1,5.85,50.24,35.22,1.29,1.76,1.29,11.97
2025-09-11,2025-09,51373,Serrano Servicos LTDA ME,Mercado,Interior Norte,Simone Klein,Detergente Neutro 5L - Caixa 24,Quimicos,VENDA,10,2.17,470.5,317.4,24.22,16.47,24.22,112.41
2025-09-12,2025-09,51383,Querencia Participacoes EIRELI,Mercado,Regiao Metropolitana,Tarcisio Bueno,Copo Descartavel 50ml - Pacote 100,Descartaveis,VENDA,1,12.45,12.8,12.87,0.48,0.36,0.48,-0.91
2025-09-16,2025-09,51393,Querencia Participacoes EIRELI,Mercado,Regiao Metropolitana,Tarcisio Bueno,Guardanapo 24x24 - Caixa 24,Papel,VENDA,20,2.15,1329.2,978.0,44.09,37.22,44.09,269.89
2025-09-16,2025-09,51395,Uniao Negocios LTDA,Hotel,Interior Norte,Rogerio Antunes,Borrifador 500ml - Fardo 12,Acessorios,VENDA,50,3.5,998.5,610.5,41.84,29.96,41.84,316.21
2025-09-16,2025-09,51402,Trevo Empreendimentos LTDA,Padaria,Interior Norte,Rogerio Antunes,DESINFETANTE LAVANDA 5L - FARDO 6,Quimicos,VENDA,1,6.42,45.93,27.63,9.66,1.18,2.9,7.46
2025-09-17,2025-09,51410,Pampa Alimentos ME,Padaria,Regiao Metropolitana,Rogerio Antunes,Papel Higienico Rolao 300m - Fardo 12,Papel,VENDA,1,3.22,114.04,66.53,35.17,2.68,10.55,9.66
2025-09-19,2025-09,51421,Alvorada Servicos LTDA,Hotel,Interior Norte,Rogerio Antunes,Embalagem Delivery 750ml - Pacote 100,Descartaveis,VENDA,10,13.33,130.88,109.9,32.27,3.25,9.69,-14.54
2025-09-20,2025-09,51423,Serrano Servicos LTDA ME,Mercado,Interior Norte,Simone Klein,Embalagem Delivery 750ml - Pacote 100,Descartaveis,VENDA,2,7.88,32.32,21.98,13.28,0.81,3.98,-3.75
2025-09-22,2025-09,51427,Querencia Participacoes EIRELI,Mercado,Regiao Metropolitana,Tarcisio Bueno,Copo Descartavel 50ml - Fardo 6,Descartaveis,VENDA,3,0.25,89.94,79.35,7.7,2.52,7.7,0.37
2025-09-24,2025-09,51435,Aurora Distribuidora LTDA,Escola,Regiao Metropolitana,Rogerio Antunes,Limpa Vidros 500ml,Quimicos,VENDA,3,2.19,97.34,54.54,23.56,2.43,7.07,16.81
2025-09-25,2025-09,51438,TREVO ALIMENTOS S/A,Mercado,Interior Norte,Rogerio Antunes,Marmitex Aluminio 800ml,Descartaveis,VENDA,5,0.54,58.83,43.95,13.04,1.49,3.91,0.35
2025-09-25,2025-09,51438,TREVO ALIMENTOS S/A,Mercado,Interior Norte,Rogerio Antunes,Embalagem Delivery 750ml - Fardo 6,Descartaveis,VENDA,10,9.73,189.39,155.9,41.99,4.8,12.6,-13.3
2025-09-25,2025-09,51442,Vitoria Comercio LTDA,Industria,Interior Sul,Simone Klein,DESINFETANTE LAVANDA 5L - FARDO 6,Quimicos,VENDA,3,3.11,135.0,82.89,19.03,4.26,5.71,28.82
2025-09-26,2025-09,51448,Trevo Comercio LTDA,Restaurante,Interior Norte,Simone Klein,PAPEL HIGIENICO ROLAO 300M,Papel,VENDA,1,2.04,17.06,12.54,0.69,0.6,0.69,3.23
2025-09-30,2025-09,51465,Vitoria Comercio LTDA,Industria,Interior Sul,Simone Klein,DESINFETANTE LAVANDA 5L - FARDO 6,Quimicos,VENDA,2,3.37,91.41,55.26,15.02,2.83,4.51,18.3
2025-09-30,2025-09,51465,Vitoria Comercio LTDA,Industria,Interior Sul,Simone Klein,Alcool 70 1L - Caixa 24,Quimicos,VENDA,3,0.3,139.39,81.66,22.9,4.32,6.87,30.51
2025-10-01,2025-10,51466,Serrano Servicos LTDA ME,Mercado,Interior Norte,Simone Klein,Desengordurante 5L,Quimicos,VENDA,5,4.16,246.35,169.65,21.83,8.62,21.83,46.25
2025-10-01,2025-10,51466,Serrano Servicos LTDA ME,Mercado,Interior Norte,Simone Klein,SACO LIXO 60L - PACOTE 100,Descartaveis,VENDA,20,11.0,269.6,266.6,23.88,9.44,23.88,-30.32
2025-10-02,2025-10,51473,Xavante Distribuidora LTDA ME,Clinica,Interior Sul,Rogerio Antunes,luva plastica descartavel - pacote 100,Descartaveis,VENDA,2,7.93,47.84,38.92,10.17,1.22,3.05,-2.47
2025-10-02,2025-10,51478,Boreal Negocios ME,Padaria,Interior Norte,Rogerio Antunes,Prato Descartavel 15cm - Caixa 24,Descartaveis,VENDA,2,8.21,40.4,38.74,3.76,1.21,3.76,-3.31
2025-10-03,2025-10,51482,Xavante Servicos EIRELI,Padaria,Litoral,Rogerio Antunes,Desinfetante Lavanda 5L,Quimicos,VENDA,2,4.89,58.24,40.42,4.74,1.75,4.74,11.33
2025-10-06,2025-10,51496,Trevo Alimentos EIRELI,Condominio,Interior Norte,Simone Klein,Balde 20L - Caixa 24,Acessorios,VENDA,3,6.26,43.79,24.48,7.01,1.36,2.1,10.94
2025-10-09,2025-10,51520,Querencia Participacoes EIRELI,Mercado,Regiao Metropolitana,Tarcisio Bueno,Marmitex Aluminio 800ml,Descartaveis,VENDA,1,10.49,11.74,8.79,4.0,0.25,1.2,-1.3
2025-10-09,2025-10,51520,Querencia Participacoes EIRELI,Mercado,Regiao Metropolitana,Tarcisio Bueno,Cera Liquida Incolor 5L - Fardo 6,Quimicos,VENDA,1,2.43,70.7,36.42,24.08,1.51,7.22,8.69
2025-10-10,2025-10,51524,Uniao Negocios LTDA,Hotel,Interior Norte,Rogerio Antunes,papel toalha rolo 100f - fardo 6,Papel,VENDA,5,3.67,233.59,154.05,39.28,6.18,11.79,34.08
2025-10-11,2025-10,51528,Querencia Participacoes EIRELI,Mercado,Regiao Metropolitana,Tarcisio Bueno,Oculos Protecao - Fardo 6,EPI,VENDA,5,2.9,79.11,38.55,26.73,1.69,8.02,12.14
2025-10-13,2025-10,51531,Luminar Alimentos S/A,Restaurante,Interior Sul,Rogerio Antunes,Desinfetante Lavanda 5L - Fardo 6,Quimicos,VENDA,3,5.03,169.47,92.37,52.25,3.99,15.68,20.86
2025-10-14,2025-10,51539,Horizonte Negocios LTDA ME,Mercado,Litoral,Simone Klein,Papel Higienico Rolao 300m - Fardo 12,Papel,VENDA,3,4.14,178.2,133.86,40.22,6.24,40.22,-2.12
2025-10-15,2025-10,51546,Luminar Distribuidora EIRELI,Clinica,Litoral,Rogerio Antunes,Copo Descartavel 200ml - Fardo 12,Descartaveis,VENDA,2,6.64,66.62,62.8,4.28,2.0,4.28,-2.46
2025-10-16,2025-10,51553,Querencia Participacoes EIRELI,Mercado,Regiao Metropolitana,Tarcisio Bueno,Papel Toalha Interfolha 1000f,Papel,VENDA,10,0.03,290.5,209.2,45.1,8.13,45.1,28.07
2025-10-17,2025-10,51562,Horizonte Distribuidora S/A,Condominio,Regiao Metropolitana,Rogerio Antunes,removedor 1l - pacote 100,Quimicos,VENDA,20,1.04,530.8,354.0,20.7,15.92,20.7,140.18
2025-10-21,2025-10,51571,Horizonte Negocios LTDA ME,Mercado,Litoral,Simone Klein,Alvejante 5L - Caixa 24,Quimicos,VENDA,2,0.37,128.55,75.6,20.61,3.99,6.18,28.35
2025-10-21,2025-10,51571,Horizonte Negocios LTDA ME,Mercado,Litoral,Simone Klein,Pano Multiuso - Fardo 6,Acessorios,VENDA,5,2.59,39.09,21.0,6.27,1.21,1.88,10.61
2025-10-27,2025-10,51602,Trevo Comercio LTDA,Restaurante,Interior Norte,Simone Klein,Talher Descartavel Misto - Caixa 24,Descartaveis,VENDA,1,1.91,44.02,31.33,13.01,1.22,3.91,-1.54
2025-10-27,2025-10,51605,Pampa Alimentos ME,Padaria,Regiao Metropolitana,Rogerio Antunes,Papel Higienico Rolao 300m - Fardo 12,Papel,VENDA,1,1.31,76.51,44.62,21.94,1.83,6.59,8.12
2025-10-28,2025-10,51608,Querencia Participacoes EIRELI,Mercado,Regiao Metropolitana,Tarcisio Bueno,Guardanapo 24x24,Papel,VENDA,10,2.54,593.8,438.7,37.84,16.63,37.84,100.63
2025-10-28,2025-10,51610,Estrela Servicos ME,Hotel,Interior Sul,Tarcisio Bueno,Copo Descartavel 200ml - Pacote 100,Descartaveis,VENDA,1,11.69,32.92,28.9,5.61,0.81,1.69,-2.4
2025-10-28,2025-10,51610,Estrela Servicos ME,Hotel,Interior Sul,Tarcisio Bueno,Avental PVC - Pacote 100,EPI,VENDA,5,2.43,59.78,33.45,10.18,1.47,3.05,14.68
2025-10-29,2025-10,51620,Oriente Negocios LTDA ME,Industria,Litoral,Rogerio Antunes,removedor 1l,Quimicos,VENDA,10,0.69,582.1,386.8,57.03,17.46,57.03,120.81
2025-10-29,2025-10,51622,Horizonte Distribuidora S/A,Condominio,Regiao Metropolitana,Rogerio Antunes,ALCOOL 70 1L - FARDO 6,Quimicos,VENDA,3,2.76,185.43,125.85,10.97,5.56,10.97,43.05
2025-10-29,2025-10,51623,Trevo Comercio ME,Clinica,Regiao Metropolitana,Tarcisio Bueno,Mascara Descartavel - Fardo 12,EPI,VENDA,2,0.2,48.35,23.4,15.27,1.05,4.58,8.63
2025-10-29,2025-10,51625,Rio Claro Servicos EIRELI,Mercado,Interior Norte,Tarcisio Bueno,luva plastica descartavel - pacote 100,Descartaveis,VENDA,10,15.29,212.82,194.6,36.45,5.24,10.93,-23.47
2025-10-30,2025-10,51626,Serrano Servicos LTDA ME,Mercado,Interior Norte,Simone Klein,Avental PVC,EPI,VENDA,10,1.33,304.1,191.1,37.56,10.64,37.56,64.8
2025-10-30,2025-10,51626,Serrano Servicos LTDA ME,Mercado,Interior Norte,Simone Klein,Papel Higienico Folha Dupla 30m - Fardo 12,Papel,VENDA,3,3.26,203.4,151.38,25.12,7.12,25.12,19.78
2025-10-30,2025-10,51628,Trevo Alimentos EIRELI,Condominio,Interior Norte,Simone Klein,BOBINA PAPEL TOALHA 200M - PACOTE 100,Papel,VENDA,5,8.57,138.75,109.25,19.72,4.86,19.72,4.92
2025-10-30,2025-10,51632,Uniao Comercio EIRELI,Escola,Interior Sul,Rogerio Antunes,ALCOOL 70 1L - FARDO 6,Quimicos,VENDA,1,3.19,68.75,41.95,10.32,1.85,3.1,14.63
2025-10-30,2025-10,51633,Oriente Participacoes LTDA,Clinica,Regiao Metropolitana,Simone Klein,Detergente Neutro 5L,Quimicos,VENDA,10,4.18,504.62,332.1,32.03,16.88,9.61,123.61
2025-10-31,2025-10,51637,Luminar Alimentos S/A,Restaurante,Interior Sul,Rogerio Antunes,Copo Descartavel 50ml - Fardo 6,Descartaveis,VENDA,5,16.47,157.52,132.25,45.68,3.77,13.71,-24.18
2025-11-03,2025-11,51650,Nortao Alimentos S/A,Escola,Interior Norte,Simone Klein,Papel Toalha Interfolha 1000f,Papel,VENDA,2,3.84,65.2,41.84,13.31,1.96,3.99,8.09
2025-11-04,2025-11,51653,Luminar Alimentos S/A,Restaurante,Interior Sul,Rogerio Antunes,Limpador Multiuso 5L,Quimicos,VENDA,1,0.72,44.12,29.33,2.76,1.32,2.76,10.71
2025-11-04,2025-11,51653,Luminar Alimentos S/A,Restaurante,Interior Sul,Rogerio Antunes,Copo Descartavel 50ml - Pacote 100,Descartaveis,VENDA,1,1.89,14.34,12.87,0.9,0.43,0.9,0.14
2025-11-06,2025-11,51658,Rio Claro Servicos S/A,Industria,Interior Norte,Rogerio Antunes,Guardanapo 24x24 - Caixa 24,Papel,VENDA,5,4.36,334.45,229.85,41.58,9.16,12.48,53.86
2025-11-10,2025-11,51668,Serrano Servicos LTDA ME,Mercado,Interior Norte,Simone Klein,papel higienico folha dupla 30m - fardo 12,Papel,VENDA,3,3.87,236.81,153.12,46.23,7.16,13.87,30.3
2025-11-10,2025-11,51675,Querencia Negocios LTDA,Industria,Interior Norte,Simone Klein,Embalagem Delivery 750ml - Pacote 100,Descartaveis,VENDA,1,10.16,12.96,10.99,2.49,0.39,0.75,-0.91
2025-11-11,2025-11,51677,Estrela Servicos LTDA,Escola,Litoral,Tarcisio Bueno,Guardanapo 24x24 - Caixa 24,Papel,VENDA,1,7.93,74.29,48.9,16.8,1.75,5.04,6.84
2025-11-12,2025-11,51684,Trevo Alimentos EIRELI,Condominio,Interior Norte,Simone Klein,ALCOOL 70 1L - FARDO 6,Quimicos,VENDA,1,5.57,60.02,41.95,2.71,2.1,2.71,13.26
2025-11-12,2025-11,51689,Pampa Alimentos ME,Padaria,Regiao Metropolitana,Rogerio Antunes,Talher Descartavel Misto - Pacote 100,Descartaveis,DEVOLUCAO,-10,2.15,-239.93,-263.1,75.24,-8.78,22.57,-43.29
2025-11-12,2025-11,51689,Pampa Alimentos ME,Padaria,Regiao Metropolitana,Rogerio Antunes,Papel Higienico Folha Dupla 30m,Papel,VENDA,2,8.86,54.0,36.14,11.77,1.37,3.53,4.72
2025-11-14,2025-11,51701,Vitoria Distribuidora LTDA ME,Hotel,Interior Sul,Tarcisio Bueno,Bobina Papel Toalha 200m,Papel,VENDA,3,0.98,145.26,105.63,15.56,4.07,15.56,20.0
2025-11-15,2025-11,51706,Alvorada Servicos LTDA,Hotel,Interior Norte,Rogerio Antunes,pano multiuso - caixa 24,Acessorios,VENDA,1,1.83,31.88,15.42,8.89,0.77,2.67,6.8
2025-11-15,2025-11,51706,Alvorada Servicos LTDA,Hotel,Interior Norte,Rogerio Antunes,Cera Liquida Incolor 5L - Fardo 6,Quimicos,VENDA,1,5.01,42.43,23.73,11.83,1.02,3.55,5.85
2025-11-17,2025-11,51709,BOREAL SERVICOS LTDA ME,Escola,Regiao Metropolitana,Tarcisio Bueno,Alvejante 5L - Caixa 24,Quimicos,VENDA,10,6.68,534.4,378.0,37.22,14.96,37.22,104.22
2025-11-18,2025-11,51715,querencia negocios me,Restaurante,Litoral,Rogerio Antunes,Copo Descartavel 200ml - Fardo 12,Descartaveis,VENDA,2,7.5,49.96,35.02,18.78,1.1,5.64,-4.94
2025-11-18,2025-11,51716,Imperial Servicos S/A,Clinica,Regiao Metropolitana,Rogerio Antunes,papel higienico folha dupla 30m - fardo 12,Papel,VENDA,2,4.7,165.29,102.08,43.1,4.05,12.93,16.06
2025-11-19,2025-11,51722,Uniao Comercio EIRELI,Escola,Interior Sul,Rogerio Antunes,Papel Higienico Folha Dupla 30m - Fardo 12,Papel,VENDA,3,3.22,86.57,55.44,17.22,2.24,5.17,11.67
2025-11-22,2025-11,51741,Oriente Negocios LTDA ME,Industria,Litoral,Rogerio Antunes,PAPEL HIGIENICO ROLAO 300M,Papel,VENDA,10,5.89,163.9,125.4,5.89,4.92,5.89,27.69
2025-11-24,2025-11,51751,Estrela Servicos LTDA,Escola,Litoral,Tarcisio Bueno,Saco Lixo 60L - Fardo 6,Descartaveis,VENDA,2,10.29,17.1,16.78,2.15,0.48,2.15,-2.31
2025-11-25,2025-11,51759,Nortao Alimentos S/A,Escola,Interior Norte,Simone Klein,Detergente Neutro 5L - Pacote 100,Quimicos,VENDA,10,1.4,220.5,147.6,15.13,7.72,15.13,50.05
2025-11-25,2025-11,51762,UNIAO ALIMENTOS EIRELI,Industria,Litoral,Simone Klein,borrifador 500ml - fardo 6,Acessorios,VENDA,3,1.37,107.45,56.16,19.36,3.29,5.81,28.64
2025-12-01,2025-12,51785,Estrela Servicos LTDA,Escola,Litoral,Tarcisio Bueno,Marmitex Aluminio 800ml - Pacote 100,Descartaveis,VENDA,3,5.2,89.61,83.19,3.3,2.51,3.3,0.61
2025-12-01,2025-12,51785,Estrela Servicos LTDA,Escola,Litoral,Tarcisio Bueno,Mascara Descartavel - Fardo 6,EPI,VENDA,1,3.64,9.81,6.31,0.36,0.27,0.36,2.87
2025-12-02,2025-12,51792,Aurora Distribuidora LTDA,Escola,Regiao Metropolitana,Rogerio Antunes,Saco Lixo 30L,Descartaveis,VENDA,10,11.28,176.9,175.5,17.92,5.31,17.92,-21.83
2025-12-02,2025-12,51794,Nortao Industria ME,Padaria,Interior Norte,Simone Klein,Talher Descartavel Misto - Pacote 100,Descartaveis,VENDA,2,5.19,56.7,52.62,3.64,1.98,3.64,-1.54
2025-12-02,2025-12,51794,Nortao Industria ME,Padaria,Interior Norte,Simone Klein,BORRIFADOR 500ML - FARDO 12,Acessorios,VENDA,10,8.77,444.1,287.2,28.49,15.54,28.49,112.87
2025-12-02,2025-12,51799,Imperial Servicos S/A,Clinica,Regiao Metropolitana,Rogerio Antunes,Copo Descartavel 50ml - Pacote 100,Descartaveis,VENDA,5,12.14,85.19,64.35,29.91,1.93,8.97,-11.0
2025-12-03,2025-12,51803,Querencia Distribuidora LTDA ME,Padaria,Interior Norte,Rogerio Antunes,Desinfetante Lavanda 5L - Pacote 100,Quimicos,VENDA,1,2.5,66.26,37.46,15.6,1.66,4.68,11.54
2025-12-04,2025-12,51808,BOREAL SERVICOS LTDA ME,Escola,Regiao Metropolitana,Tarcisio Bueno,BORRIFADOR 500ML - FARDO 12,Acessorios,VENDA,3,6.16,83.55,52.53,13.13,2.34,13.13,15.55
2025-12-04,2025-12,51809,Vitoria Distribuidora LTDA ME,Hotel,Interior Sul,Tarcisio Bueno,papel higienico folha dupla 30m - fardo 12,Papel,VENDA,5,5.02,336.65,255.2,30.44,9.43,30.44,41.58
2025-12-04,2025-12,51813,Vitoria Distribuidora LTDA ME,Hotel,Interior Sul,Tarcisio Bueno,Alcool 70 1L - Caixa 24,Quimicos,VENDA,1,1.73,79.04,37.9,32.3,1.58,9.69,7.26
2025-12-05,2025-12,51820,Querencia Participacoes EIRELI,Mercado,Regiao Metropolitana,Tarcisio Bueno,Cera Liquida Incolor 5L - Fardo 6,Quimicos,VENDA,10,6.8,310.4,219.8,24.98,8.69,24.98,56.93
2025-12-05,2025-12,51820,Querencia Participacoes EIRELI,Mercado,Regiao Metropolitana,Tarcisio Bueno,Limpador Multiuso 5L,Quimicos,DEVOLUCAO,-10,0.72,-441.2,-293.3,35.5,-12.35,35.5,-171.05
2025-12-09,2025-12,51847,Serrano Servicos LTDA ME,Mercado,Interior Norte,Simone Klein,SACO LIXO 60L,Descartaveis,VENDA,10,4.98,70.2,65.0,3.53,2.46,3.53,-0.79
2025-12-09,2025-12,51847,Serrano Servicos LTDA ME,Mercado,Interior Norte,Simone Klein,DESINFETANTE LAVANDA 5L - PACOTE 100,Quimicos,VENDA,1,1.62,61.25,41.09,3.08,2.14,3.08,14.94
2025-12-12,2025-12,51865,Luminar Alimentos S/A,Restaurante,Interior Sul,Rogerio Antunes,Luva Plastica Descartavel - Fardo 6,Descartaveis,VENDA,5,16.2,93.33,76.25,29.61,2.18,8.88,-14.71
2025-12-12,2025-12,51868,Luminar Alimentos S/A,Restaurante,Interior Sul,Rogerio Antunes,Papel Toalha Rolo 100f - Fardo 6,Papel,VENDA,3,7.08,251.58,194.94,26.48,7.55,26.48,22.61
2025-12-12,2025-12,51871,Nortao Empreendimentos LTDA ME,Padaria,Interior Sul,Tarcisio Bueno,Limpa Vidros 500ml - Fardo 12,Quimicos,VENDA,10,1.31,497.0,332.4,34.77,13.92,34.77,115.91
2025-12-13,2025-12,51879,Aurora Alimentos S/A,Escola,Litoral,Simone Klein,Talher Descartavel Misto - Pacote 100,Descartaveis,VENDA,10,0.77,296.7,263.1,34.84,10.38,34.84,-11.62
2025-12-15,2025-12,51883,Vitoria Distribuidora LTDA ME,Hotel,Interior Sul,Tarcisio Bueno,Guardanapo 24x24 - Caixa 24,Papel,VENDA,2,0.63,177.02,97.8,60.06,3.78,18.02,15.38
2025-12-15,2025-12,51885,Imperial Servicos S/A,Clinica,Regiao Metropolitana,Rogerio Antunes,Balde 20L - Pacote 100,Acessorios,VENDA,2,5.99,80.29,38.48,27.1,1.84,8.13,12.87
2025-12-16,2025-12,51894,Nortao Alimentos S/A,Escola,Interior Norte,Simone Klein,Marmitex Aluminio 800ml - Caixa 24,Descartaveis,VENDA,1,7.94,54.49,34.35,26.51,1.26,7.95,-7.63
2025-12-16,2025-12,51896,Xavante Servicos EIRELI,Padaria,Litoral,Rogerio Antunes,Cera Liquida Incolor 5L - Fardo 6,Quimicos,VENDA,1,3.47,37.88,21.98,8.2,0.96,2.46,6.74
2025-12-17,2025-12,51903,Serrano Servicos LTDA ME,Mercado,Interior Norte,Simone Klein,Guardanapo 24x24 - Caixa 24,Papel,VENDA,2,0.02,153.96,91.94,37.54,4.47,11.26,20.01
2025-12-18,2025-12,51908,BOREAL SERVICOS LTDA ME,Escola,Regiao Metropolitana,Tarcisio Bueno,Alcool 70 1L,Quimicos,DEVOLUCAO,-1,6.99,-52.08,-40.01,6.15,-1.58,1.85,-16.64
2025-12-18,2025-12,51909,Serrano Servicos LTDA ME,Mercado,Interior Norte,Simone Klein,Limpa Vidros 500ml,Quimicos,VENDA,3,2.29,80.76,54.54,7.68,2.83,7.68,15.71
2025-12-18,2025-12,51910,Querencia Participacoes EIRELI,Mercado,Regiao Metropolitana,Tarcisio Bueno,Papel Toalha Interfolha 1000f - Caixa 24,Papel,VENDA,5,7.7,320.8,250.25,29.66,8.98,29.66,31.91
2025-12-19,2025-12,51918,Nortao Empreendimentos LTDA ME,Padaria,Interior Sul,Tarcisio Bueno,Vassoura Nylon - Pacote 100,Acessorios,VENDA,3,3.48,92.97,45.48,26.53,2.08,7.96,18.88
2025-12-20,2025-12,51922,Boreal Empreendimentos LTDA,Industria,Regiao Metropolitana,Tarcisio Bueno,Avental PVC - Fardo 6,EPI,VENDA,20,4.51,138.8,90.2,4.66,3.89,4.66,40.05
2025-12-20,2025-12,51922,Boreal Empreendimentos LTDA,Industria,Regiao Metropolitana,Tarcisio Bueno,Guardanapo 24x24 - Caixa 24,Papel,VENDA,20,2.14,1329.4,978.0,44.6,37.22,44.6,269.58
2025-12-22,2025-12,51925,Boreal Negocios ME,Padaria,Interior Norte,Rogerio Antunes,DETERGENTE NEUTRO 5L - PACOTE 100,Quimicos,VENDA,2,1.24,46.23,21.92,19.18,0.98,5.75,4.15
2025-12-22,2025-12,51928,BOREAL SERVICOS LTDA ME,Escola,Regiao Metropolitana,Tarcisio Bueno,Cera Liquida Incolor 5L - Fardo 6,Quimicos,VENDA,2,4.2,73.48,47.46,6.57,1.93,1.97,17.52
2025-12-22,2025-12,51928,BOREAL SERVICOS LTDA ME,Escola,Regiao Metropolitana,Tarcisio Bueno,Detergente Neutro 5L - Caixa 24,Quimicos,VENDA,1,4.73,48.88,31.74,4.37,1.28,1.31,11.49
2025-12-23,2025-12,51937,Querencia Participacoes EIRELI,Mercado,Regiao Metropolitana,Tarcisio Bueno,Saco Lixo 100L,Descartaveis,VENDA,3,10.6,82.02,80.73,13.39,2.3,13.39,-14.4
2025-12-24,2025-12,51945,Aurora Negocios EIRELI,Hotel,Regiao Metropolitana,Rogerio Antunes,borrifador 500ml - fardo 6,Acessorios,VENDA,5,3.09,153.75,93.6,10.62,4.61,10.62,44.92
2025-12-24,2025-12,51951,Querencia Participacoes EIRELI,Mercado,Regiao Metropolitana,Tarcisio Bueno,Alcool 70 1L - Caixa 24,Quimicos,VENDA,1,2.96,44.0,27.22,5.68,1.12,1.7,9.98
2025-12-25,2025-12,51955,Serrano Servicos LTDA ME,Mercado,Interior Norte,Simone Klein,Cera Liquida Incolor 5L,Quimicos,VENDA,2,3.04,126.41,69.36,35.02,3.57,10.51,18.46
2025-12-25,2025-12,51958,Serrano Alimentos EIRELI,Padaria,Regiao Metropolitana,Simone Klein,Bota PVC - Fardo 6,EPI,VENDA,1,0.33,39.41,11.74,29.33,0.66,8.8,-2.32
2025-12-25,2025-12,51963,Boreal Empreendimentos LTDA,Industria,Regiao Metropolitana,Tarcisio Bueno,Embalagem Delivery 750ml - Fardo 6,Descartaveis,VENDA,2,5.24,68.58,63.7,3.22,1.92,3.22,-0.26
2025-12-26,2025-12,51978,Vitoria Comercio LTDA,Industria,Interior Sul,Simone Klein,BOBINA PAPEL TOALHA 200M - PACOTE 100,Papel,VENDA,2,0.72,65.72,43.7,7.79,2.11,2.33,12.12
2025-12-30,2025-12,51997,Zenite Industria LTDA,Mercado,Litoral,Simone Klein,Alvejante 5L - Fardo 6,Quimicos,VENDA,3,2.38,90.03,47.37,28.55,2.45,8.57,11.66
2025-12-31,2025-12,52000,Jangada Comercio ME,Padaria,Regiao Metropolitana,Simone Klein,Copo Descartavel 200ml - Fardo 12,Descartaveis,VENDA,3,2.61,128.95,94.2,35.28,3.65,10.58,-4.18
2025-12-31,2025-12,52002,Boreal Comercio EIRELI,Mercado,Interior Sul,Simone Klein,Papel Higienico Folha Dupla 30m - Fardo 12,Papel,VENDA,10,3.68,276.05,184.8,41.08,8.66,12.33,41.51
2025-01-01,2025-01,50005,BOREAL SERVICOS LTDA ME,Escola,Regiao Metropolitana,Tarcisio Bueno,Vassoura Nylon - Caixa 24,Acessorios,VENDA,10,5.28,439.17,256.0,40.24,11.51,12.07,131.42
2025-01-01,2025-01,50006,Serrano Servicos LTDA ME,Mercado,Interior Norte,Simone Klein,Saco Lixo 100L - Pacote 100,Descartaveis,VENDA,1,6.02,20.49,15.92,4.98,0.6,1.49,-1.0
2025-01-03,2025-01,50018,Pampa Alimentos ME,Padaria,Regiao Metropolitana,Rogerio Antunes,Alcool 70 1L - Caixa 24,Quimicos,VENDA,2,1.01,98.15,54.44,23.59,2.45,7.08,17.67
2025-01-07,2025-01,50030,Estrela Servicos LTDA,Escola,Litoral,Tarcisio Bueno,Papel Higienico Rolao 300m - Fardo 12,Papel,VENDA,2,2.41,198.55,133.06,26.01,5.05,7.8,34.43
2025-01-07,2025-01,50031,Horizonte Distribuidora S/A,Condominio,Regiao Metropolitana,Rogerio Antunes,REMOVEDOR 1L - CAIXA 24,Quimicos,VENDA,5,0.33,76.05,50.35,9.18,2.28,9.18,14.24
2025-01-07,2025-01,50032,Imperial Servicos S/A,Clinica,Regiao Metropolitana,Rogerio Antunes,Guardanapo 24x24 - Caixa 24,Papel,VENDA,1,2.46,71.04,48.9,6.84,1.99,2.05,13.31
2025-01-07,2025-01,50033,Trevo Comercio ME,Clinica,Regiao Metropolitana,Tarcisio Bueno,saco lixo 30l - fardo 6,Descartaveis,VENDA,2,8.81,32.88,25.84,8.72,0.75,2.62,-2.43
2025-01-07,2025-01,50034,Querencia Negocios LTDA,Industria,Interior Norte,Simone Klein,Rodo 40cm,Acessorios,VENDA,3,3.3,99.84,40.95,46.72,2.35,14.02,9.82
2025-01-09,2025-01,50044,BOREAL SERVICOS LTDA ME,Escola,Regiao Metropolitana,Tarcisio Bueno,saco lixo 100l - fardo 12,Descartaveis,VENDA,1,16.41,40.52,29.52,17.83,0.79,5.35,-7.62
2025-01-09,2025-01,50044,BOREAL SERVICOS LTDA ME,Escola,Regiao Metropolitana,Tarcisio Bueno,SACO LIXO 60L,Descartaveis,VENDA,2,12.47,18.7,13.0,8.23,0.36,2.47,-2.89
2025-01-09,2025-01,50047,Oriente Negocios ME,Restaurante,Interior Sul,Rogerio Antunes,Luva Plastica Descartavel - Fardo 12,Descartaveis,VENDA,1,2.44,64.62,36.25,34.92,1.21,10.48,-7.76
2025-01-10,2025-01,50049,Oriente Alimentos ME,Padaria,Interior Norte,Tarcisio Bueno,Pano Multiuso - Caixa 24,Acessorios,VENDA,1,3.41,24.26,12.97,4.32,0.59,1.29,6.38
2025-01-13,2025-01,50059,Serrano Servicos LTDA ME,Mercado,Interior Norte,Simone Klein,Embalagem Delivery 750ml - Fardo 6,Descartaveis,VENDA,10,12.87,154.4,155.9,8.32,5.4,8.32,-15.22
2025-01-17,2025-01,50087,Uniao Comercio EIRELI,Escola,Interior Sul,Rogerio Antunes,Alcool 70 1L - Caixa 24,Quimicos,VENDA,5,2.27,92.15,62.25,6.84,2.76,6.84,20.3
2025-01-20,2025-01,50092,Guarani Servicos LTDA ME,Escola,Litoral,Tarcisio Bueno,Saco Lixo 100L - Pacote 100,Descartaveis,VENDA,3,0.31,54.09,47.76,2.62,1.51,2.62,2.2
2025-01-20,2025-01,50097,Imperial Servicos S/A,Clinica,Regiao Metropolitana,Rogerio Antunes,Bota PVC - Fardo 6,EPI,VENDA,2,2.92,42.82,23.48,8.63,1.1,2.59,9.61
2025-01-20,2025-01,50097,Imperial Servicos S/A,Clinica,Regiao Metropolitana,Rogerio Antunes,Copo Descartavel 50ml - Pacote 100,Descartaveis,VENDA,10,18.86,138.07,128.7,27.81,3.56,8.34,-22.0
2025-01-20,2025-01,50098,Boreal Negocios ME,Padaria,Interior Norte,Rogerio Antunes,Alvejante 5L - Fardo 6,Quimicos,VENDA,5,3.6,115.3,78.95,6.91,3.46,6.91,25.98
2025-01-21,2025-01,50102,BOREAL SERVICOS LTDA ME,Escola,Regiao Metropolitana,Tarcisio Bueno,ESCOVA SANITARIA - CAIXA 24,Acessorios,VENDA,20,1.83,586.0,352.2,48.45,16.41,48.45,168.94
2025-01-22,2025-01,50114,Vitoria Comercio LTDA,Industria,Interior Sul,Simone Klein,escova sanitaria,Acessorios,VENDA,10,3.63,427.6,261.8,7.13,14.97,7.13,143.7
2025-01-28,2025-01,50140,BOREAL SERVICOS LTDA ME,Escola,Regiao Metropolitana,Tarcisio Bueno,Papel Toalha Rolo 100f - Caixa 24,Papel,VENDA,3,2.17,164.92,105.69,30.44,4.02,9.13,24.77
2025-01-28,2025-01,50143,UNIAO ALIMENTOS LTDA ME,Restaurante,Litoral,Simone Klein,Detergente Neutro 5L - Caixa 24,Quimicos,VENDA,1,3.75,56.04,31.74,13.94,1.62,4.19,8.74
2025-01-29,2025-01,50145,Xavante Industria EIRELI,Escola,Regiao Metropolitana,Tarcisio Bueno,Papel Toalha Interfolha 1000f - Caixa 24,Papel,VENDA,5,1.2,235.4,171.55,25.81,6.59,25.81,31.45
2025-01-29,2025-01,50149,Luminar Participacoes LTDA,Condominio,Litoral,Simone Klein,COPO DESCARTAVEL 200ML - FARDO 6,Descartaveis,VENDA,1,14.38,22.98,23.62,0.96,0.8,0.96,-2.4
2025-01-30,2025-01,50157,BOREAL SERVICOS LTDA ME,Escola,Regiao Metropolitana,Tarcisio Bueno,Luva Plastica Descartavel - Fardo 6,Descartaveis,VENDA,5,7.02,80.55,76.25,10.62,2.26,10.62,-8.58
2025-01-30,2025-01,50157,BOREAL SERVICOS LTDA ME,Escola,Regiao Metropolitana,Tarcisio Bueno,Prato Descartavel 15cm,Descartaveis,VENDA,3,14.93,81.24,84.03,10.71,2.27,10.71,-15.77
2025-01-31,2025-01,50168,Uniao Servicos LTDA,Industria,Interior Sul,Tarcisio Bueno,saco lixo 100l - fardo 12,Descartaveis,VENDA,3,10.59,112.09,88.56,31.56,2.52,9.47,-10.55
2025-01-31,2025-01,50169,Estrela Servicos ME,Hotel,Interior Sul,Tarcisio Bueno,Bobina Papel Toalha 200m - Fardo 6,Papel,VENDA,1,7.92,29.12,20.26,4.58,0.73,1.37,3.55
2025-02-03,2025-02,50179,Estrela Servicos LTDA,Escola,Litoral,Tarcisio Bueno,luva plastica descartavel - pacote 100,Descartaveis,VENDA,3,0.37,83.9,58.38,25.44,1.85,7.63,-1.77
2025-02-05,2025-02,50193,BOREAL SERVICOS LTDA ME,Escola,Regiao Metropolitana,Tarcisio Bueno,Limpador Multiuso 5L - Fardo 6,Quimicos,VENDA,20,4.84,977.8,678.2,34.73,27.38,34.73,237.49
2025-02-06,2025-02,50205,Uniao Participacoes LTDA,Condominio,Litoral,Rogerio Antunes,LUVA PLASTICA DESCARTAVEL,Descartaveis,VENDA,3,0.05,130.37,96.66,29.43,3.29,8.83,0.99
2025-02-10,2025-02,50214,Querencia Negocios LTDA,Industria,Interior Norte,Simone Klein,REMOVEDOR 1L - CAIXA 24,Quimicos,VENDA,2,0.04,47.42,20.14,24.17,1.07,7.25,2.04
2025-02-11,2025-02,50224,Zenite Industria LTDA,Mercado,Litoral,Simone Klein,Papel Higienico Folha Dupla 30m,Papel,VENDA,3,0.15,88.79,54.21,19.45,2.63,5.84,12.5
2025-02-13,2025-02,50229,Serrano Servicos LTDA ME,Mercado,Interior Norte,Simone Klein,Papel Higienico Rolao 300m - Fardo 12,Papel,VENDA,1,0.38,86.25,62.34,9.71,3.02,9.71,11.18
2025-02-13,2025-02,50229,Serrano Servicos LTDA ME,Mercado,Interior Norte,Simone Klein,Talher Descartavel Misto - Caixa 24,Descartaveis,VENDA,2,9.7,64.3,62.66,7.24,2.25,7.24,-7.85
2025-02-18,2025-02,50253,Xavante Negocios ME,Hotel,Regiao Metropolitana,Simone Klein,Sabao Liquido 5L - Fardo 12,Quimicos,VENDA,3,0.45,54.09,31.23,9.99,1.65,3.0,11.22
2025-02-18,2025-02,50255,querencia negocios me,Restaurante,Litoral,Rogerio Antunes,PRATO DESCARTAVEL 15CM - PACOTE 100,Descartaveis,VENDA,2,4.5,71.72,66.08,10.18,2.15,10.18,-6.69
2025-02-19,2025-02,50261,Uniao Negocios LTDA,Hotel,Interior Norte,Rogerio Antunes,Limpador Multiuso 5L - Fardo 6,Quimicos,VENDA,3,1.72,139.24,77.97,33.06,3.48,9.92,24.73
2025-02-21,2025-02,50281,Horizonte Distribuidora S/A,Condominio,Regiao Metropolitana,Rogerio Antunes,Limpador Multiuso 5L,Quimicos,VENDA,5,1.49,218.9,146.65,13.62,6.57,13.62,52.06
2025-02-26,2025-02,50305,TREVO ALIMENTOS S/A,Mercado,Interior Norte,Rogerio Antunes,Papel Higienico Folha Dupla 30m - Fardo 12,Papel,VENDA,1,4.67,28.46,18.48,5.7,0.73,1.71,3.55
2025-02-26,2025-02,50306,Serrano Servicos LTDA ME,Mercado,Interior Norte,Simone Klein,Marmitex Aluminio 800ml - Caixa 24,Descartaveis,VENDA,3,0.51,41.47,31.44,8.46,1.24,2.54,0.33
2025-02-26,2025-02,50309,BOREAL SERVICOS LTDA ME,Escola,Regiao Metropolitana,Tarcisio Bueno,Sabao Liquido 5L - Fardo 12,Quimicos,VENDA,1,6.1,24.16,10.41,13.36,0.41,4.01,-0.02
2025-03-03,2025-03,50331,Imperial Servicos S/A,Clinica,Regiao Metropolitana,Rogerio Antunes,Limpa Vidros 500ml - Caixa 24,Quimicos,VENDA,1,2.42,46.13,25.18,12.71,1.12,3.81,7.12
2025-03-03,2025-03,50331,Imperial Servicos S/A,Clinica,Regiao Metropolitana,Rogerio Antunes,Luva Plastica Descartavel - Fardo 12,Descartaveis,VENDA,1,13.71,44.03,36.25,12.13,1.07,3.64,-5.42
2025-03-04,2025-03,50334,Bandeirante Comercio ME,Condominio,Litoral,Rogerio Antunes,limpador multiuso 5l - pacote 100,Quimicos,VENDA,1,1.13,17.66,11.79,1.78,0.53,1.78,3.56
2025-03-04,2025-03,50334,Bandeirante Comercio ME,Condominio,Litoral,Rogerio Antunes,Desinfetante Lavanda 5L,Quimicos,VENDA,2,3.09,59.34,40.42,5.97,1.78,5.97,11.17
2025-03-04,2025-03,50341,Pampa Alimentos ME,Padaria,Regiao Metropolitana,Rogerio Antunes,Avental PVC - Pacote 100,EPI,VENDA,2,1.84,23.5,13.38,3.32,0.64,1.0,6.16
2025-03-06,2025-03,50355,Oriente Alimentos ME,Padaria,Interior Norte,Tarcisio Bueno,Marmitex Aluminio 800ml - Caixa 24,Descartaveis,VENDA,5,4.03,223.99,171.75,52.42,5.24,15.73,-5.42
2025-03-06,2025-03,50359,Vitoria Empreendimentos EIRELI,Restaurante,Litoral,Tarcisio Bueno,Papel Higienico Folha Dupla 30m - Fardo 12,Papel,VENDA,2,0.83,164.57,100.92,36.53,3.89,10.96,23.23
2025-03-07,2025-03,50375,BANDEIRANTE NEGOCIOS S/A,Condominio,Interior Sul,Simone Klein,Luva Plastica Descartavel - Fardo 12,Descartaveis,VENDA,10,5.61,388.8,362.5,26.36,13.61,26.36,-13.67
2025-03-08,2025-03,50377,Central Negocios ME,Mercado,Interior Sul,Tarcisio Bueno,Cera Liquida Incolor 5L - Fardo 6,Quimicos,VENDA,1,3.74,35.38,21.98,4.75,0.9,1.42,7.75
2025-03-11,2025-03,50392,Vitoria Distribuidora LTDA ME,Hotel,Interior Sul,Tarcisio Bueno,borrifador 500ml - fardo 6,Acessorios,VENDA,5,1.49,197.1,93.6,58.29,4.38,17.49,40.83
2025-03-11,2025-03,50396,Querencia Empreendimentos LTDA,Clinica,Interior Sul,Simone Klein,Cera Liquida Incolor 5L - Fardo 6,Quimicos,VENDA,5,0.19,275.4,182.1,25.62,9.64,25.62,58.04
2025-03-11,2025-03,50400,Querencia Distribuidora LTDA ME,Padaria,Interior Norte,Rogerio Antunes,PRATO DESCARTAVEL 15CM - PACOTE 100,Descartaveis,VENDA,20,1.16,742.2,660.8,45.13,22.27,45.13,14.0
2025-03-12,2025-03,50404,Xavante Industria EIRELI,Escola,Regiao Metropolitana,Tarcisio Bueno,Prato Descartavel 15cm - Caixa 24,Descartaveis,VENDA,3,4.7,130.48,92.49,43.34,2.8,13.0,-8.15
2025-03-13,2025-03,50414,Zenite Participacoes ME,Padaria,Interior Norte,Simone Klein,Limpador Multiuso 5L,Quimicos,VENDA,20,1.51,875.4,586.6,37.07,30.64,37.07,221.09
2025-03-13,2025-03,50424,Serrano Servicos LTDA ME,Mercado,Interior Norte,Simone Klein,Papel Higienico Rolao 300m - Fardo 12,Papel,VENDA,3,1.51,309.92,199.59,52.74,9.56,15.82,48.04
2025-03-14,2025-03,50432,Serrano Servicos LTDA ME,Mercado,Interior Norte,Simone Klein,saco lixo 30l - fardo 6,Descartaveis,VENDA,2,6.35,57.42,25.84,42.74,0.96,12.82,-12.12
2025-03-17,2025-03,50442,Uniao Servicos LTDA,Industria,Interior Sul,Tarcisio Bueno,Esponja Dupla Face - Caixa 24,Acessorios,VENDA,5,6.74,136.5,86.35,22.52,3.82,22.52,23.81
2025-03-17,2025-03,50444,Uniao Participacoes LTDA,Condominio,Litoral,Rogerio Antunes,BOTA PVC - FARDO 6,EPI,VENDA,5,1.0,35.2,22.05,3.2,1.06,3.2,8.89
2025-03-19,2025-03,50463,BOREAL SERVICOS LTDA ME,Escola,Regiao Metropolitana,Tarcisio Bueno,Rodo 40cm,Acessorios,VENDA,3,4.66,75.22,40.95,12.92,1.85,3.88,19.5
2025-03-19,2025-03,50466,Boreal Industria LTDA,Hotel,Litoral,Tarcisio Bueno,Detergente Neutro 5L - Caixa 24,Quimicos,VENDA,20,6.33,901.0,634.8,38.87,25.23,38.87,202.1
2025-03-20,2025-03,50472,Pampa Alimentos ME,Padaria,Regiao Metropolitana,Rogerio Antunes,ALCOOL 70 1L - FARDO 6,Quimicos,VENDA,3,6.05,191.46,125.85,17.61,5.37,5.28,42.63
2025-03-20,2025-03,50477,Luminar Alimentos S/A,Restaurante,Interior Sul,Rogerio Antunes,Bobina Papel Toalha 200m,Papel,VENDA,2,6.09,109.04,70.42,24.57,2.76,7.37,11.29
2025-03-21,2025-03,50480,Pampa Alimentos ME,Padaria,Regiao Metropolitana,Rogerio Antunes,Papel Toalha Interfolha 1000f,Papel,VENDA,2,7.33,59.59,41.84,8.19,1.62,2.46,7.94
2025-03-21,2025-03,50480,Pampa Alimentos ME,Padaria,Regiao Metropolitana,Rogerio Antunes,Cera Liquida Incolor 5L - Fardo 6,Quimicos,VENDA,5,0.31,183.67,109.9,25.25,4.98,7.58,43.54
2025-03-21,2025-03,50486,Serrano Servicos LTDA ME,Mercado,Interior Norte,Simone Klein,Papel Higienico Rolao 300m - Fardo 12,Papel,VENDA,2,4.47,176.54,133.06,15.79,6.18,15.79,21.51
2025-03-22,2025-03,50493,Uniao Servicos LTDA,Industria,Interior Sul,Tarcisio Bueno,Embalagem Delivery 750ml - Fardo 6,Descartaveis,VENDA,1,7.17,33.6,31.85,2.33,0.94,2.33,-1.52
2025-03-22,2025-03,50494,Trevo Empreendimentos LTDA,Padaria,Interior Norte,Rogerio Antunes,SACO LIXO 60L,Descartaveis,VENDA,1,14.42,13.06,6.5,9.63,0.19,2.89,-3.26
2025-03-22,2025-03,50496,Querencia Participacoes EIRELI,Mercado,Regiao Metropolitana,Tarcisio Bueno,Balde 20L - Pacote 100,Acessorios,VENDA,5,5.09,160.45,99.75,13.12,4.49,13.12,43.09
2025-03-22,2025-03,50496,Querencia Participacoes EIRELI,Mercado,Regiao Metropolitana,Tarcisio Bueno,Desinfetante Lavanda 5L - Fardo 6,Quimicos,VENDA,2,1.89,91.54,61.58,7.49,2.56,7.49,19.91
2025-03-25,2025-03,50503,Oriente Participacoes LTDA,Clinica,Regiao Metropolitana,Simone Klein,DETERGENTE NEUTRO 5L - PACOTE 100,Quimicos,VENDA,3,0.19,59.23,32.88,13.56,1.74,4.07,11.05
2025-03-25,2025-03,50504,Querencia Participacoes EIRELI,Mercado,Regiao Metropolitana,Tarcisio Bueno,Copo Descartavel 50ml - Fardo 6,Descartaveis,VENDA,2,10.13,63.92,52.9,14.15,1.51,4.25,-4.64
2025-03-25,2025-03,50507,Aurora Industria LTDA,Clinica,Regiao Metropolitana,Tarcisio Bueno,Cera Liquida Incolor 5L - Fardo 6,Quimicos,VENDA,1,3.3,40.71,21.98,12.16,0.9,3.65,5.67
2025-03-25,2025-03,50507,Aurora Industria LTDA,Clinica,Regiao Metropolitana,Tarcisio Bueno,papel higienico folha dupla 30m - fardo 12,Papel,VENDA,2,6.05,168.42,102.08,50.31,3.73,15.09,12.3
2025-03-26,2025-03,50513,Querencia Participacoes EIRELI,Mercado,Regiao Metropolitana,Tarcisio Bueno,Vassoura Nylon,Acessorios,VENDA,5,1.59,100.96,50.45,24.01,2.36,7.2,24.14
2025-03-26,2025-03,50515,Xavante Distribuidora LTDA ME,Clinica,Interior Sul,Rogerio Antunes,Borrifador 500ml - Fardo 12,Acessorios,VENDA,20,5.04,393.0,244.2,39.94,11.79,39.94,97.07
2025-03-27,2025-03,50531,Vitoria Distribuidora LTDA ME,Hotel,Interior Sul,Tarcisio Bueno,Avental PVC,EPI,VENDA,2,0.56,61.3,38.22,5.68,1.72,5.68,15.68
2025-03-28,2025-03,50535,Querencia Alimentos LTDA,Mercado,Interior Norte,Simone Klein,Alvejante 5L - Fardo 12,Quimicos,VENDA,3,3.69,93.17,51.03,26.72,2.61,8.01,12.81
2025-03-28,2025-03,50537,UNIAO ALIMENTOS LTDA ME,Restaurante,Litoral,Simone Klein,papel toalha rolo 100f - fardo 6,Papel,VENDA,1,0.98,61.6,30.81,27.46,1.48,8.23,1.85
2025-03-28,2025-03,50538,BOREAL SERVICOS LTDA ME,Escola,Regiao Metropolitana,Tarcisio Bueno,Detergente Neutro 5L - Pacote 100,Quimicos,VENDA,5,3.24,108.2,73.8,2.65,3.03,2.65,28.72
2025-03-28,2025-03,50538,BOREAL SERVICOS LTDA ME,Escola,Regiao Metropolitana,Tarcisio Bueno,Limpador Multiuso 5L - Fardo 6,Quimicos,VENDA,50,10.84,2290.5,1695.5,56.01,64.13,56.01,474.86
2025-03-31,2025-03,50542,Oriente Alimentos ME,Padaria,Interior Norte,Tarcisio Bueno,Saco Lixo 100L - Fardo 6,Descartaveis,VENDA,2,3.87,60.12,49.38,8.82,1.51,2.64,0.41
2025-03-31,2025-03,50542,Oriente Alimentos ME,Padaria,Interior Norte,Tarcisio Bueno,Sabao Liquido 5L - Fardo 12,Quimicos,VENDA,1,3.28,17.0,10.41,2.49,0.43,0.74,3.67
2025-03-31,2025-03,50544,Horizonte Distribuidora S/A,Condominio,Regiao Metropolitana,Rogerio Antunes,PRATO DESCARTAVEL 15CM - PACOTE 100,Descartaveis,VENDA,10,7.9,345.8,330.4,26.54,10.37,26.54,-21.51
2025-04-01,2025-04,50555,Serrano Servicos LTDA ME,Mercado,Interior Norte,Simone Klein,saco lixo 30l - fardo 6,Descartaveis,VENDA,20,4.84,312.08,258.4,46.69,9.78,14.01,-2.79
2025-04-01,2025-04,50555,Serrano Servicos LTDA ME,Mercado,Interior Norte,Simone Klein,Copo Descartavel 200ml,Descartaveis,VENDA,2,4.57,72.33,59.72,10.82,2.27,3.25,-0.48
2025-04-02,2025-04,50564,Serrano Servicos LTDA ME,Mercado,Interior Norte,Simone Klein,Bobina Papel Toalha 200m,Papel,VENDA,2,1.2,96.62,70.42,9.21,3.38,9.21,13.61
2025-04-02,2025-04,50564,Serrano Servicos LTDA ME,Mercado,Interior Norte,Simone Klein,papel toalha rolo 100f,Papel,VENDA,10,0.21,512.4,369.7,48.85,17.93,48.85,75.92
2025-04-03,2025-04,50568,Boreal Negocios ME,Padaria,Interior Norte,Rogerio Antunes,Luva Plastica Descartavel - Fardo 12,Descartaveis,VENDA,1,3.5,64.68,36.25,35.62,1.19,10.69,-8.38
2025-04-04,2025-04,50578,Uniao Negocios LTDA,Hotel,Interior Norte,Rogerio Antunes,Cera Liquida Incolor 5L - Fardo 6,Quimicos,VENDA,1,4.03,31.96,21.98,3.05,0.96,3.05,5.97
2025-04-07,2025-04,50582,Horizonte Distribuidora S/A,Condominio,Regiao Metropolitana,Rogerio Antunes,luva plastica descartavel - pacote 100,Descartaveis,VENDA,5,9.29,100.3,97.3,13.41,3.01,13.41,-13.42
2025-04-07,2025-04,50587,querencia negocios me,Restaurante,Litoral,Rogerio Antunes,Talher Descartavel Misto - Fardo 6,Descartaveis,VENDA,1,4.04,49.48,36.29,14.16,1.19,4.25,-2.16
2025-04-08,2025-04,50591,Oriente Negocios ME,Restaurante,Interior Sul,Rogerio Antunes,Papel Higienico Rolao 300m - Fardo 12,Papel,VENDA,50,7.91,2853.5,2231.0,42.56,85.6,42.56,494.34
2025-04-08,2025-04,50592,Horizonte Distribuidora S/A,Condominio,Regiao Metropolitana,Rogerio Antunes,Cera Liquida Incolor 5L - Fardo 6,Quimicos,VENDA,5,0.98,297.24,176.1,47.2,7.93,14.16,66.01
2025-04-08,2025-04,50596,horizonte distribuidora me,Condominio,Regiao Metropolitana,Rogerio Antunes,Removedor 1L - Fardo 6,Quimicos,VENDA,3,0.09,51.89,29.79,9.68,1.35,2.91,11.07
2025-04-08,2025-04,50596,horizonte distribuidora me,Condominio,Regiao Metropolitana,Rogerio Antunes,Cera Liquida Incolor 5L - Fardo 6,Quimicos,VENDA,3,0.0,184.12,105.66,34.33,4.8,10.29,39.33
2025-04-08,2025-04,50597,Aurora Alimentos S/A,Escola,Litoral,Simone Klein,Pano Multiuso - Caixa 24,Acessorios,VENDA,3,6.03,87.69,38.91,36.77,2.17,11.03,9.84
2025-04-09,2025-04,50600,Xavante Servicos EIRELI,Padaria,Litoral,Rogerio Antunes,Prato Descartavel 15cm - Caixa 24,Descartaveis,VENDA,10,12.44,192.7,193.7,23.81,5.78,23.81,-30.59
2025-04-09,2025-04,50601,Xavante Negocios ME,Hotel,Regiao Metropolitana,Simone Klein,Bota PVC - Fardo 12,EPI,VENDA,10,0.43,291.3,181.4,18.67,10.2,18.67,81.03
2025-04-09,2025-04,50601,Xavante Negocios ME,Hotel,Regiao Metropolitana,Simone Klein,Detergente Neutro 5L,Quimicos,VENDA,3,2.32,147.45,99.63,9.45,5.16,9.45,33.21
2025-04-16,2025-04,50637,Vitoria Distribuidora LTDA ME,Hotel,Interior Sul,Tarcisio Bueno,sabao liquido 5l - pacote 100,Quimicos,VENDA,1,3.93,37.73,22.9,6.28,0.93,1.89,7.62
2025-04-16,2025-04,50637,Vitoria Distribuidora LTDA ME,Hotel,Interior Sul,Tarcisio Bueno,SACO LIXO 60L - CAIXA 24,Descartaveis,VENDA,1,9.22,11.69,10.01,1.94,0.29,0.58,-0.55
2025-04-18,2025-04,50653,missoes empreendimentos me,Clinica,Regiao Metropolitana,Rogerio Antunes,Alcool 70 1L,Quimicos,VENDA,2,3.67,126.63,80.02,14.04,3.5,4.21,29.07
2025-04-23,2025-04,50674,Guarani Servicos S/A,Restaurante,Regiao Metropolitana,Simone Klein,Papel Higienico Folha Dupla 30m - Fardo 12,Papel,VENDA,5,1.68,126.2,92.4,8.94,4.42,8.94,20.44
2025-04-25,2025-04,50679,Horizonte Negocios EIRELI,Escola,Litoral,Simone Klein,SABAO LIQUIDO 5L - FARDO 6,Quimicos,VENDA,3,3.62,142.77,84.03,28.67,4.29,8.6,25.78
2025-04-25,2025-04,50679,Horizonte Negocios EIRELI,Escola,Litoral,Simone Klein,Papel Toalha Interfolha 1000f - Caixa 24,Papel,VENDA,2,8.47,148.05,100.1,29.73,4.45,8.92,13.77
2025-04-25,2025-04,50681,Boreal Comercio EIRELI,Mercado,Interior Sul,Simone Klein,Luva Plastica Descartavel - Fardo 6,Descartaveis,VENDA,10,4.3,165.8,152.5,17.39,5.8,17.39,-9.89
2025-04-25,2025-04,50681,Boreal Comercio EIRELI,Mercado,Interior Sul,Simone Klein,sabao liquido 5l - pacote 100,Quimicos,VENDA,5,4.17,166.25,114.5,17.43,5.82,17.43,28.5
2025-04-26,2025-04,50685,Zenite Servicos EIRELI,Industria,Interior Sul,Tarcisio Bueno,Papel Toalha Rolo 100f - Fardo 6,Papel,VENDA,5,2.21,441.3,324.9,20.19,12.36,20.19,83.85
2025-04-30,2025-04,50700,Nortao Alimentos S/A,Escola,Interior Norte,Simone Klein,Embalagem Delivery 750ml - Fardo 6,Descartaveis,VENDA,2,4.24,51.7,31.18,25.37,1.19,7.61,-6.04
2025-05-01,2025-05,50703,Rio Claro Negocios LTDA,Restaurante,Regiao Metropolitana,Simone Klein,Avental PVC - Pacote 100,EPI,VENDA,2,0.7,25.22,13.38,5.42,0.75,1.62,5.67
2025-05-01,2025-05,50709,Zenite Industria LTDA,Mercado,Litoral,Simone Klein,Marmitex Aluminio 800ml - Pacote 100,Descartaveis,VENDA,10,12.99,274.2,277.3,40.81,9.6,40.81,-53.51
2025-05-02,2025-05,50712,Uniao Servicos LTDA,Industria,Interior Sul,Tarcisio Bueno,SACO LIXO 60L - PACOTE 100,Descartaveis,VENDA,5,1.43,95.26,66.65,29.45,2.09,8.84,-2.93
2025-05-02,2025-05,50714,TREVO ALIMENTOS S/A,Mercado,Interior Norte,Rogerio Antunes,Prato Descartavel 15cm,Descartaveis,VENDA,2,3.64,76.92,56.02,22.25,1.84,6.67,-3.19
2025-05-05,2025-05,50723,Xavante Servicos EIRELI,Padaria,Litoral,Rogerio Antunes,saco lixo 100l - fardo 12,Descartaveis,VENDA,1,10.05,39.76,29.52,13.69,0.91,4.11,-4.36
2025-05-06,2025-05,50734,Vitoria Distribuidora LTDA ME,Hotel,Interior Sul,Tarcisio Bueno,removedor 1l - pacote 100,Quimicos,VENDA,1,3.88,25.78,17.7,2.42,0.72,2.42,4.94
2025-05-07,2025-05,50736,Boreal Participacoes EIRELI,Clinica,Litoral,Rogerio Antunes,papel toalha rolo 100f,Papel,VENDA,2,8.81,123.21,73.94,42.21,2.81,12.66,4.25
2025-05-07,2025-05,50741,Luminar Alimentos S/A,Restaurante,Interior Sul,Rogerio Antunes,Bota PVC - Fardo 12,EPI,VENDA,1,1.54,39.51,18.14,15.29,0.86,4.59,5.22
2025-05-08,2025-05,50751,Horizonte Distribuidora S/A,Condominio,Regiao Metropolitana,Rogerio Antunes,Sabao Liquido 5L - Fardo 12,Quimicos,VENDA,2,4.0,37.62,20.82,10.48,0.91,3.14,5.41
2025-05-14,2025-05,50779,querencia negocios me,Restaurante,Litoral,Rogerio Antunes,Limpa Vidros 500ml,Quimicos,VENDA,2,0.96,54.58,36.36,3.23,1.64,3.23,13.35
2025-05-14,2025-05,50784,Bandeirante Comercio ME,Condominio,Litoral,Rogerio Antunes,Limpa Vidros 500ml,Quimicos,VENDA,50,4.5,1315.5,909.0,33.29,39.46,33.29,333.75
2025-05-20,2025-05,50801,Serrano Servicos LTDA ME,Mercado,Interior Norte,Simone Klein,papel toalha rolo 100f,Papel,VENDA,1,1.64,72.47,36.97,31.38,1.77,9.42,2.35
2025-05-21,2025-05,50805,Vitoria Comercio LTDA,Industria,Interior Sul,Simone Klein,Papel Toalha Interfolha 1000f,Papel,VENDA,3,0.55,86.7,62.76,9.47,3.03,9.47,11.44
2025-05-21,2025-05,50805,Vitoria Comercio LTDA,Industria,Interior Sul,Simone Klein,Talher Descartavel Misto - Fardo 6,Descartaveis,VENDA,1,2.42,40.24,36.29,4.4,1.41,4.4,-1.86
2025-05-22,2025-05,50812,Xavante Industria EIRELI,Escola,Regiao Metropolitana,Tarcisio Bueno,pano multiuso - caixa 24,Acessorios,VENDA,1,5.62,30.53,15.42,8.37,0.69,2.51,6.05
2025-05-23,2025-05,50819,Central Negocios LTDA ME,Clinica,Interior Sul,Simone Klein,Oculos Protecao - Fardo 6,EPI,VENDA,1,2.29,13.69,7.71,2.19,0.43,0.66,3.36
2025-05-23,2025-05,50822,Luminar Alimentos S/A,Restaurante,Interior Sul,Rogerio Antunes,Talher Descartavel Misto - Caixa 24,Descartaveis,VENDA,3,0.81,122.76,93.99,24.04,3.18,7.21,1.55
2025-05-23,2025-05,50822,Luminar Alimentos S/A,Restaurante,Interior Sul,Rogerio Antunes,Guardanapo 24x24 - Caixa 24,Papel,VENDA,2,6.63,146.99,97.8,28.78,3.81,8.63,16.6
2025-05-24,2025-05,50823,Nortao Alimentos S/A,Escola,Interior Norte,Simone Klein,Copo Descartavel 50ml,Descartaveis,VENDA,5,6.86,201.86,162.75,42.3,6.03,12.69,-9.22
2025-05-24,2025-05,50824,Zenite Participacoes ME,Padaria,Interior Norte,Simone Klein,Alvejante 5L,Quimicos,VENDA,3,3.79,193.55,124.92,16.35,6.37,4.9,45.91
2025-05-26,2025-05,50829,Xavante Distribuidora LTDA ME,Clinica,Interior Sul,Rogerio Antunes,Papel Higienico Folha Dupla 30m - Fardo 12,Papel,VENDA,10,3.78,247.0,184.8,39.87,7.41,39.87,14.92
2025-05-27,2025-05,50837,Serrano Servicos LTDA ME,Mercado,Interior Norte,Simone Klein,Alvejante 5L - Caixa 24,Quimicos,VENDA,5,3.78,296.83,189.0,30.4,9.64,9.12,67.79
2025-05-27,2025-05,50844,Rio Claro Servicos S/A,Industria,Interior Norte,Rogerio Antunes,Esponja Dupla Face - Caixa 24,Acessorios,VENDA,2,0.48,104.22,53.48,20.02,2.71,6.0,28.01
2025-05-27,2025-05,50844,Rio Claro Servicos S/A,Industria,Interior Norte,Rogerio Antunes,escova sanitaria,Acessorios,VENDA,2,1.84,100.64,52.36,19.34,2.61,5.8,26.33
2025-05-28,2025-05,50850,Horizonte Negocios EIRELI,Escola,Litoral,Simone Klein,SACO LIXO 60L,Descartaveis,VENDA,5,10.61,49.31,32.5,23.23,1.16,6.97,-7.58
2025-05-28,2025-05,50852,Serrano Servicos LTDA ME,Mercado,Interior Norte,Simone Klein,Prato Descartavel 15cm - Caixa 24,Descartaveis,VENDA,5,9.05,159.3,154.15,12.95,5.58,12.95,-13.38
2025-05-28,2025-05,50853,Rio Claro Servicos S/A,Industria,Interior Norte,Rogerio Antunes,Alvejante 5L - Fardo 6,Quimicos,VENDA,5,0.38,129.76,78.95,15.16,3.57,4.55,32.08
2025-05-29,2025-05,50856,Vitoria Distribuidora LTDA ME,Hotel,Interior Sul,Tarcisio Bueno,Sabao Liquido 5L - Fardo 12,Quimicos,VENDA,20,5.7,314.12,208.2,23.88,8.33,7.16,73.71
2025-05-29,2025-05,50859,Horizonte Distribuidora S/A,Condominio,Regiao Metropolitana,Rogerio Antunes,Alcool 70 1L - Caixa 24,Quimicos,VENDA,2,2.46,42.19,24.9,7.71,1.1,2.32,8.48
2025-05-29,2025-05,50859,Horizonte Distribuidora S/A,Condominio,Regiao Metropolitana,Rogerio Antunes,Detergente Neutro 5L - Pacote 100,Quimicos,VENDA,1,0.95,25.4,14.76,4.64,0.66,1.39,5.34
2025-05-30,2025-05,50863,Imperial Servicos S/A,Clinica,Regiao Metropolitana,Rogerio Antunes,Saco Lixo 30L - Fardo 6,Descartaveis,VENDA,2,10.44,60.33,50.98,12.05,1.56,3.62,-4.26
2025-06-03,2025-06,50875,querencia negocios me,Restaurante,Litoral,Rogerio Antunes,BORRIFADOR 500ML - FARDO 12,Acessorios,VENDA,5,0.93,147.0,87.55,19.61,4.41,19.61,35.43
2025-06-03,2025-06,50875,querencia negocios me,Restaurante,Litoral,Rogerio Antunes,Copo Descartavel 200ml,Descartaveis,VENDA,5,9.66,153.25,149.3,20.45,4.6,20.45,-21.1
2025-06-03,2025-06,50880,Uniao Servicos LTDA,Industria,Interior Sul,Tarcisio Bueno,papel higienico rolao 300m - fardo 6,Papel,VENDA,10,13.92,733.6,613.6,63.34,20.54,63.34,36.12
2025-06-04,2025-06,50881,Pampa Alimentos ME,Padaria,Regiao Metropolitana,Rogerio Antunes,Saco Lixo 60L - Fardo 6,Descartaveis,VENDA,2,10.62,20.07,16.78,4.34,0.51,1.31,-1.56
2025-06-04,2025-06,50881,Pampa Alimentos ME,Padaria,Regiao Metropolitana,Rogerio Antunes,Papel Toalha Interfolha 1000f,Papel,VENDA,2,1.7,67.32,41.84,14.54,1.71,4.36,9.23
2025-06-04,2025-06,50882,Serrano Servicos LTDA ME,Mercado,Interior Norte,Simone Klein,Saco Lixo 60L - Fardo 6,Descartaveis,VENDA,1,8.0,8.77,8.39,0.95,0.31,0.95,-0.88
2025-06-05,2025-06,50889,Pampa Participacoes ME,Padaria,Interior Norte,Tarcisio Bueno,Avental PVC - Fardo 6,EPI,VENDA,5,2.5,58.72,22.55,33.25,0.99,9.98,1.93
2025-06-05,2025-06,50890,Vitoria Distribuidora LTDA ME,Hotel,Interior Sul,Tarcisio Bueno,Saco Lixo 100L - Pacote 100,Descartaveis,VENDA,1,4.68,17.24,15.92,2.65,0.48,2.65,-1.81
2025-06-05,2025-06,50892,Serrano Servicos LTDA ME,Mercado,Interior Norte,Simone Klein,Vassoura Nylon - Pacote 100,Acessorios,VENDA,3,3.39,90.73,45.48,23.25,2.61,6.98,19.39
2025-06-05,2025-06,50892,Serrano Servicos LTDA ME,Mercado,Interior Norte,Simone Klein,Saco Lixo 60L - Fardo 6,Descartaveis,VENDA,2,8.92,21.15,16.78,5.42,0.61,1.63,-1.66
2025-06-05,2025-06,50893,Vitoria Distribuidora LTDA ME,Hotel,Interior Sul,Tarcisio Bueno,Papel Toalha Interfolha 1000f - Pacote 100,Papel,DEVOLUCAO,-2,4.97,-152.4,-115.46,18.63,-4.27,18.63,-51.3
2025-06-06,2025-06,50898,Uniao Servicos LTDA,Industria,Interior Sul,Tarcisio Bueno,SABAO LIQUIDO 5L - FARDO 6,Quimicos,VENDA,1,2.72,50.89,28.01,13.72,1.16,4.12,8.0
2025-06-09,2025-06,50908,Estrela Servicos LTDA,Escola,Litoral,Tarcisio Bueno,Cera Liquida Incolor 5L - Fardo 6,Quimicos,VENDA,10,2.12,325.9,219.8,9.39,9.13,9.39,87.58
2025-06-10,2025-06,50913,Zenite Participacoes ME,Padaria,Interior Norte,Simone Klein,Talher Descartavel Misto - Fardo 6,Descartaveis,VENDA,2,6.58,77.06,72.58,6.54,2.7,6.54,-4.76
2025-06-11,2025-06,50917,BOREAL SERVICOS LTDA ME,Escola,Regiao Metropolitana,Tarcisio Bueno,Marmitex Aluminio 800ml - Caixa 24,Descartaveis,VENDA,5,4.13,214.66,171.75,39.38,5.24,11.82,-1.71
2025-06-17,2025-06,50950,Rio Claro Servicos EIRELI,Mercado,Interior Norte,Tarcisio Bueno,Embalagem Delivery 750ml - Pacote 100,Descartaveis,VENDA,2,7.25,38.68,21.98,22.17,0.65,6.65,-6.12
2025-06-19,2025-06,50964,Boreal Negocios ME,Padaria,Interior Norte,Rogerio Antunes,Cera Liquida Incolor 5L - Fardo 6,Quimicos,VENDA,20,3.36,694.8,474.6,36.29,20.84,36.29,163.07
2025-06-20,2025-06,50969,Serrano Servicos LTDA ME,Mercado,Interior Norte,Simone Klein,ALCOOL 70 1L - FARDO 6,Quimicos,VENDA,2,1.44,137.52,83.9,17.48,4.38,5.24,31.76
2025-06-26,2025-06,50995,Horizonte Distribuidora S/A,Condominio,Regiao Metropolitana,Rogerio Antunes,Avental PVC - Pacote 100,EPI,VENDA,5,2.63,58.12,33.45,7.96,1.58,2.39,15.13
2025-07-01,2025-07,51014,Luminar Alimentos S/A,Restaurante,Interior Sul,Rogerio Antunes,Limpa Vidros 500ml - Fardo 12,Quimicos,VENDA,5,6.61,235.15,166.2,24.86,7.05,24.86,37.04
2025-07-02,2025-07,51027,Rio Claro Servicos S/A,Industria,Interior Norte,Rogerio Antunes,Bobina Papel Toalha 200m - Fardo 6,Papel,VENDA,2,3.16,54.5,40.52,3.48,1.64,3.48,8.86
2025-07-03,2025-07,51034,Querencia Negocios LTDA,Industria,Interior Norte,Simone Klein,Saco Lixo 60L - Fardo 6,Descartaveis,VENDA,1,13.83,8.21,8.39,0.29,0.29,0.29,-0.76
2025-07-04,2025-07,51036,Nortao Alimentos S/A,Escola,Interior Norte,Simone Klein,Alvejante 5L - Fardo 12,Quimicos,VENDA,3,0.27,86.23,51.03,13.04,2.7,3.91,19.46
2025-07-05,2025-07,51039,UNIAO ALIMENTOS LTDA ME,Restaurante,Litoral,Simone Klein,Papel Toalha Rolo 100f - Fardo 6,Papel,VENDA,2,1.74,211.22,129.96,48.37,6.21,14.51,26.68
2025-07-07,2025-07,51042,Serrano Servicos LTDA ME,Mercado,Interior Norte,Simone Klein,Balde 20L,Acessorios,VENDA,1,1.52,49.82,22.67,17.11,1.32,5.13,8.72
2025-07-08,2025-07,51046,BOREAL SERVICOS LTDA ME,Escola,Regiao Metropolitana,Tarcisio Bueno,Talher Descartavel Misto - Pacote 100,Descartaveis,VENDA,3,7.62,113.26,78.93,43.42,2.32,13.02,-11.41
2025-07-08,2025-07,51047,Boreal Negocios ME,Padaria,Interior Norte,Rogerio Antunes,BOTA PVC - FARDO 6,EPI,VENDA,3,1.03,31.26,13.23,14.49,0.63,4.35,2.91
2025-07-08,2025-07,51048,Uniao Negocios LTDA,Hotel,Interior Norte,Rogerio Antunes,Limpador Multiuso 5L,Quimicos,VENDA,5,0.66,220.75,146.65,14.23,6.62,14.23,53.25
2025-07-15,2025-07,51074,Oriente Participacoes LTDA,Clinica,Regiao Metropolitana,Simone Klein,Cera Liquida Incolor 5L - Fardo 6,Quimicos,VENDA,2,3.68,76.6,47.46,10.48,2.42,3.14,16.24
2025-07-15,2025-07,51074,Oriente Participacoes LTDA,Clinica,Regiao Metropolitana,Simone Klein,Alcool 70 1L - Caixa 24,Quimicos,VENDA,5,3.04,221.14,136.1,30.27,7.0,9.08,47.77
2025-07-16,2025-07,51077,Imperial Empreendimentos EIRELI,Padaria,Litoral,Rogerio Antunes,Alcool 70 1L,Quimicos,VENDA,5,3.49,292.5,200.05,35.97,8.78,35.97,47.71
2025-07-16,2025-07,51079,Jangada Empreendimentos ME,Condominio,Litoral,Rogerio Antunes,Avental PVC - Pacote 100,EPI,VENDA,3,1.37,86.61,45.12,21.18,2.15,6.36,18.16
2025-07-17,2025-07,51084,Trevo Alimentos EIRELI,Condominio,Interior Norte,Simone Klein,Balde 20L - Pacote 100,Acessorios,VENDA,5,3.04,163.9,99.75,5.31,5.74,5.31,53.1
2025-07-17,2025-07,51087,Serrano Servicos LTDA ME,Mercado,Interior Norte,Simone Klein,Talher Descartavel Misto - Fardo 6,Descartaveis,VENDA,50,15.77,1737.0,1814.5,59.1,60.8,59.1,-197.4
2025-07-17,2025-07,51089,Nortao Alimentos S/A,Escola,Interior Norte,Simone Klein,Papel Higienico Rolao 300m - Fardo 12,Papel,VENDA,1,4.89,70.19,44.62,16.07,2.06,4.82,7.44
2025-07-17,2025-07,51090,Xavante Servicos EIRELI,Padaria,Litoral,Rogerio Antunes,Mascara Descartavel - Fardo 12,EPI,VENDA,2,3.04,47.37,23.4,15.38,1.1,4.61,7.49
2025-07-18,2025-07,51095,Estrela Industria EIRELI,Clinica,Interior Norte,Rogerio Antunes,BORRIFADOR 500ML - FARDO 12,Acessorios,VENDA,3,2.08,157.36,86.16,20.5,4.29,6.15,46.41
2025-07-18,2025-07,51099,Boreal Participacoes EIRELI,Clinica,Litoral,Rogerio Antunes,Limpa Vidros 500ml,Quimicos,VENDA,1,6.89,25.65,18.18,1.4,0.77,1.4,5.3
2025-07-18,2025-07,51099,Boreal Participacoes EIRELI,Clinica,Litoral,Rogerio Antunes,Copo Descartavel 200ml - Fardo 12,Descartaveis,VENDA,5,12.69,86.85,87.55,4.73,2.61,4.73,-8.04
2025-07-21,2025-07,51104,Pampa Alimentos ME,Padaria,Regiao Metropolitana,Rogerio Antunes,Marmitex Aluminio 800ml - Caixa 24,Descartaveis,VENDA,2,13.39,99.66,68.7,45.8,2.03,13.74,-16.87
2025-07-22,2025-07,51111,Querencia Participacoes EIRELI,Mercado,Regiao Metropolitana,Tarcisio Bueno,Limpa Vidros 500ml - Caixa 24,Quimicos,VENDA,20,4.17,731.2,503.6,69.91,20.47,69.91,137.22
2025-07-22,2025-07,51111,Querencia Participacoes EIRELI,Mercado,Regiao Metropolitana,Tarcisio Bueno,Limpa Vidros 500ml - Fardo 12,Quimicos,VENDA,2,0.05,100.66,66.48,9.62,2.82,9.62,21.74
2025-07-23,2025-07,51120,Horizonte Negocios LTDA ME,Mercado,Litoral,Simone Klein,Limpador Multiuso 5L,Quimicos,VENDA,1,3.32,47.59,29.33,6.61,1.5,1.98,10.15
2025-07-25,2025-07,51134,BOREAL SERVICOS LTDA ME,Escola,Regiao Metropolitana,Tarcisio Bueno,Prato Descartavel 15cm,Descartaveis,VENDA,1,10.7,35.26,28.01,9.77,0.8,2.93,-3.32
2025-07-25,2025-07,51134,BOREAL SERVICOS LTDA ME,Escola,Regiao Metropolitana,Tarcisio Bueno,Talher Descartavel Misto - Pacote 100,Descartaveis,VENDA,3,10.75,99.33,78.93,27.51,2.24,8.25,-9.35
2025-07-30,2025-07,51159,TREVO ALIMENTOS S/A,Mercado,Interior Norte,Rogerio Antunes,papel toalha rolo 100f - fardo 6,Papel,VENDA,3,2.51,125.16,92.43,15.7,3.75,15.7,13.28
2025-07-30,2025-07,51160,Pampa Alimentos ME,Padaria,Regiao Metropolitana,Rogerio Antunes,papel toalha rolo 100f - fardo 6,Papel,VENDA,1,8.06,39.34,30.81,2.67,1.18,2.67,4.68
2025-07-30,2025-07,51160,Pampa Alimentos ME,Padaria,Regiao Metropolitana,Rogerio Antunes,Copo Descartavel 200ml,Descartaveis,VENDA,2,0.47,67.54,59.72,4.58,2.03,4.58,1.21
2025-07-30,2025-07,51161,Trevo Comercio LTDA,Restaurante,Interior Norte,Simone Klein,papel higienico folha dupla 30m - fardo 12,Papel,VENDA,1,8.46,75.98,51.04,15.85,2.27,4.76,6.82
2025-07-30,2025-07,51163,Serrano Servicos LTDA ME,Mercado,Interior Norte,Simone Klein,Desinfetante Lavanda 5L - Pacote 100,Quimicos,VENDA,2,1.11,123.76,74.92,16.43,3.93,4.93,28.48
2025-08-01,2025-08,51170,Serrano Alimentos EIRELI,Padaria,Regiao Metropolitana,Simone Klein,Saco Lixo 100L - Pacote 100,Descartaveis,VENDA,2,4.38,34.6,31.84,2.42,1.21,2.42,-0.87
2025-08-01,2025-08,51170,Serrano Alimentos EIRELI,Padaria,Regiao Metropolitana,Simone Klein,Luva Latex - Fardo 12,EPI,VENDA,2,2.05,19.34,12.24,1.35,0.68,1.35,5.07
2025-08-04,2025-08,51180,Estrela Comercio S/A,Restaurante,Interior Sul,Rogerio Antunes,Papel Toalha Interfolha 1000f - Caixa 24,Papel,VENDA,5,3.76,229.3,171.55,27.58,6.88,27.58,23.29
2025-08-04,2025-08,51180,Estrela Comercio S/A,Restaurante,Interior Sul,Rogerio Antunes,Copo Descartavel 50ml - Fardo 6,Descartaveis,VENDA,10,2.08,294.3,264.5,35.39,8.83,35.39,-14.42
2025-08-06,2025-08,51188,Querencia Negocios LTDA,Industria,Interior Norte,Simone Klein,Mop Umido - Caixa 24,Acessorios,VENDA,10,6.4,274.41,157.9,34.16,8.77,10.25,73.58
2025-08-06,2025-08,51190,Querencia Distribuidora LTDA ME,Padaria,Interior Norte,Rogerio Antunes,COPO DESCARTAVEL 200ML - FARDO 6,Descartaveis,VENDA,10,9.92,241.8,236.2,18.93,7.25,18.93,-20.58
2025-08-08,2025-08,51202,Trevo Alimentos EIRELI,Condominio,Interior Norte,Simone Klein,Copo Descartavel 50ml,Descartaveis,VENDA,2,7.29,97.88,65.1,41.85,2.4,12.55,-11.47
2025-08-09,2025-08,51203,Uniao Negocios LTDA,Hotel,Interior Norte,Rogerio Antunes,Esponja Dupla Face - Caixa 24,Acessorios,VENDA,10,1.64,322.44,172.7,49.35,8.64,14.81,91.75
2025-08-12,2025-08,51209,Oriente Alimentos ME,Padaria,Interior Norte,Tarcisio Bueno,Papel Higienico Folha Dupla 30m,Papel,VENDA,10,3.47,242.3,180.7,25.39,6.78,25.39,29.43
2025-08-13,2025-08,51215,Jangada Comercio ME,Padaria,Regiao Metropolitana,Simone Klein,papel toalha rolo 100f,Papel,VENDA,1,1.58,50.54,36.97,4.97,1.77,4.97,6.83
2025-08-13,2025-08,51215,Jangada Comercio ME,Padaria,Regiao Metropolitana,Simone Klein,Desengordurante 5L,Quimicos,VENDA,2,2.89,99.84,67.86,9.81,3.49,9.81,18.68
2025-08-15,2025-08,51226,BOREAL SERVICOS LTDA ME,Escola,Regiao Metropolitana,Tarcisio Bueno,Papel Higienico Folha Dupla 30m - Fardo 12,Papel,VENDA,2,6.24,153.29,100.92,31.24,3.68,9.37,17.45
2025-08-15,2025-08,51227,Serrano Servicos LTDA ME,Mercado,Interior Norte,Simone Klein,Pano Multiuso - Fardo 6,Acessorios,VENDA,5,3.4,34.4,21.0,3.63,1.2,3.63,8.57
2025-08-15,2025-08,51227,Serrano Servicos LTDA ME,Mercado,Interior Norte,Simone Klein,Bobina Papel Toalha 200m,Papel,VENDA,10,2.95,474.6,352.1,50.03,16.61,50.03,55.86
2025-08-18,2025-08,51231,BOREAL SERVICOS LTDA ME,Escola,Regiao Metropolitana,Tarcisio Bueno,DESINFETANTE LAVANDA 5L - PACOTE 100,Quimicos,VENDA,1,5.6,71.78,41.09,18.59,1.65,5.58,10.45
2025-08-18,2025-08,51232,Pampa Alimentos ME,Padaria,Regiao Metropolitana,Rogerio Antunes,Esponja Dupla Face - Caixa 24,Acessorios,VENDA,2,4.85,86.24,53.48,10.85,2.59,10.85,19.32
2025-08-18,2025-08,51233,Oriente Participacoes LTDA,Clinica,Regiao Metropolitana,Simone Klein,SACO LIXO 60L - CAIXA 24,Descartaveis,VENDA,5,2.61,64.84,50.05,13.49,1.94,4.05,-0.64
2025-08-18,2025-08,51237,Xavante Industria EIRELI,Escola,Regiao Metropolitana,Tarcisio Bueno,BORRIFADOR 500ML - FARDO 12,Acessorios,VENDA,3,3.79,103.28,52.53,25.15,2.4,7.55,23.2
2025-08-19,2025-08,51239,Querencia Participacoes EIRELI,Mercado,Regiao Metropolitana,Tarcisio Bueno,Talher Descartavel Misto - Pacote 100,Descartaveis,VENDA,5,14.37,141.56,131.55,19.37,3.58,5.81,-12.94
2025-08-19,2025-08,51243,Trevo Alimentos EIRELI,Condominio,Interior Norte,Simone Klein,Avental PVC - Pacote 100,EPI,VENDA,2,4.5,53.9,30.08,10.8,1.62,3.24,11.4
2025-08-19,2025-08,51245,Querencia Negocios LTDA,Industria,Interior Norte,Simone Klein,Guardanapo 24x24 - Caixa 24,Papel,VENDA,1,5.42,77.96,45.97,25.09,2.11,7.52,4.79
2025-08-20,2025-08,51250,Luminar Participacoes LTDA,Condominio,Litoral,Simone Klein,Copo Descartavel 50ml,Descartaveis,VENDA,2,4.9,79.23,65.1,12.67,2.46,3.8,-1.0
2025-08-20,2025-08,51252,Pampa Alimentos ME,Padaria,Regiao Metropolitana,Rogerio Antunes,Desengordurante 5L,Quimicos,VENDA,1,3.13,49.8,33.93,2.67,1.49,2.67,11.71
2025-08-20,2025-08,51254,Horizonte Distribuidora S/A,Condominio,Regiao Metropolitana,Rogerio Antunes,papel toalha rolo 100f,Papel,VENDA,3,3.13,171.96,110.91,32.49,4.48,9.75,24.08
2025-08-20,2025-08,51255,Imperial Distribuidora S/A,Clinica,Interior Norte,Rogerio Antunes,Papel Higienico Rolao 300m - Fardo 12,Papel,VENDA,3,2.06,254.4,187.02,29.02,7.63,29.02,30.73
2025-08-22,2025-08,51263,Nortao Alimentos S/A,Escola,Interior Norte,Simone Klein,Papel Toalha Rolo 100f - Pacote 100,Papel,VENDA,3,4.48,218.46,164.67,31.41,7.65,31.41,14.73
2025-08-22,2025-08,51264,Querencia Participacoes EIRELI,Mercado,Regiao Metropolitana,Tarcisio Bueno,Prato Descartavel 15cm,Descartaveis,VENDA,10,5.23,337.73,280.1,51.47,8.45,15.44,-2.29
2025-08-22,2025-08,51264,Querencia Participacoes EIRELI,Mercado,Regiao Metropolitana,Tarcisio Bueno,Mascara Descartavel - Fardo 12,EPI,VENDA,1,0.75,20.97,11.7,3.2,0.52,0.96,5.55
2025-08-23,2025-08,51268,Oriente Participacoes LTDA,Clinica,Regiao Metropolitana,Simone Klein,papel toalha rolo 100f,Papel,VENDA,5,0.14,283.39,184.85,38.56,8.97,11.57,51.01
2025-08-25,2025-08,51279,Serrano Servicos LTDA ME,Mercado,Interior Norte,Simone Klein,Limpador Multiuso 5L,Quimicos,VENDA,1,1.71,48.13,29.33,6.35,1.53,1.9,10.92
2025-08-26,2025-08,51283,BOREAL SERVICOS LTDA ME,Escola,Regiao Metropolitana,Tarcisio Bueno,Esponja Dupla Face - Fardo 6,Acessorios,VENDA,20,6.1,627.4,394.2,41.65,17.57,41.65,173.98
2025-08-27,2025-08,51286,Serrano Servicos LTDA ME,Mercado,Interior Norte,Simone Klein,Limpador Multiuso 5L - Fardo 6,Quimicos,VENDA,10,3.0,498.4,339.1,36.67,17.44,36.67,105.19
2025-08-29,2025-08,51298,Boreal Negocios ME,Padaria,Interior Norte,Rogerio Antunes,Detergente Neutro 5L - Pacote 100,Quimicos,VENDA,5,1.33,110.3,73.8,11.94,3.31,11.94,21.25
2025-08-29,2025-08,51299,Luminar Participacoes LTDA,Condominio,Litoral,Simone Klein,Papel Toalha Interfolha 1000f,Papel,VENDA,1,3.59,31.82,20.92,5.43,0.98,1.63,4.49
2025-08-29,2025-08,51302,Central Alimentos LTDA ME,Clinica,Litoral,Tarcisio Bueno,Rodo 40cm - Pacote 100,Acessorios,VENDA,2,2.87,41.02,24.92,5.64,1.15,5.64,9.31
2025-08-29,2025-08,51303,Trevo Empreendimentos LTDA,Padaria,Interior Norte,Rogerio Antunes,Alcool 70 1L - Caixa 24,Quimicos,VENDA,3,1.83,189.82,113.7,29.59,5.07,8.88,41.46
2025-08-29,2025-08,51303,Trevo Empreendimentos LTDA,Padaria,Interior Norte,Rogerio Antunes,Marmitex Aluminio 800ml - Caixa 24,Descartaveis,VENDA,2,10.87,78.1,68.7,12.17,2.09,3.65,-4.86
2025-08-29,2025-08,51305,Boreal Negocios ME,Padaria,Interior Norte,Rogerio Antunes,Luva Plastica Descartavel - Fardo 6,Descartaveis,VENDA,5,7.95,89.76,76.25,14.3,2.39,4.29,-3.18
2025-09-01,2025-09,51307,Querencia Participacoes EIRELI,Mercado,Regiao Metropolitana,Tarcisio Bueno,Guardanapo 24x24 - Caixa 24,Papel,VENDA,10,1.45,669.4,489.0,47.16,18.74,47.16,114.5
2025-09-01,2025-09,51311,Vitoria Distribuidora LTDA ME,Hotel,Interior Sul,Tarcisio Bueno,Removedor 1L - Fardo 6,Quimicos,VENDA,2,2.79,29.26,19.86,5.25,0.82,5.25,3.33
2025-09-03,2025-09,51326,Pampa Alimentos ME,Padaria,Regiao Metropolitana,Rogerio Antunes,Copo Descartavel 50ml - Fardo 6,Descartaveis,VENDA,1,4.2,28.8,26.45,4.45,0.86,4.45,-2.96
2025-09-03,2025-09,51328,Nortao Alimentos S/A,Escola,Interior Norte,Simone Klein,Vassoura Nylon - Pacote 100,Acessorios,VENDA,5,1.39,160.59,75.8,48.48,4.43,14.54,31.88
2025-09-03,2025-09,51328,Nortao Alimentos S/A,Escola,Interior Norte,Simone Klein,MASCARA DESCARTAVEL - CAIXA 24,EPI,VENDA,2,1.92,53.03,26.44,16.01,1.46,4.8,9.12
2025-09-03,2025-09,51332,BOREAL SERVICOS LTDA ME,Escola,Regiao Metropolitana,Tarcisio Bueno,PAPEL HIGIENICO ROLAO 300M,Papel,VENDA,5,8.26,100.73,62.7,29.76,2.24,8.93,6.03
2025-09-04,2025-09,51336,Rio Claro Servicos S/A,Industria,Interior Norte,Rogerio Antunes,Rodo 40cm - Pacote 100,Acessorios,VENDA,5,1.91,126.95,62.3,33.36,3.11,10.01,28.18
2025-09-04,2025-09,51339,Pampa Alimentos ME,Padaria,Regiao Metropolitana,Rogerio Antunes,Cera Liquida Incolor 5L - Fardo 6,Quimicos,VENDA,3,0.8,177.41,109.26,18.84,4.93,5.65,44.38
2025-09-05,2025-09,51347,UNIAO ALIMENTOS EIRELI,Industria,Litoral,Simone Klein,Pano Multiuso - Caixa 24,Acessorios,VENDA,1,2.45,27.7,12.97,8.95,0.75,2.69,5.03
2025-09-05,2025-09,51349,Oriente Alimentos ME,Padaria,Interior Norte,Tarcisio Bueno,Prato Descartavel 15cm,Descartaveis,VENDA,2,1.23,73.2,56.02,14.74,1.76,4.42,0.68
2025-09-10,2025-09,51369,Central Alimentos LTDA ME,Clinica,Litoral,Tarcisio Bueno,Desinfetante Lavanda 5L - Pacote 100,Quimicos,VENDA,1,2.52,55.33,37.46,6.49,1.55,6.49,9.83
2025-09-10,2025-09,51372,Serrano Servicos LTDA ME,Mercado,Interior Norte,Simone Klein,ALCOOL 70 1L - FARDO 6,Quimicos,VENDA,5,1.22,345.94,209.75,45.77,10.99,13.73,79.43
2025-09-11,2025-09,51373,Serrano Servicos LTDA ME,Mercado,Interior Norte,Simone Klein,Limpador Multiuso 5L - Fardo 6,Quimicos,VENDA,3,2.57,115.11,77.97,5.93,4.03,5.93,27.18
2025-09-11,2025-09,51374,Querencia Participacoes EIRELI,Mercado,Regiao Metropolitana,Tarcisio Bueno,Copo Descartavel 200ml - Fardo 12,Descartaveis,VENDA,2,10.06,45.67,35.02,14.1,1.0,4.23,-4.45
2025-09-11,2025-09,51374,Querencia Participacoes EIRELI,Mercado,Regiao Metropolitana,Tarcisio Bueno,Papel Higienico Folha Dupla 30m - Fardo 12,Papel,VENDA,1,1.77,87.82,50.46,27.11,1.93,8.13,8.32
2025-09-12,2025-09,51379,Boreal Empreendimentos LTDA,Industria,Regiao Metropolitana,Tarcisio Bueno,Copo Descartavel 50ml,Descartaveis,VENDA,1,9.3,33.55,32.55,1.35,0.94,1.35,-1.29
2025-09-13,2025-09,51388,Vitoria Distribuidora LTDA ME,Hotel,Interior Sul,Tarcisio Bueno,Alvejante 5L,Quimicos,VENDA,1,0.37,69.55,41.64,9.56,1.76,2.87,16.59
2025-09-15,2025-09,51389,Querencia Empreendimentos LTDA,Clinica,Interior Sul,Simone Klein,Talher Descartavel Misto - Pacote 100,Descartaveis,VENDA,1,6.31,33.73,26.31,8.17,0.98,2.45,-1.73
2025-09-16,2025-09,51402,Trevo Empreendimentos LTDA,Padaria,Interior Norte,Rogerio Antunes,Embalagem Delivery 750ml,Descartaveis,VENDA,5,7.15,148.63,120.1,31.26,3.8,9.38,-6.53
2025-09-17,2025-09,51403,Alvorada Distribuidora ME,Mercado,Interior Sul,Simone Klein,PAPEL HIGIENICO ROLAO 300M,Papel,VENDA,3,3.47,50.46,37.62,3.39,1.77,3.39,7.68
2025-09-17,2025-09,51407,BOREAL SERVICOS LTDA ME,Escola,Regiao Metropolitana,Tarcisio Bueno,Limpador Multiuso 5L,Quimicos,VENDA,1,1.22,43.9,29.33,5.26,1.23,5.26,8.08
2025-09-18,2025-09,51413,Querencia Empreendimentos LTDA,Clinica,Interior Sul,Simone Klein,Cera Liquida Incolor 5L - Fardo 6,Quimicos,VENDA,10,1.56,353.9,237.3,26.24,12.39,26.24,77.97
2025-09-18,2025-09,51414,Horizonte Distribuidora S/A,Condominio,Regiao Metropolitana,Rogerio Antunes,Cera Liquida Incolor 5L - Fardo 6,Quimicos,VENDA,10,1.16,527.4,352.2,34.78,15.82,34.78,124.6
2025-09-18,2025-09,51415,Serrano Servicos LTDA ME,Mercado,Interior Norte,Simone Klein,Papel Toalha Rolo 100f - Fardo 6,Papel,VENDA,3,4.16,259.5,194.94,30.73,9.08,30.73,24.75
2025-09-20,2025-09,51422,Rio Claro Servicos EIRELI,Mercado,Interior Norte,Tarcisio Bueno,DETERGENTE NEUTRO 5L - PACOTE 100,Quimicos,VENDA,3,8.16,51.95,32.88,8.86,1.28,2.66,8.93
2025-09-22,2025-09,51426,Oriente Alimentos ME,Padaria,Interior Norte,Tarcisio Bueno,Cera Liquida Incolor 5L - Fardo 6,Quimicos,VENDA,5,3.47,199.36,118.65,36.94,4.86,11.08,38.91
2025-09-24,2025-09,51431,Zenite Participacoes ME,Padaria,Interior Norte,Simone Klein,Copo Descartavel 200ml - Fardo 12,Descartaveis,VENDA,2,9.56,76.04,62.8,16.42,2.26,4.92,-5.44
2025-09-24,2025-09,51431,Zenite Participacoes ME,Padaria,Interior Norte,Simone Klein,Alcool 70 1L - Caixa 24,Quimicos,VENDA,1,3.24,21.5,12.45,4.64,0.64,1.39,3.77
2025-09-25,2025-09,51436,Aurora Industria LTDA,Clinica,Regiao Metropolitana,Tarcisio Bueno,Talher Descartavel Misto - Caixa 24,Descartaveis,VENDA,1,3.64,34.3,31.33,2.4,0.96,2.4,-0.39
2025-09-25,2025-09,51441,XAVANTE EMPREENDIMENTOS LTDA ME,Mercado,Interior Norte,Simone Klein,Mop Umido - Caixa 24,Acessorios,VENDA,1,1.44,34.78,20.82,2.27,1.22,2.27,10.47
2025-09-26,2025-09,51444,Estrela Servicos LTDA,Escola,Litoral,Tarcisio Bueno,Saco Lixo 30L,Descartaveis,VENDA,3,9.73,59.72,52.65,8.18,1.51,2.46,-2.62
2025-09-26,2025-09,51447,Nortao Alimentos S/A,Escola,Interior Norte,Simone Klein,Papel Toalha Interfolha 1000f - Caixa 24,Papel,VENDA,2,2.22,135.94,100.1,13.51,4.76,13.51,17.57
2025-09-26,2025-09,51448,Trevo Comercio LTDA,Restaurante,Interior Norte,Simone Klein,MASCARA DESCARTAVEL - CAIXA 24,EPI,VENDA,20,2.29,416.6,264.4,16.89,14.58,16.89,120.73
2025-09-29,2025-09,51452,Querencia Participacoes EIRELI,Mercado,Regiao Metropolitana,Tarcisio Bueno,ESCOVA SANITARIA - CAIXA 24,Acessorios,VENDA,50,9.17,1355.5,880.5,32.01,37.95,32.01,405.04
2025-09-29,2025-09,51454,Imperial Servicos S/A,Clinica,Regiao Metropolitana,Rogerio Antunes,ALCOOL 70 1L - FARDO 6,Quimicos,DEVOLUCAO,-1,1.55,-56.76,-41.95,8.3,-1.88,2.49,-21.23
2025-10-01,2025-10,51467,Querencia Participacoes EIRELI,Mercado,Regiao Metropolitana,Tarcisio Bueno,Copo Descartavel 50ml - Pacote 100,Descartaveis,VENDA,1,2.5,34.48,24.0,11.27,0.74,3.38,-1.53
2025-10-03,2025-10,51480,Jangada Comercio ME,Padaria,Regiao Metropolitana,Simone Klein,Talher Descartavel Misto - Fardo 6,Descartaveis,DEVOLUCAO,-3,6.78,-100.27,-108.87,21.51,-4.04,6.46,-8.87
2025-10-03,2025-10,51481,Boreal Participacoes EIRELI,Clinica,Litoral,Rogerio Antunes,Luva Plastica Descartavel - Pacote 100,Descartaveis,VENDA,5,12.85,104.05,84.7,28.78,2.52,8.63,-11.95
2025-10-03,2025-10,51485,BOREAL SERVICOS LTDA ME,Escola,Regiao Metropolitana,Tarcisio Bueno,AVENTAL PVC - CAIXA 24,EPI,VENDA,20,1.77,430.98,253.2,42.54,11.23,12.76,124.01
2025-10-04,2025-10,51491,Serrano Servicos LTDA ME,Mercado,Interior Norte,Simone Klein,SACO LIXO 60L - PACOTE 100,Descartaveis,VENDA,2,4.61,28.9,26.66,1.82,1.01,1.82,-0.59
2025-10-06,2025-10,51495,BOREAL SERVICOS LTDA ME,Escola,Regiao Metropolitana,Tarcisio Bueno,papel toalha rolo 100f - fardo 6,Papel,VENDA,1,8.02,39.36,30.81,2.31,1.1,2.31,5.14
2025-10-09,2025-10,51518,Querencia Participacoes EIRELI,Mercado,Regiao Metropolitana,Tarcisio Bueno,Copo Descartavel 50ml - Pacote 100,Descartaveis,VENDA,3,3.79,48.48,38.61,8.96,1.18,2.69,-0.27
2025-10-11,2025-10,51529,Vitoria Distribuidora LTDA ME,Hotel,Interior Sul,Tarcisio Bueno,Papel Toalha Interfolha 1000f - Pacote 100,Papel,VENDA,1,0.34,79.91,57.73,8.27,2.24,8.27,11.67
2025-10-11,2025-10,51529,Vitoria Distribuidora LTDA ME,Hotel,Interior Sul,Tarcisio Bueno,Sabao Liquido 5L,Quimicos,VENDA,5,1.52,251.25,168.4,26.0,7.04,26.0,49.82
2025-10-15,2025-10,51543,Trevo Alimentos EIRELI,Condominio,Interior Norte,Simone Klein,Copo Descartavel 50ml - Fardo 6,Descartaveis,VENDA,10,6.21,281.9,264.5,13.6,9.87,13.6,-6.07
2025-10-16,2025-10,51547,Zenite Participacoes ME,Padaria,Interior Norte,Simone Klein,Saco Lixo 100L - Pacote 100,Descartaveis,VENDA,2,5.02,34.36,31.84,3.34,1.2,3.34,-2.02
2025-10-16,2025-10,51554,Zenite Participacoes ME,Padaria,Interior Norte,Simone Klein,Esponja Dupla Face - Caixa 24,Acessorios,VENDA,1,1.53,60.01,26.74,21.98,1.56,6.6,9.73
2025-10-16,2025-10,51556,Boreal Participacoes EIRELI,Clinica,Litoral,Rogerio Antunes,Vassoura Nylon,Acessorios,VENDA,2,1.89,57.16,20.18,33.71,1.01,10.11,2.26
2025-10-20,2025-10,51567,Oriente Negocios LTDA ME,Industria,Litoral,Rogerio Antunes,Bobina Papel Toalha 200m,Papel,VENDA,1,1.15,67.4,35.21,27.22,1.45,8.16,3.52
2025-10-21,2025-10,51572,Boreal Comercio EIRELI,Mercado,Interior Sul,Simone Klein,Mascara Descartavel - Fardo 6,EPI,VENDA,1,2.22,14.97,6.31,7.17,0.35,2.15,1.14
2025-10-22,2025-10,51578,Estrela Negocios S/A,Padaria,Litoral,Tarcisio Bueno,Papel Toalha Interfolha 1000f - Caixa 24,Papel,VENDA,1,4.22,98.56,50.05,45.69,1.86,13.71,0.96
2025-10-23,2025-10,51588,Estrela Negocios EIRELI,Padaria,Interior Norte,Rogerio Antunes,BORRIFADOR 500ML - FARDO 12,Acessorios,VENDA,20,2.08,581.2,350.2,37.27,17.44,37.27,176.29
2025-10-23,2025-10,51588,Estrela Negocios EIRELI,Padaria,Interior Norte,Rogerio Antunes,Saco Lixo 30L,Descartaveis,VENDA,2,8.55,36.48,35.1,2.34,1.09,2.34,-2.05
2025-10-27,2025-10,51607,Serrano Servicos LTDA ME,Mercado,Interior Norte,Simone Klein,Embalagem Delivery 750ml - Fardo 6,Descartaveis,VENDA,3,9.38,69.44,46.77,30.36,1.69,9.1,-9.38
2025-10-28,2025-10,51615,Luminar Alimentos S/A,Restaurante,Interior Sul,Rogerio Antunes,Prato Descartavel 15cm,Descartaveis,VENDA,2,5.11,94.48,56.02,48.68,1.81,14.6,-12.03
2025-10-30,2025-10,51629,TREVO ALIMENTOS S/A,Mercado,Interior Norte,Rogerio Antunes,Detergente Neutro 5L - Pacote 100,Quimicos,VENDA,5,3.51,107.9,73.8,1.7,3.24,1.7,29.16
2025-11-03,2025-11,51646,Horizonte Distribuidora S/A,Condominio,Regiao Metropolitana,Rogerio Antunes,Detergente Neutro 5L - Pacote 100,Quimicos,VENDA,1,3.7,21.53,14.76,1.99,0.65,1.99,4.13
2025-11-03,2025-11,51649,Pampa Alimentos ME,Padaria,Regiao Metropolitana,Rogerio Antunes,LUVA PLASTICA DESCARTAVEL,Descartaveis,VENDA,20,23.23,562.2,644.4,38.18,16.87,38.18,-137.25
2025-11-05,2025-11,51657,Querencia Participacoes EIRELI,Mercado,Regiao Metropolitana,Tarcisio Bueno,Saco Lixo 100L - Pacote 100,Descartaveis,VENDA,10,8.29,204.28,159.2,54.83,4.65,16.45,-14.4
2025-11-10,2025-11,51669,Trevo Alimentos EIRELI,Condominio,Interior Norte,Simone Klein,PRATO DESCARTAVEL 15CM - PACOTE 100,Descartaveis,VENDA,5,6.1,189.73,165.2,19.19,6.17,5.76,-0.83
2025-11-11,2025-11,51676,Uniao Servicos S/A,Condominio,Litoral,Rogerio Antunes,Alvejante 5L - Fardo 6,Quimicos,VENDA,1,0.28,32.42,15.79,12.24,0.72,3.67,3.67
2025-11-12,2025-11,51685,Pampa Alimentos ME,Padaria,Regiao Metropolitana,Rogerio Antunes,limpador multiuso 5l - pacote 100,Quimicos,VENDA,2,0.4,52.89,23.58,24.74,1.07,7.43,3.5
2025-11-13,2025-11,51695,Rio Claro Servicos S/A,Industria,Interior Norte,Rogerio Antunes,Luva Plastica Descartavel - Fardo 6,Descartaveis,VENDA,2,0.63,38.9,30.5,6.38,1.03,1.92,0.99
2025-11-13,2025-11,51695,Rio Claro Servicos S/A,Industria,Interior Norte,Rogerio Antunes,Papel Higienico Folha Dupla 30m - Fardo 12,Papel,VENDA,1,0.48,28.86,18.48,4.73,0.77,1.42,4.88
2025-11-13,2025-11,51696,Guarani Servicos S/A,Restaurante,Regiao Metropolitana,Simone Klein,Saco Lixo 100L,Descartaveis,VENDA,5,11.87,150.06,134.55,21.87,4.72,6.56,-11.08
2025-11-17,2025-11,51714,horizonte distribuidora me,Condominio,Regiao Metropolitana,Rogerio Antunes,DETERGENTE NEUTRO 5L - PACOTE 100,Quimicos,VENDA,1,1.39,18.36,10.96,2.82,0.49,0.84,4.09
2025-11-19,2025-11,51723,Estrela Comercio S/A,Restaurante,Interior Sul,Rogerio Antunes,Cera Liquida Incolor 5L - Fardo 6,Quimicos,VENDA,2,2.95,81.11,47.46,16.18,2.09,4.85,15.38
2025-11-21,2025-11,51737,TREVO ALIMENTOS S/A,Mercado,Interior Norte,Rogerio Antunes,LUVA PLASTICA DESCARTAVEL,Descartaveis,VENDA,2,9.05,96.88,64.44,43.26,2.0,12.98,-12.82
2025-11-21,2025-11,51738,Nortao Alimentos S/A,Escola,Interior Norte,Simone Klein,Embalagem Delivery 750ml - Pacote 100,Descartaveis,VENDA,50,4.71,595.0,549.5,35.18,20.83,35.18,-10.51
2025-11-24,2025-11,51744,Serrano Servicos LTDA ME,Mercado,Interior Norte,Simone Klein,limpador multiuso 5l - pacote 100,Quimicos,VENDA,10,4.9,169.8,117.9,12.89,5.94,12.89,33.07
2025-11-25,2025-11,51753,Nortao Empreendimentos LTDA ME,Padaria,Interior Sul,Tarcisio Bueno,Desinfetante Lavanda 5L - Pacote 100,Quimicos,VENDA,10,3.55,547.5,374.6,23.17,15.33,23.17,134.4
2025-11-25,2025-11,51755,Querencia Negocios LTDA,Industria,Interior Norte,Simone Klein,Luva Plastica Descartavel - Fardo 12,Descartaveis,VENDA,1,15.76,57.96,36.25,33.24,1.21,9.98,-12.74
2025-11-26,2025-11,51765,Central Alimentos LTDA ME,Clinica,Litoral,Tarcisio Bueno,Mop Umido - Caixa 24,Acessorios,VENDA,20,2.0,524.4,315.8,31.45,14.68,31.45,162.47
2025-11-27,2025-11,51768,Horizonte Distribuidora S/A,Condominio,Regiao Metropolitana,Rogerio Antunes,Alcool 70 1L,Quimicos,VENDA,2,0.95,135.32,80.02,21.77,3.6,6.53,29.93
2025-11-27,2025-11,51769,Imperial Empreendimentos EIRELI,Padaria,Litoral,Rogerio Antunes,Embalagem Delivery 750ml,Descartaveis,VENDA,1,9.94,24.59,24.02,3.42,0.74,3.42,-3.59
2025-11-28,2025-11,51775,Estrela Negocios S/A,Padaria,Litoral,Tarcisio Bueno,Alvejante 5L - Caixa 24,Quimicos,VENDA,3,0.31,171.27,113.4,12.81,4.8,12.81,40.26
2025-11-28,2025-11,51776,Horizonte Negocios EIRELI,Escola,Litoral,Simone Klein,Saco Lixo 30L,Descartaveis,VENDA,2,0.6,51.81,35.1,17.39,1.39,5.22,-2.07
2025-11-28,2025-11,51777,UNIAO ALIMENTOS EIRELI,Industria,Litoral,Simone Klein,Limpador Multiuso 5L,Quimicos,VENDA,20,1.79,872.8,586.6,55.99,30.55,55.99,199.66
2025-11-28,2025-11,51778,Serrano Alimentos EIRELI,Padaria,Regiao Metropolitana,Simone Klein,DESINFETANTE LAVANDA 5L - FARDO 6,Quimicos,VENDA,3,3.07,137.68,82.89,22.82,4.26,6.85,27.71
2025-12-02,2025-12,51791,Boreal Comercio EIRELI,Mercado,Interior Sul,Simone Klein,sabao liquido 5l - pacote 100,Quimicos,VENDA,2,0.33,69.18,45.8,5.48,2.42,5.48,15.48
2025-12-02,2025-12,51791,Boreal Comercio EIRELI,Mercado,Interior Sul,Simone Klein,Detergente Neutro 5L - Caixa 24,Quimicos,VENDA,2,4.14,92.2,63.48,7.31,3.23,7.31,18.18
2025-12-02,2025-12,51793,BOREAL SERVICOS LTDA ME,Escola,Regiao Metropolitana,Tarcisio Bueno,Bota PVC,EPI,VENDA,10,0.24,237.55,136.2,26.22,6.14,7.87,68.99
2025-12-02,2025-12,51797,BANDEIRANTE NEGOCIOS S/A,Condominio,Interior Sul,Simone Klein,Cera Liquida Incolor 5L - Fardo 6,Quimicos,VENDA,10,3.59,532.0,364.2,52.35,18.62,52.35,96.83
2025-12-03,2025-12,51806,Estrela Servicos ME,Hotel,Interior Sul,Tarcisio Bueno,Embalagem Delivery 750ml - Pacote 100,Descartaveis,VENDA,5,1.4,68.85,54.95,10.36,1.72,3.11,1.82
2025-12-04,2025-12,51812,Vitoria Distribuidora LTDA ME,Hotel,Interior Sul,Tarcisio Bueno,Limpa Vidros 500ml - Fardo 12,Quimicos,VENDA,2,3.65,115.66,66.48,26.6,2.72,7.98,19.86
2025-12-05,2025-12,51815,Nortao Empreendimentos LTDA ME,Padaria,Interior Sul,Tarcisio Bueno,luva plastica descartavel - pacote 100,Descartaveis,VENDA,1,0.19,26.41,19.46,6.19,0.62,1.85,0.14
2025-12-05,2025-12,51821,BOREAL SERVICOS LTDA ME,Escola,Regiao Metropolitana,Tarcisio Bueno,Copo Descartavel 200ml - Fardo 12,Descartaveis,VENDA,20,15.18,337.6,350.2,20.51,9.45,20.51,-42.56
2025-12-06,2025-12,51826,Trevo Comercio LTDA,Restaurante,Interior Norte,Simone Klein,Alcool 70 1L - Caixa 24,Quimicos,VENDA,1,5.66,21.22,12.45,4.9,0.62,1.47,3.25
2025-12-06,2025-12,51828,Imperial Servicos S/A,Clinica,Regiao Metropolitana,Rogerio Antunes,removedor 1l - pacote 100,Quimicos,VENDA,10,9.16,275.07,177.0,44.95,7.31,13.48,45.81
2025-12-08,2025-12,51831,Querencia Participacoes EIRELI,Mercado,Regiao Metropolitana,Tarcisio Bueno,OCULOS PROTECAO - FARDO 6,EPI,VENDA,2,3.55,16.87,8.92,4.3,0.39,1.29,3.26
2025-12-08,2025-12,51833,Querencia Participacoes EIRELI,Mercado,Regiao Metropolitana,Tarcisio Bueno,Papel Higienico Rolao 300m - Fardo 12,Papel,VENDA,5,3.14,326.84,223.1,38.19,8.4,11.45,57.15
2025-12-08,2025-12,51834,Serrano Servicos LTDA ME,Mercado,Interior Norte,Simone Klein,Talher Descartavel Misto - Caixa 24,Descartaveis,VENDA,1,9.84,36.95,31.33,6.93,1.12,2.08,-2.43
2025-12-08,2025-12,51837,Serrano Servicos LTDA ME,Mercado,Interior Norte,Simone Klein,Mop Umido - Caixa 24,Acessorios,VENDA,5,3.09,145.97,78.95,23.31,4.54,6.99,39.17
2025-12-09,2025-12,51848,Serrano Servicos LTDA ME,Mercado,Interior Norte,Simone Klein,Prato Descartavel 15cm,Descartaveis,VENDA,5,7.63,147.0,140.05,21.24,5.15,21.24,-19.44
2025-12-10,2025-12,51850,Trevo Empreendimentos LTDA,Padaria,Interior Norte,Rogerio Antunes,Papel Toalha Interfolha 1000f - Caixa 24,Papel,VENDA,10,11.45,615.5,500.5,102.9,18.47,102.9,-6.37
2025-12-12,2025-12,51865,Luminar Alimentos S/A,Restaurante,Interior Sul,Rogerio Antunes,SACO LIXO 60L,Descartaveis,VENDA,1,12.12,8.34,6.5,2.65,0.19,0.8,-1.0
2025-12-12,2025-12,51872,Estrela Servicos ME,Hotel,Interior Sul,Tarcisio Bueno,Copo Descartavel 200ml,Descartaveis,VENDA,3,12.21,106.15,89.58,23.98,2.5,7.2,-9.91
2025-12-13,2025-12,51877,Zenite Participacoes ME,Padaria,Interior Norte,Simone Klein,Detergente Neutro 5L - Caixa 24,Quimicos,VENDA,10,1.4,474.2,317.4,36.62,16.6,36.62,103.58
2025-12-13,2025-12,51879,Aurora Alimentos S/A,Escola,Litoral,Simone Klein,Papel Higienico Rolao 300m - Fardo 12,Papel,VENDA,3,0.94,184.17,133.86,21.63,6.45,21.63,22.23
2025-12-16,2025-12,51890,Zenite Participacoes ME,Padaria,Interior Norte,Simone Klein,Embalagem Delivery 750ml,Descartaveis,VENDA,2,4.07,60.65,48.04,11.81,1.83,3.54,-1.03
2025-12-16,2025-12,51892,missoes empreendimentos me,Clinica,Regiao Metropolitana,Rogerio Antunes,Embalagem Delivery 750ml - Pacote 100,Descartaveis,VENDA,5,3.65,67.96,54.95,11.15,1.8,3.34,0.06
2025-12-16,2025-12,51898,Imperial Servicos S/A,Clinica,Regiao Metropolitana,Rogerio Antunes,Papel Toalha Interfolha 1000f - Pacote 100,Papel,VENDA,20,2.68,1560.6,1154.6,82.3,46.82,82.3,276.88
2025-12-19,2025-12,51916,Aurora Industria LTDA ME,Clinica,Interior Sul,Tarcisio Bueno,Alvejante 5L - Fardo 6,Quimicos,VENDA,3,1.02,78.43,47.37,10.56,1.99,3.17,18.51
2025-12-19,2025-12,51916,Aurora Industria LTDA ME,Clinica,Interior Sul,Tarcisio Bueno,Prato Descartavel 15cm - Caixa 24,Descartaveis,VENDA,10,12.12,339.82,308.3,45.74,8.62,13.72,-22.84
2025-12-19,2025-12,51919,Horizonte Distribuidora S/A,Condominio,Regiao Metropolitana,Rogerio Antunes,Marmitex Aluminio 800ml - Caixa 24,Descartaveis,VENDA,3,10.69,31.92,31.44,3.82,0.96,3.82,-4.3
2025-12-23,2025-12,51934,Aurora Industria LTDA ME,Clinica,Interior Sul,Tarcisio Bueno,papel higienico folha dupla 30m - fardo 12,Papel,VENDA,3,2.13,228.53,153.12,29.14,5.83,8.75,40.44
2025-12-23,2025-12,51934,Aurora Industria LTDA ME,Clinica,Interior Sul,Tarcisio Bueno,Papel Toalha Rolo 100f - Pacote 100,Papel,VENDA,1,2.65,81.49,54.89,10.39,2.08,3.12,14.13
2025-12-23,2025-12,51937,Querencia Participacoes EIRELI,Mercado,Regiao Metropolitana,Tarcisio Bueno,LUVA PLASTICA DESCARTAVEL,Descartaveis,VENDA,5,15.48,154.7,161.1,25.25,4.33,25.25,-35.98
2025-12-23,2025-12,51938,TREVO ALIMENTOS S/A,Mercado,Interior Norte,Rogerio Antunes,Marmitex Aluminio 800ml - Pacote 100,Descartaveis,VENDA,2,3.86,78.54,55.46,25.66,1.82,7.7,-4.4
2025-12-24,2025-12,51943,Jangada Comercio ME,Padaria,Regiao Metropolitana,Simone Klein,BOTA PVC - FARDO 6,EPI,VENDA,2,2.0,13.94,8.82,1.7,0.49,1.7,2.93
2025-12-24,2025-12,51946,Querencia Participacoes EIRELI,Mercado,Regiao Metropolitana,Tarcisio Bueno,Prato Descartavel 15cm - Caixa 24,Descartaveis,VENDA,2,6.8,52.61,38.74,16.56,1.15,4.97,-3.84
2025-12-26,2025-12,51968,BOREAL SERVICOS LTDA ME,Escola,Regiao Metropolitana,Tarcisio Bueno,PAPEL HIGIENICO ROLAO 300M,Papel,VENDA,1,4.24,27.28,12.54,15.15,0.47,4.55,-0.88
2025-12-26,2025-12,51970,Serrano Servicos LTDA ME,Mercado,Interior Norte,Simone Klein,Saco Lixo 30L - Fardo 6,Descartaveis,VENDA,1,0.43,33.09,25.49,6.06,1.01,1.82,0.53
2025-12-26,2025-12,51972,Serrano Servicos LTDA ME,Mercado,Interior Norte,Simone Klein,OCULOS PROTECAO - FARDO 6,EPI,VENDA,2,1.74,14.12,8.92,0.71,0.49,0.71,4.0
2025-12-26,2025-12,51972,Serrano Servicos LTDA ME,Mercado,Interior Norte,Simone Klein,Limpa Vidros 500ml,Quimicos,VENDA,5,2.66,134.1,90.9,6.75,4.69,6.75,31.76
2025-12-30,2025-12,51994,Serrano Servicos LTDA ME,Mercado,Interior Norte,Simone Klein,BOBINA PAPEL TOALHA 200M - PACOTE 100,Papel,VENDA,5,1.6,149.3,109.25,9.47,5.23,9.47,25.35
2025-12-31,2025-12,52007,Aurora Negocios EIRELI,Hotel,Regiao Metropolitana,Rogerio Antunes,Vassoura Nylon,Acessorios,VENDA,2,1.77,42.04,20.18,12.06,1.01,3.62,8.79
2025-01-03,2025-01,50015,Imperial Servicos S/A,Clinica,Regiao Metropolitana,Rogerio Antunes,Bobina Papel Toalha 200m - Fardo 6,Papel,VENDA,3,8.46,95.5,60.78,26.03,2.32,7.81,6.37
2025-01-03,2025-01,50019,Uniao Negocios LTDA,Hotel,Interior Norte,Rogerio Antunes,Mascara Descartavel - Fardo 12,EPI,VENDA,3,1.13,55.98,35.1,3.56,1.68,3.56,15.64
2025-01-06,2025-01,50024,Aurora Distribuidora LTDA ME,Clinica,Litoral,Simone Klein,Talher Descartavel Misto - Pacote 100,Descartaveis,VENDA,1,3.23,34.3,26.31,7.66,1.01,2.29,-0.68
2025-01-07,2025-01,50035,Horizonte Distribuidora S/A,Condominio,Regiao Metropolitana,Rogerio Antunes,Papel Higienico Rolao 300m - Fardo 12,Papel,VENDA,2,3.6,146.74,89.24,38.94,3.58,11.68,14.98
2025-01-10,2025-01,50053,Uniao Negocios LTDA,Hotel,Interior Norte,Rogerio Antunes,Papel Toalha Rolo 100f - Caixa 24,Papel,VENDA,1,4.19,81.11,35.23,48.9,1.41,14.67,-4.43
2025-01-13,2025-01,50066,BOREAL SERVICOS LTDA ME,Escola,Regiao Metropolitana,Tarcisio Bueno,Removedor 1L - Fardo 6,Quimicos,VENDA,3,0.96,48.22,29.79,4.98,1.25,1.49,12.2
2025-01-15,2025-01,50079,Oriente Participacoes LTDA,Clinica,Regiao Metropolitana,Simone Klein,Saco Lixo 30L,Descartaveis,VENDA,5,8.65,102.99,87.75,16.98,3.19,5.09,-4.93
2025-01-18,2025-01,50089,Boreal Negocios ME,Padaria,Interior Norte,Rogerio Antunes,Limpador Multiuso 5L,Quimicos,DEVOLUCAO,-5,3.61,-214.2,-146.65,14.95,-6.43,14.95,-76.07
2025-01-18,2025-01,50089,Boreal Negocios ME,Padaria,Interior Norte,Rogerio Antunes,Alcool 70 1L - Caixa 24,Quimicos,VENDA,5,3.48,277.1,189.5,19.34,8.31,19.34,59.95
2025-01-18,2025-01,50090,Zenite Servicos EIRELI,Industria,Interior Sul,Tarcisio Bueno,Marmitex Aluminio 800ml - Caixa 24,Descartaveis,VENDA,2,6.25,73.18,68.7,9.08,2.05,9.08,-6.65
2025-01-23,2025-01,50115,Serrano Servicos LTDA ME,Mercado,Interior Norte,Simone Klein,Guardanapo 24x24,Papel,VENDA,10,0.96,603.5,438.7,17.33,21.12,17.33,126.35
2025-01-23,2025-01,50121,Imperial Servicos S/A,Clinica,Regiao Metropolitana,Rogerio Antunes,Papel Toalha Interfolha 1000f - Pacote 100,Papel,VENDA,10,3.81,771.3,577.3,44.07,23.14,44.07,126.79
2025-01-27,2025-01,50138,Boreal Comercio EIRELI,Mercado,Interior Sul,Simone Klein,Mascara Descartavel,EPI,VENDA,2,0.61,34.74,19.08,5.91,1.07,1.77,8.68
2025-01-27,2025-01,50139,Imperial Empreendimentos EIRELI,Padaria,Litoral,Rogerio Antunes,Papel Higienico Folha Dupla 30m - Fardo 12,Papel,VENDA,2,1.64,73.47,36.96,32.82,1.52,9.85,2.17
2025-01-29,2025-01,50146,Xavante Negocios ME,Hotel,Regiao Metropolitana,Simone Klein,Saco Lixo 100L - Pacote 100,Descartaveis,VENDA,2,6.34,42.07,31.84,11.7,1.19,3.51,-2.66
2025-01-29,2025-01,50150,Serrano Servicos LTDA ME,Mercado,Interior Norte,Simone Klein,SACO LIXO 60L - CAIXA 24,Descartaveis,VENDA,2,1.65,28.04,20.02,8.08,0.78,2.42,-0.84
2025-01-30,2025-01,50152,Aurora Industria LTDA,Clinica,Regiao Metropolitana,Tarcisio Bueno,Pano Multiuso - Fardo 6,Acessorios,VENDA,5,3.38,34.4,21.0,4.73,0.96,4.73,7.71
2025-01-30,2025-01,50152,Aurora Industria LTDA,Clinica,Regiao Metropolitana,Tarcisio Bueno,Saco Lixo 30L - Fardo 6,Descartaveis,VENDA,10,15.3,245.4,254.9,33.77,6.87,33.77,-50.14
2025-01-30,2025-01,50156,Vitoria Comercio LTDA,Industria,Interior Sul,Simone Klein,Sabao Liquido 5L - Fardo 12,Quimicos,VENDA,1,0.59,19.35,10.41,5.24,0.55,1.57,3.15
2025-01-31,2025-01,50163,Luminar Participacoes LTDA,Condominio,Litoral,Simone Klein,Embalagem Delivery 750ml - Fardo 6,Descartaveis,VENDA,5,2.26,194.67,159.25,25.46,6.19,7.64,3.77
2025-02-03,2025-02,50176,Pampa Alimentos ME,Padaria,Regiao Metropolitana,Rogerio Antunes,Papel Toalha Interfolha 1000f - Caixa 24,Papel,VENDA,3,3.48,228.6,150.15,39.04,6.04,11.71,33.37
2025-02-05,2025-02,50192,Horizonte Distribuidora S/A,Condominio,Regiao Metropolitana,Rogerio Antunes,Avental PVC - Fardo 6,EPI,VENDA,20,2.85,164.73,90.2,33.62,4.24,10.09,36.67
2025-02-06,2025-02,50197,Imperial Empreendimentos EIRELI,Padaria,Litoral,Rogerio Antunes,Desengordurante 5L,Quimicos,VENDA,3,1.34,152.16,101.79,6.91,4.56,6.91,38.9
2025-02-06,2025-02,50197,Imperial Empreendimentos EIRELI,Padaria,Litoral,Rogerio Antunes,mop umido - fardo 6,Acessorios,VENDA,10,2.8,333.3,202.3,15.14,10.0,15.14,105.86
2025-02-06,2025-02,50201,Xavante Servicos EIRELI,Padaria,Litoral,Rogerio Antunes,Alvejante 5L,Quimicos,VENDA,1,0.62,77.39,41.64,20.99,1.88,6.3,12.88
2025-02-07,2025-02,50206,Imperial Servicos EIRELI,Condominio,Interior Norte,Rogerio Antunes,Balde 20L,Acessorios,VENDA,5,0.83,190.5,113.35,20.65,5.72,20.65,50.79
2025-02-07,2025-02,50206,Imperial Servicos EIRELI,Condominio,Interior Norte,Rogerio Antunes,Limpa Vidros 500ml - Fardo 12,Quimicos,VENDA,5,3.74,242.4,166.2,26.27,7.27,26.27,42.66
2025-02-07,2025-02,50209,Nortao Alimentos S/A,Escola,Interior Norte,Simone Klein,removedor 1l - pacote 100,Quimicos,VENDA,2,2.58,64.49,35.4,17.48,1.83,5.25,9.78
2025-02-12,2025-02,50226,Imperial Servicos S/A,Clinica,Regiao Metropolitana,Rogerio Antunes,Esponja Dupla Face - Caixa 24,Acessorios,VENDA,1,1.71,68.19,26.74,33.77,1.34,10.13,6.34
2025-02-12,2025-02,50227,Imperial Empreendimentos EIRELI,Padaria,Litoral,Rogerio Antunes,Cera Liquida Incolor 5L - Fardo 6,Quimicos,VENDA,5,1.52,189.0,109.9,35.79,4.92,10.74,38.39
2025-02-12,2025-02,50228,UNIAO ALIMENTOS LTDA ME,Restaurante,Litoral,Simone Klein,Mop Umido - Caixa 24,Acessorios,VENDA,2,0.44,53.28,31.58,7.86,1.86,7.86,11.98
2025-02-12,2025-02,50228,UNIAO ALIMENTOS LTDA ME,Restaurante,Litoral,Simone Klein,Saco Lixo 30L,Descartaveis,VENDA,1,5.11,18.92,17.55,2.79,0.66,2.79,-2.08
2025-02-13,2025-02,50231,Querencia Participacoes EIRELI,Mercado,Regiao Metropolitana,Tarcisio Bueno,Alvejante 5L - Fardo 12,Quimicos,VENDA,2,5.69,71.04,43.16,13.38,1.73,4.02,12.77
2025-02-14,2025-02,50235,Nortao Empreendimentos LTDA ME,Padaria,Interior Sul,Tarcisio Bueno,Marmitex Aluminio 800ml - Caixa 24,Descartaveis,VENDA,3,10.41,139.9,103.05,49.98,2.94,14.99,-16.07
2025-02-17,2025-02,50247,BOREAL SERVICOS LTDA ME,Escola,Regiao Metropolitana,Tarcisio Bueno,Balde 20L - Pacote 100,Acessorios,VENDA,1,3.49,32.63,19.95,2.06,0.91,2.06,9.71
2025-02-19,2025-02,50260,Trevo Empreendimentos LTDA,Padaria,Interior Norte,Rogerio Antunes,Embalagem Delivery 750ml - Pacote 100,Descartaveis,VENDA,1,11.92,11.0,10.99,1.29,0.33,1.29,-1.61
2025-02-19,2025-02,50262,Querencia Participacoes EIRELI,Mercado,Regiao Metropolitana,Tarcisio Bueno,Papel Toalha Interfolha 1000f - Caixa 24,Papel,VENDA,3,8.22,162.12,102.93,44.2,3.67,13.27,11.32
2025-02-20,2025-02,50269,Zenite Empreendimentos ME,Hotel,Litoral,Tarcisio Bueno,Limpa Vidros 500ml - Caixa 24,Quimicos,VENDA,1,1.19,37.7,25.18,5.24,1.06,5.24,6.22
2025-02-20,2025-02,50271,Nortao Alimentos S/A,Escola,Interior Norte,Simone Klein,Embalagem Delivery 750ml - Fardo 6,Descartaveis,VENDA,5,6.98,168.3,159.25,17.88,5.89,17.88,-14.72
2025-02-20,2025-02,50273,Estrela Negocios EIRELI,Padaria,Interior Norte,Rogerio Antunes,Rodo 40cm,Acessorios,VENDA,1,2.0,48.09,13.65,36.3,0.68,10.89,-2.54
2025-02-21,2025-02,50286,Trevo Comercio ME,Clinica,Regiao Metropolitana,Tarcisio Bueno,Papel Toalha Rolo 100f - Fardo 6,Papel,VENDA,10,2.34,881.4,649.8,35.56,24.68,35.56,171.36
2025-02-22,2025-02,50287,Uniao Servicos LTDA,Industria,Interior Sul,Tarcisio Bueno,LUVA PLASTICA DESCARTAVEL,Descartaveis,VENDA,1,12.19,32.15,32.22,3.0,0.9,3.0,-3.97
2025-02-24,2025-02,50292,BOREAL SERVICOS LTDA ME,Escola,Regiao Metropolitana,Tarcisio Bueno,Rodo 40cm - Pacote 100,Acessorios,VENDA,1,5.72,44.5,27.85,4.06,1.25,4.06,11.34
2025-02-24,2025-02,50294,Pampa Participacoes ME,Padaria,Interior Norte,Tarcisio Bueno,Copo Descartavel 200ml,Descartaveis,VENDA,5,6.45,188.29,149.3,42.27,4.44,12.68,-7.72
2025-02-24,2025-02,50297,BOREAL SERVICOS LTDA ME,Escola,Regiao Metropolitana,Tarcisio Bueno,saco lixo 30l - fardo 6,Descartaveis,VENDA,3,13.2,38.22,38.76,4.26,1.07,4.26,-5.87
2025-02-25,2025-02,50301,Pampa Alimentos ME,Padaria,Regiao Metropolitana,Rogerio Antunes,DESINFETANTE LAVANDA 5L - PACOTE 100,Quimicos,VENDA,20,8.91,1134.2,821.8,38.82,34.03,38.82,239.55
2025-02-25,2025-02,50304,Pampa Participacoes ME,Padaria,Interior Norte,Tarcisio Bueno,Mascara Descartavel,EPI,VENDA,20,0.41,306.6,190.8,37.44,8.58,37.44,69.78
2025-02-25,2025-02,50304,Pampa Participacoes ME,Padaria,Interior Norte,Tarcisio Bueno,Saco Lixo 60L - Fardo 6,Descartaveis,VENDA,3,1.82,28.08,25.17,3.43,0.79,3.43,-1.31
2025-02-27,2025-02,50314,Trevo Alimentos EIRELI,Condominio,Interior Norte,Simone Klein,Papel Higienico Folha Dupla 30m - Fardo 12,Papel,VENDA,50,9.83,3159.5,2523.0,90.54,110.58,90.54,435.38
2025-02-27,2025-02,50315,Boreal Negocios ME,Padaria,Interior Norte,Rogerio Antunes,Guardanapo 24x24 - Caixa 24,Papel,VENDA,5,1.14,349.97,229.85,49.09,9.47,14.72,61.56
2025-02-28,2025-02,50320,Boreal Industria LTDA,Hotel,Litoral,Tarcisio Bueno,Talher Descartavel Misto - Fardo 6,Descartaveis,VENDA,2,0.33,82.2,72.58,1.12,2.3,1.12,6.2
2025-02-28,2025-02,50320,Boreal Industria LTDA,Hotel,Litoral,Tarcisio Bueno,Balde 20L - Fardo 12,Acessorios,VENDA,10,0.04,250.2,147.7,3.4,7.01,3.4,92.09
2025-03-03,2025-03,50327,BANDEIRANTE NEGOCIOS S/A,Condominio,Interior Sul,Simone Klein,Cera Liquida Incolor 5L,Quimicos,VENDA,3,2.15,173.27,104.04,27.16,5.4,8.15,36.67
2025-03-03,2025-03,50328,BANDEIRANTE NEGOCIOS S/A,Condominio,Interior Sul,Simone Klein,Cera Liquida Incolor 5L - Fardo 6,Quimicos,VENDA,2,3.37,69.48,47.46,9.36,2.43,9.36,10.23
2025-03-03,2025-03,50328,BANDEIRANTE NEGOCIOS S/A,Condominio,Interior Sul,Simone Klein,Copo Descartavel 200ml - Fardo 12,Descartaveis,VENDA,10,12.55,312.0,314.0,42.03,10.92,42.03,-54.95
2025-03-03,2025-03,50333,Trevo Empreendimentos LTDA,Padaria,Interior Norte,Rogerio Antunes,Limpa Vidros 500ml - Fardo 12,Quimicos,VENDA,10,5.31,476.9,332.4,42.63,14.31,42.63,87.56
2025-03-04,2025-03,50338,Alvorada Distribuidora ME,Mercado,Interior Sul,Simone Klein,Avental PVC - Pacote 100,EPI,VENDA,1,1.0,14.54,6.69,5.51,0.37,1.65,1.97
2025-03-05,2025-03,50345,Pampa Alimentos ME,Padaria,Regiao Metropolitana,Rogerio Antunes,Saco Lixo 30L - Fardo 6,Descartaveis,VENDA,20,22.39,449.6,509.8,59.38,13.49,59.38,-133.07
2025-03-05,2025-03,50352,horizonte distribuidora me,Condominio,Regiao Metropolitana,Rogerio Antunes,Marmitex Aluminio 800ml,Descartaveis,VENDA,1,10.12,10.58,8.79,2.29,0.27,0.69,-0.77
2025-03-06,2025-03,50354,Zenite Participacoes ME,Padaria,Interior Norte,Simone Klein,SACO LIXO 60L,Descartaveis,VENDA,3,10.89,22.15,19.5,3.4,0.69,1.02,-1.44
2025-03-07,2025-03,50366,BOREAL SERVICOS LTDA ME,Escola,Regiao Metropolitana,Tarcisio Bueno,Alvejante 5L - Fardo 12,Quimicos,DEVOLUCAO,-2,7.6,-47.62,-34.02,5.28,-1.33,5.28,-17.55
2025-03-07,2025-03,50369,Horizonte Distribuidora S/A,Condominio,Regiao Metropolitana,Rogerio Antunes,Desinfetante Lavanda 5L - Fardo 6,Quimicos,VENDA,1,0.85,52.39,30.79,8.78,1.39,2.64,11.43
2025-03-07,2025-03,50373,Serrano Servicos LTDA ME,Mercado,Interior Norte,Simone Klein,Prato Descartavel 15cm,Descartaveis,VENDA,10,11.61,281.3,280.1,15.28,9.85,15.28,-23.93
2025-03-07,2025-03,50373,Serrano Servicos LTDA ME,Mercado,Interior Norte,Simone Klein,Alvejante 5L,Quimicos,VENDA,10,3.18,610.8,416.4,33.17,21.38,33.17,139.85
2025-03-11,2025-03,50395,Serrano Servicos LTDA ME,Mercado,Interior Norte,Simone Klein,Cera Liquida Incolor 5L - Fardo 6,Quimicos,VENDA,1,2.94,65.66,35.22,19.81,1.81,5.94,8.82
2025-03-11,2025-03,50397,Querencia Participacoes EIRELI,Mercado,Regiao Metropolitana,Tarcisio Bueno,Saco Lixo 100L,Descartaveis,VENDA,3,14.51,108.51,80.73,42.98,2.2,12.89,-17.4
2025-03-12,2025-03,50402,Guarani Servicos LTDA ME,Escola,Litoral,Tarcisio Bueno,papel toalha rolo 100f,Papel,VENDA,1,5.46,48.55,36.97,5.88,1.36,5.88,4.34
2025-03-12,2025-03,50406,Guarani Servicos LTDA ME,Escola,Litoral,Tarcisio Bueno,luva plastica descartavel - pacote 100,Descartaveis,VENDA,2,6.55,41.32,38.92,9.49,1.16,9.49,-8.25
2025-03-13,2025-03,50418,Aurora Alimentos S/A,Escola,Litoral,Simone Klein,Copo Descartavel 50ml - Fardo 6,Descartaveis,VENDA,1,3.14,37.19,26.45,11.53,1.02,3.46,-1.81
2025-03-13,2025-03,50420,Trevo Empreendimentos LTDA,Padaria,Interior Norte,Rogerio Antunes,Talher Descartavel Misto - Caixa 24,Descartaveis,VENDA,5,11.46,157.6,156.65,15.01,4.73,15.01,-18.79
2025-03-13,2025-03,50421,Imperial Servicos S/A,Clinica,Regiao Metropolitana,Rogerio Antunes,Luva Plastica Descartavel - Fardo 6,Descartaveis,VENDA,3,8.65,58.9,45.75,16.29,1.42,4.88,-4.56
2025-03-13,2025-03,50423,Serrano Servicos LTDA ME,Mercado,Interior Norte,Simone Klein,papel toalha rolo 100f,Papel,VENDA,3,3.7,172.39,110.91,34.35,5.19,10.31,21.94
2025-03-14,2025-03,50425,Querencia Participacoes EIRELI,Mercado,Regiao Metropolitana,Tarcisio Bueno,luva plastica descartavel - pacote 100,Descartaveis,VENDA,2,11.22,39.26,38.92,3.89,1.1,3.89,-4.65
2025-03-14,2025-03,50430,Querencia Participacoes EIRELI,Mercado,Regiao Metropolitana,Tarcisio Bueno,Marmitex Aluminio 800ml - Caixa 24,Descartaveis,VENDA,2,0.01,23.82,20.96,1.83,0.67,1.83,0.36
2025-03-14,2025-03,50430,Querencia Participacoes EIRELI,Mercado,Regiao Metropolitana,Tarcisio Bueno,sabao liquido 5l - pacote 100,Quimicos,VENDA,1,6.81,32.34,22.9,2.49,0.91,2.49,6.04
2025-03-14,2025-03,50431,Oriente Participacoes LTDA,Clinica,Regiao Metropolitana,Simone Klein,Marmitex Aluminio 800ml - Caixa 24,Descartaveis,VENDA,5,6.32,182.8,171.75,13.28,6.4,13.28,-8.63
2025-03-17,2025-03,50447,Estrela Servicos LTDA,Escola,Litoral,Tarcisio Bueno,SACO LIXO 60L - CAIXA 24,Descartaveis,VENDA,50,26.28,419.5,500.5,51.2,11.75,51.2,-143.95
2025-03-18,2025-03,50453,Jangada Empreendimentos ME,Condominio,Litoral,Rogerio Antunes,Desinfetante Lavanda 5L,Quimicos,VENDA,10,0.52,334.38,202.1,42.54,9.14,12.76,80.6
2025-03-18,2025-03,50456,Pampa Alimentos ME,Padaria,Regiao Metropolitana,Rogerio Antunes,papel higienico rolao 300m - fardo 6,Papel,VENDA,2,2.33,196.3,122.72,42.63,4.99,12.79,25.96
2025-03-20,2025-03,50469,Querencia Participacoes EIRELI,Mercado,Regiao Metropolitana,Tarcisio Bueno,Luva Latex - Caixa 24,EPI,VENDA,3,0.09,23.51,11.73,6.58,0.53,1.97,4.67
2025-03-20,2025-03,50470,BOREAL SERVICOS LTDA ME,Escola,Regiao Metropolitana,Tarcisio Bueno,PRATO DESCARTAVEL 15CM - PACOTE 100,Descartaveis,VENDA,3,6.98,104.79,99.12,14.81,2.93,14.81,-12.07
2025-03-20,2025-03,50473,BOREAL SERVICOS LTDA ME,Escola,Regiao Metropolitana,Tarcisio Bueno,Saco Lixo 60L - Fardo 6,Descartaveis,VENDA,1,14.07,8.19,8.39,0.93,0.23,0.93,-1.36
2025-03-20,2025-03,50479,horizonte distribuidora me,Condominio,Regiao Metropolitana,Rogerio Antunes,Copo Descartavel 50ml - Pacote 100,Descartaveis,VENDA,2,9.84,55.99,48.0,9.73,1.48,2.92,-3.22
2025-03-20,2025-03,50479,horizonte distribuidora me,Condominio,Regiao Metropolitana,Rogerio Antunes,Marmitex Aluminio 800ml - Caixa 24,Descartaveis,VENDA,5,2.79,65.92,52.4,11.46,1.74,3.44,0.32
2025-03-21,2025-03,50490,Xavante Industria EIRELI,Escola,Regiao Metropolitana,Tarcisio Bueno,Sabao Liquido 5L - Fardo 12,Quimicos,VENDA,2,6.14,35.31,20.82,8.16,0.83,2.45,5.5
2025-03-24,2025-03,50497,Estrela Negocios EIRELI,Padaria,Interior Norte,Rogerio Antunes,Copo Descartavel 50ml - Pacote 100,Descartaveis,VENDA,1,7.14,27.78,24.0,3.52,0.76,1.06,-0.5
2025-03-24,2025-03,50501,Serrano Alimentos EIRELI,Padaria,Regiao Metropolitana,Simone Klein,Papel Higienico Folha Dupla 30m,Papel,VENDA,2,0.06,66.02,36.14,22.65,1.76,6.79,5.47
2025-03-25,2025-03,50510,Zenite Participacoes ME,Padaria,Interior Norte,Simone Klein,Copo Descartavel 200ml - Fardo 12,Descartaveis,VENDA,1,5.11,37.81,31.4,5.64,1.19,1.69,-0.42
2025-03-26,2025-03,50516,Serrano Servicos LTDA ME,Mercado,Interior Norte,Simone Klein,Embalagem Delivery 750ml,Descartaveis,VENDA,10,3.54,263.3,240.2,27.18,9.22,27.18,-13.3
2025-03-27,2025-03,50526,Horizonte Distribuidora S/A,Condominio,Regiao Metropolitana,Rogerio Antunes,removedor 1l,Quimicos,VENDA,1,2.46,69.91,38.68,18.2,1.72,5.46,11.31
2025-03-27,2025-03,50527,Nortao Industria ME,Padaria,Interior Norte,Simone Klein,Marmitex Aluminio 800ml,Descartaveis,VENDA,3,1.19,34.65,26.37,7.2,1.04,2.16,0.04
2025-03-27,2025-03,50527,Nortao Industria ME,Padaria,Interior Norte,Simone Klein,Alcool 70 1L - Caixa 24,Quimicos,VENDA,5,3.32,106.67,62.25,22.16,3.19,6.64,19.07
2025-04-01,2025-04,50551,Trevo Empreendimentos LTDA,Padaria,Interior Norte,Rogerio Antunes,Bobina Papel Toalha 200m - Fardo 6,Papel,VENDA,1,3.33,27.2,20.26,2.63,0.82,2.63,3.49
2025-04-01,2025-04,50553,Trevo Comercio LTDA,Restaurante,Interior Norte,Simone Klein,Removedor 1L - Fardo 6,Quimicos,VENDA,2,1.77,29.56,19.86,0.53,1.03,0.53,8.14
2025-04-01,2025-04,50556,Luminar Alimentos S/A,Restaurante,Interior Sul,Rogerio Antunes,Luva Plastica Descartavel - Fardo 6,Descartaveis,VENDA,2,2.13,33.92,30.5,5.03,1.02,5.03,-2.63
2025-04-01,2025-04,50556,Luminar Alimentos S/A,Restaurante,Interior Sul,Rogerio Antunes,SACO LIXO 60L - PACOTE 100,Descartaveis,VENDA,1,5.03,14.39,13.33,2.14,0.43,2.14,-1.51
2025-04-05,2025-04,50580,Horizonte Distribuidora S/A,Condominio,Regiao Metropolitana,Rogerio Antunes,Papel Higienico Folha Dupla 30m - Fardo 12,Papel,VENDA,10,1.79,688.3,504.6,53.98,20.65,53.98,109.07
2025-04-07,2025-04,50584,TREVO ALIMENTOS S/A,Mercado,Interior Norte,Rogerio Antunes,Papel Higienico Rolao 300m - Fardo 12,Papel,VENDA,1,3.56,83.5,62.34,14.91,2.51,14.91,3.74
2025-04-07,2025-04,50584,TREVO ALIMENTOS S/A,Mercado,Interior Norte,Rogerio Antunes,PRATO DESCARTAVEL 15CM - PACOTE 100,Descartaveis,VENDA,2,10.27,67.38,66.08,12.03,2.02,12.03,-12.75
2025-04-10,2025-04,50607,Boreal Empreendimentos LTDA,Industria,Regiao Metropolitana,Tarcisio Bueno,DESINFETANTE LAVANDA 5L - FARDO 6,Quimicos,VENDA,2,1.6,89.35,55.26,9.96,2.31,2.99,21.82
2025-04-11,2025-04,50617,Querencia Participacoes EIRELI,Mercado,Regiao Metropolitana,Tarcisio Bueno,Copo Descartavel 200ml,Descartaveis,VENDA,2,12.86,75.34,59.72,23.14,1.66,6.94,-9.18
2025-04-14,2025-04,50621,Alvorada Servicos LTDA,Hotel,Interior Norte,Rogerio Antunes,Prato Descartavel 15cm - Caixa 24,Descartaveis,VENDA,2,13.89,73.5,61.66,18.83,1.81,5.65,-8.8
2025-04-17,2025-04,50638,Imperial Servicos S/A,Clinica,Regiao Metropolitana,Rogerio Antunes,Papel Toalha Rolo 100f - Fardo 6,Papel,VENDA,10,2.11,883.5,649.8,43.12,26.51,43.12,164.07
2025-04-17,2025-04,50638,Imperial Servicos S/A,Clinica,Regiao Metropolitana,Rogerio Antunes,ALCOOL 70 1L - FARDO 6,Quimicos,VENDA,3,7.57,176.25,125.85,8.6,5.29,8.6,36.51
2025-04-21,2025-04,50660,Imperial Servicos S/A,Clinica,Regiao Metropolitana,Rogerio Antunes,Embalagem Delivery 750ml - Pacote 100,Descartaveis,VENDA,5,3.72,68.4,54.95,11.78,1.8,3.53,-0.13
2025-04-22,2025-04,50662,Uniao Servicos S/A,Condominio,Litoral,Rogerio Antunes,LUVA PLASTICA DESCARTAVEL,Descartaveis,VENDA,1,12.43,62.42,32.22,43.37,0.96,13.01,-14.13
2025-04-22,2025-04,50666,Nortao Industria LTDA,Industria,Interior Sul,Rogerio Antunes,Cera Liquida Incolor 5L - Fardo 6,Quimicos,VENDA,2,2.72,69.94,47.46,7.22,2.1,7.22,13.16
2025-04-23,2025-04,50668,BOREAL SERVICOS LTDA ME,Escola,Regiao Metropolitana,Tarcisio Bueno,Saco Lixo 60L - Fardo 6,Descartaveis,VENDA,1,0.04,14.32,8.39,6.85,0.27,2.06,-1.19
2025-04-23,2025-04,50670,Nortao Industria ME,Padaria,Interior Norte,Simone Klein,Alvejante 5L - Fardo 12,Quimicos,VENDA,1,8.79,45.39,21.58,22.23,1.04,6.67,0.54
2025-04-23,2025-04,50673,Serrano Servicos LTDA ME,Mercado,Interior Norte,Simone Klein,Avental PVC - Pacote 100,EPI,VENDA,5,0.98,132.08,75.2,17.11,4.2,5.13,35.57
2025-04-23,2025-04,50675,Aurora Industria LTDA,Clinica,Regiao Metropolitana,Tarcisio Bueno,Sabao Liquido 5L - Fardo 12,Quimicos,VENDA,1,7.25,16.35,10.41,2.46,0.41,0.74,3.07
2025-04-24,2025-04,50676,Serrano Servicos LTDA ME,Mercado,Interior Norte,Simone Klein,SACO LIXO 60L - PACOTE 100,Descartaveis,VENDA,1,1.4,26.05,13.33,15.87,0.52,4.76,-3.67
2025-04-24,2025-04,50677,Oriente Participacoes LTDA,Clinica,Regiao Metropolitana,Simone Klein,mop umido - fardo 6,Acessorios,VENDA,5,2.97,204.47,101.15,54.47,5.82,16.35,43.03
2025-04-29,2025-04,50697,Querencia Participacoes EIRELI,Mercado,Regiao Metropolitana,Tarcisio Bueno,Embalagem Delivery 750ml - Fardo 6,Descartaveis,VENDA,1,9.83,45.38,31.85,18.21,0.91,5.46,-5.59
2025-04-30,2025-04,50698,Central Negocios ME,Mercado,Interior Sul,Tarcisio Bueno,removedor 1l,Quimicos,VENDA,3,0.75,174.51,116.04,17.1,4.89,17.1,36.48
2025-04-30,2025-04,50698,Central Negocios ME,Mercado,Interior Sul,Tarcisio Bueno,Papel Toalha Rolo 100f - Fardo 6,Papel,VENDA,5,3.81,434.05,324.9,42.53,12.15,42.53,54.47
2025-04-30,2025-04,50699,Horizonte Distribuidora S/A,Condominio,Regiao Metropolitana,Rogerio Antunes,Copo Descartavel 50ml,Descartaveis,VENDA,3,1.68,120.24,97.65,15.89,3.27,4.76,3.43
2025-05-03,2025-05,50716,Serrano Servicos LTDA ME,Mercado,Interior Norte,Simone Klein,Papel Toalha Interfolha 1000f - Caixa 24,Papel,VENDA,3,0.98,223.8,150.15,24.72,7.23,7.41,41.7
2025-05-05,2025-05,50720,XAVANTE EMPREENDIMENTOS LTDA ME,Mercado,Interior Norte,Simone Klein,Alvejante 5L - Fardo 12,Quimicos,VENDA,3,4.25,104.97,64.74,15.77,3.29,4.73,21.17
2025-05-05,2025-05,50720,XAVANTE EMPREENDIMENTOS LTDA ME,Mercado,Interior Norte,Simone Klein,Luva Plastica Descartavel - Fardo 6,Descartaveis,VENDA,10,3.47,186.97,152.5,28.1,5.86,8.43,0.51
2025-05-06,2025-05,50726,Boreal Empreendimentos LTDA,Industria,Regiao Metropolitana,Tarcisio Bueno,Rodo 40cm - Pacote 100,Acessorios,VENDA,20,3.77,406.4,249.2,34.06,11.38,34.06,111.76
2025-05-06,2025-05,50726,Boreal Empreendimentos LTDA,Industria,Regiao Metropolitana,Tarcisio Bueno,Alvejante 5L - Caixa 24,Quimicos,VENDA,1,4.19,54.87,37.8,4.6,1.54,4.6,10.93
2025-05-07,2025-05,50744,Imperial Servicos S/A,Clinica,Regiao Metropolitana,Rogerio Antunes,luva plastica descartavel - pacote 100,Descartaveis,VENDA,2,16.47,45.15,38.92,11.73,1.11,3.52,-6.61
2025-05-08,2025-05,50746,BOREAL SERVICOS LTDA ME,Escola,Regiao Metropolitana,Tarcisio Bueno,Papel Higienico Folha Dupla 30m,Papel,VENDA,1,7.78,28.33,18.07,7.41,0.65,2.23,2.2
2025-05-08,2025-05,50750,Oriente Negocios ME,Restaurante,Interior Sul,Rogerio Antunes,Prato Descartavel 15cm - Caixa 24,Descartaveis,VENDA,10,16.7,327.88,308.3,51.54,8.75,15.46,-40.71
2025-05-09,2025-05,50752,Nortao Alimentos S/A,Escola,Interior Norte,Simone Klein,Marmitex Aluminio 800ml - Caixa 24,Descartaveis,VENDA,10,5.28,414.26,343.5,63.66,12.94,19.1,-5.84
2025-05-10,2025-05,50762,Central Negocios ME,Mercado,Interior Sul,Tarcisio Bueno,Esponja Dupla Face - Caixa 24,Acessorios,VENDA,10,3.37,437.9,267.4,25.03,12.26,25.03,133.21
2025-05-10,2025-05,50762,Central Negocios ME,Mercado,Interior Sul,Tarcisio Bueno,Desinfetante Lavanda 5L - Pacote 100,Quimicos,VENDA,10,4.17,543.9,374.6,31.09,15.23,31.09,122.98
2025-05-12,2025-05,50765,Querencia Participacoes EIRELI,Mercado,Regiao Metropolitana,Tarcisio Bueno,Oculos Protecao - Fardo 6,EPI,VENDA,1,2.05,24.41,7.71,17.47,0.34,5.24,-1.11
2025-05-12,2025-05,50766,Serrano Servicos LTDA ME,Mercado,Interior Norte,Simone Klein,Alcool 70 1L - Caixa 24,Quimicos,VENDA,5,0.75,284.95,189.5,28.17,9.97,28.17,57.31
2025-05-12,2025-05,50767,Missoes Participacoes LTDA ME,Restaurante,Litoral,Tarcisio Bueno,Copo Descartavel 50ml - Pacote 100,Descartaveis,VENDA,3,1.9,47.52,38.61,6.42,1.2,1.92,1.29
2025-05-12,2025-05,50770,BOREAL SERVICOS LTDA ME,Escola,Regiao Metropolitana,Tarcisio Bueno,BOBINA PAPEL TOALHA 200M - PACOTE 100,Papel,VENDA,1,7.47,58.45,21.85,43.38,0.79,13.01,-7.57
2025-05-12,2025-05,50772,Querencia Alimentos LTDA,Mercado,Interior Norte,Simone Klein,SACO LIXO 60L - PACOTE 100,Descartaveis,VENDA,5,1.02,75.0,66.65,6.23,2.63,6.23,-0.51
2025-05-13,2025-05,50777,Oriente Negocios LTDA ME,Industria,Litoral,Rogerio Antunes,Detergente Neutro 5L,Quimicos,VENDA,3,3.02,158.05,99.63,16.65,4.39,5.0,37.38
2025-05-14,2025-05,50785,Luminar Alimentos S/A,Restaurante,Interior Sul,Rogerio Antunes,Marmitex Aluminio 800ml,Descartaveis,VENDA,1,13.44,13.32,8.79,6.68,0.26,2.01,-2.41
2025-05-15,2025-05,50790,Xavante Servicos EIRELI,Padaria,Litoral,Rogerio Antunes,Saco Lixo 100L - Fardo 6,Descartaveis,VENDA,2,1.72,66.56,49.38,16.28,1.65,4.88,-0.75
2025-05-17,2025-05,50795,Central Negocios ME,Mercado,Interior Sul,Tarcisio Bueno,Sabao Liquido 5L,Quimicos,VENDA,5,1.02,284.52,168.4,45.68,7.07,13.71,63.37
2025-05-20,2025-05,50802,Aurora Industria LTDA,Clinica,Regiao Metropolitana,Tarcisio Bueno,DETERGENTE NEUTRO 5L - PACOTE 100,Quimicos,VENDA,1,0.86,20.74,10.96,6.11,0.46,1.84,3.21
2025-05-20,2025-05,50802,Aurora Industria LTDA,Clinica,Regiao Metropolitana,Tarcisio Bueno,Bobina Papel Toalha 200m,Papel,VENDA,1,2.89,59.82,35.21,17.61,1.33,5.28,5.67
2025-05-22,2025-05,50811,Querencia Participacoes EIRELI,Mercado,Regiao Metropolitana,Tarcisio Bueno,Copo Descartavel 200ml - Fardo 12,Descartaveis,VENDA,20,3.78,383.0,350.2,54.1,10.72,54.1,-32.02
2025-05-23,2025-05,50816,Vitoria Distribuidora LTDA ME,Hotel,Interior Sul,Tarcisio Bueno,PAPEL HIGIENICO ROLAO 300M,Papel,VENDA,10,3.41,180.49,125.4,17.41,4.71,5.22,32.97
2025-05-26,2025-05,50828,Pampa Participacoes ME,Padaria,Interior Norte,Tarcisio Bueno,REMOVEDOR 1L - CAIXA 24,Quimicos,VENDA,5,2.26,101.36,50.35,38.23,2.09,11.47,10.69
2025-05-26,2025-05,50831,Pampa Alimentos ME,Padaria,Regiao Metropolitana,Rogerio Antunes,Papel Toalha Rolo 100f - Fardo 6,Papel,VENDA,1,6.62,84.28,64.98,20.38,2.53,20.38,-3.61
2025-05-26,2025-05,50832,Aurora Industria LTDA ME,Clinica,Interior Sul,Tarcisio Bueno,Copo Descartavel 200ml - Fardo 12,Descartaveis,VENDA,3,9.42,123.35,94.2,37.7,2.71,11.31,-11.26
2025-05-27,2025-05,50836,Imperial Servicos S/A,Clinica,Regiao Metropolitana,Rogerio Antunes,Luva Plastica Descartavel - Pacote 100,Descartaveis,VENDA,3,8.73,60.51,50.82,11.15,1.58,3.35,-3.04
2025-05-27,2025-05,50843,Oriente Negocios LTDA ME,Industria,Litoral,Rogerio Antunes,Cera Liquida Incolor 5L - Fardo 6,Quimicos,VENDA,3,1.22,106.53,71.19,9.33,3.2,9.33,22.81
2025-05-28,2025-05,50846,Xavante Servicos EIRELI,Padaria,Litoral,Rogerio Antunes,Papel Higienico Rolao 300m - Fardo 12,Papel,VENDA,2,4.5,132.21,89.24,19.79,3.55,5.94,19.63
2025-05-28,2025-05,50851,Oriente Negocios LTDA ME,Industria,Litoral,Rogerio Antunes,Limpador Multiuso 5L - Fardo 6,Quimicos,VENDA,1,0.67,54.89,33.91,5.5,1.53,1.65,13.95
2025-06-02,2025-06,50868,Serrano Alimentos EIRELI,Padaria,Regiao Metropolitana,Simone Klein,Bobina Papel Toalha 200m,Papel,VENDA,2,5.02,92.9,70.42,11.86,3.25,11.86,7.37
2025-06-02,2025-06,50868,Serrano Alimentos EIRELI,Padaria,Regiao Metropolitana,Simone Klein,Saco Lixo 60L - Fardo 6,Descartaveis,VENDA,2,8.47,17.44,16.78,2.23,0.61,2.23,-2.18
2025-06-03,2025-06,50872,Estrela Servicos ME,Hotel,Interior Sul,Tarcisio Bueno,Luva Plastica Descartavel - Fardo 6,Descartaveis,VENDA,5,0.67,100.52,76.25,20.68,2.41,6.21,1.18
2025-06-03,2025-06,50874,Nortao Industria ME,Padaria,Interior Norte,Simone Klein,Alvejante 5L - Caixa 24,Quimicos,VENDA,1,4.62,59.48,37.8,6.94,1.91,2.08,12.83
2025-06-03,2025-06,50879,Serrano Alimentos EIRELI,Padaria,Regiao Metropolitana,Simone Klein,Alcool 70 1L - Caixa 24,Quimicos,VENDA,20,2.06,1124.8,758.0,27.65,39.37,27.65,299.78
2025-06-03,2025-06,50879,Serrano Alimentos EIRELI,Padaria,Regiao Metropolitana,Simone Klein,SABAO LIQUIDO 5L - FARDO 6,Quimicos,VENDA,20,2.18,830.2,560.2,20.41,29.06,20.41,220.53
2025-06-06,2025-06,50902,Pampa Alimentos ME,Padaria,Regiao Metropolitana,Rogerio Antunes,Bobina Papel Toalha 200m - Caixa 24,Papel,VENDA,2,3.84,152.14,98.76,28.92,3.96,8.68,20.5
2025-06-06,2025-06,50903,Horizonte Distribuidora S/A,Condominio,Regiao Metropolitana,Rogerio Antunes,pano multiuso - caixa 24,Acessorios,VENDA,2,2.98,56.06,30.84,7.63,1.52,2.29,16.07
2025-06-07,2025-06,50907,Jangada Comercio ME,Padaria,Regiao Metropolitana,Simone Klein,Papel Toalha Interfolha 1000f - Pacote 100,Papel,VENDA,3,1.03,262.64,173.19,35.13,8.33,10.54,45.99
2025-06-11,2025-06,50918,Querencia Distribuidora LTDA ME,Padaria,Interior Norte,Rogerio Antunes,Alvejante 5L - Caixa 24,Quimicos,VENDA,10,0.17,571.7,378.0,38.95,17.15,38.95,137.6
2025-06-11,2025-06,50921,Horizonte Negocios LTDA ME,Mercado,Litoral,Simone Klein,Alcool 70 1L,Quimicos,VENDA,1,3.57,58.46,40.01,5.7,2.05,5.7,10.7
2025-06-16,2025-06,50941,BOREAL SERVICOS LTDA ME,Escola,Regiao Metropolitana,Tarcisio Bueno,Saco Lixo 100L - Pacote 100,Descartaveis,VENDA,2,16.47,33.84,31.84,5.17,0.85,1.55,-4.02
2025-06-17,2025-06,50944,TREVO ALIMENTOS S/A,Mercado,Interior Norte,Rogerio Antunes,Luva Plastica Descartavel - Fardo 6,Descartaveis,VENDA,10,10.7,154.8,152.5,10.37,4.64,10.37,-12.71
2025-06-17,2025-06,50948,Rio Claro Servicos S/A,Industria,Interior Norte,Rogerio Antunes,Oculos Protecao - Caixa 24,EPI,VENDA,5,1.26,164.34,88.8,32.7,4.24,9.81,38.6
2025-06-18,2025-06,50954,Rio Claro Servicos EIRELI,Mercado,Interior Norte,Tarcisio Bueno,borrifador 500ml - fardo 6,Acessorios,VENDA,1,8.38,38.42,18.72,13.35,0.81,4.0,5.54
2025-06-18,2025-06,50959,BOREAL SERVICOS LTDA ME,Escola,Regiao Metropolitana,Tarcisio Bueno,Luva Latex - Fardo 6,EPI,VENDA,2,4.3,36.88,23.9,3.19,1.03,3.19,8.76
2025-06-18,2025-06,50959,BOREAL SERVICOS LTDA ME,Escola,Regiao Metropolitana,Tarcisio Bueno,Saco Lixo 60L - Fardo 6,Descartaveis,VENDA,5,5.46,45.05,41.95,3.89,1.26,3.89,-2.05
2025-06-19,2025-06,50962,Querencia Participacoes EIRELI,Mercado,Regiao Metropolitana,Tarcisio Bueno,AVENTAL PVC - CAIXA 24,EPI,VENDA,1,2.77,23.19,12.66,4.77,0.56,1.43,5.2
2025-06-20,2025-06,50975,Boreal Negocios ME,Padaria,Interior Norte,Rogerio Antunes,papel toalha rolo 100f - fardo 6,Papel,VENDA,1,1.78,55.73,30.81,19.57,1.26,5.87,4.09
2025-06-23,2025-06,50979,Querencia Participacoes EIRELI,Mercado,Regiao Metropolitana,Tarcisio Bueno,luva plastica descartavel - pacote 100,Descartaveis,VENDA,3,13.08,75.82,58.38,25.95,1.61,7.79,-10.12
2025-06-23,2025-06,50980,Rio Claro Negocios LTDA,Restaurante,Regiao Metropolitana,Simone Klein,BOBINA PAPEL TOALHA 200M - PACOTE 100,Papel,VENDA,5,0.95,150.3,109.25,2.8,5.26,2.8,32.99
2025-06-23,2025-06,50980,Rio Claro Negocios LTDA,Restaurante,Regiao Metropolitana,Simone Klein,papel higienico rolao 300m - fardo 6,Papel,VENDA,50,3.25,4122.5,3068.0,76.93,144.29,76.93,833.28
2025-06-25,2025-06,50991,Rio Claro Servicos EIRELI,Mercado,Interior Norte,Tarcisio Bueno,Saco Lixo 30L - Fardo 6,Descartaveis,VENDA,3,15.33,82.44,76.47,12.64,2.06,3.79,-8.73
2025-06-25,2025-06,50992,Aurora Industria LTDA ME,Clinica,Interior Sul,Tarcisio Bueno,Papel Higienico Rolao 300m - Fardo 12,Papel,VENDA,2,0.23,184.38,133.06,21.86,5.16,21.86,24.3
2025-06-27,2025-06,50997,Querencia Alimentos LTDA,Mercado,Interior Norte,Simone Klein,Cera Liquida Incolor 5L,Quimicos,VENDA,1,2.74,62.41,34.68,16.15,1.79,4.85,9.79
2025-06-27,2025-06,50999,Aurora Industria LTDA ME,Clinica,Interior Sul,Tarcisio Bueno,Papel Toalha Rolo 100f - Fardo 6,Papel,VENDA,2,2.68,191.07,129.96,22.01,4.92,6.6,34.18
2025-06-27,2025-06,51002,Pampa Alimentos ME,Padaria,Regiao Metropolitana,Rogerio Antunes,Borrifador 500ml - Fardo 12,Acessorios,VENDA,3,2.12,60.75,36.63,11.2,1.82,11.2,11.1
2025-06-27,2025-06,51002,Pampa Alimentos ME,Padaria,Regiao Metropolitana,Rogerio Antunes,Prato Descartavel 15cm,Descartaveis,VENDA,3,13.78,82.32,84.03,15.18,2.47,15.18,-19.36
2025-06-28,2025-06,51003,Vitoria Distribuidora LTDA ME,Hotel,Interior Sul,Tarcisio Bueno,Papel Higienico Rolao 300m - Fardo 12,Papel,VENDA,2,2.72,120.56,89.24,18.73,3.38,18.73,9.21
2025-06-28,2025-06,51003,Vitoria Distribuidora LTDA ME,Hotel,Interior Sul,Tarcisio Bueno,Desinfetante Lavanda 5L,Quimicos,VENDA,3,1.08,90.87,60.63,14.12,2.54,14.12,13.58
2025-06-30,2025-06,51006,Serrano Servicos LTDA ME,Mercado,Interior Norte,Simone Klein,Guardanapo 24x24 - Caixa 24,Papel,VENDA,1,2.95,86.84,48.9,29.89,2.31,8.97,5.74
2025-06-30,2025-06,51007,Boreal Negocios ME,Padaria,Interior Norte,Rogerio Antunes,Desinfetante Lavanda 5L - Fardo 6,Quimicos,VENDA,5,0.42,232.25,153.95,6.8,6.97,6.8,64.53
2025-07-01,2025-07,51018,Serrano Servicos LTDA ME,Mercado,Interior Norte,Simone Klein,Copo Descartavel 200ml,Descartaveis,VENDA,10,1.13,335.5,298.6,25.08,11.74,25.08,0.08
2025-07-02,2025-07,51024,Nortao Alimentos S/A,Escola,Interior Norte,Simone Klein,Guardanapo 24x24,Papel,VENDA,2,0.07,121.78,87.74,12.73,4.26,12.73,17.05
2025-07-03,2025-07,51031,Uniao Servicos LTDA,Industria,Interior Sul,Tarcisio Bueno,luva plastica descartavel - pacote 100,Descartaveis,VENDA,1,14.15,18.98,19.46,5.07,0.53,5.07,-6.08
2025-07-04,2025-07,51037,Querencia Participacoes EIRELI,Mercado,Regiao Metropolitana,Tarcisio Bueno,Detergente Neutro 5L - Caixa 24,Quimicos,VENDA,3,7.64,157.58,95.22,34.75,3.73,10.43,23.88
2025-07-08,2025-07,51049,Estrela Servicos LTDA,Escola,Litoral,Tarcisio Bueno,Prato Descartavel 15cm,Descartaveis,VENDA,3,1.85,137.2,84.03,62.11,2.62,18.63,-11.56
2025-07-11,2025-07,51056,Horizonte Industria S/A,Escola,Interior Norte,Rogerio Antunes,Guardanapo 24x24 - Caixa 24,Papel,VENDA,5,5.39,302.05,229.85,33.98,9.06,33.98,29.16
2025-07-11,2025-07,51057,Oriente Participacoes LTDA,Clinica,Regiao Metropolitana,Simone Klein,papel higienico folha dupla 30m - fardo 12,Papel,VENDA,5,0.89,384.61,255.2,47.59,12.3,14.28,69.52
2025-07-14,2025-07,51062,Uniao Comercio EIRELI,Escola,Interior Sul,Rogerio Antunes,PAPEL HIGIENICO ROLAO 300M,Papel,VENDA,20,3.91,334.8,250.8,29.54,10.04,29.54,44.42
2025-07-17,2025-07,51082,BOREAL SERVICOS LTDA ME,Escola,Regiao Metropolitana,Tarcisio Bueno,Luva Plastica Descartavel - Fardo 12,Descartaveis,VENDA,10,19.76,361.37,362.5,44.1,9.25,13.23,-54.48
2025-07-17,2025-07,51083,Horizonte Industria S/A,Escola,Interior Norte,Rogerio Antunes,Luva Plastica Descartavel - Pacote 100,Descartaveis,VENDA,1,4.84,20.58,16.94,3.23,0.55,0.97,-0.14
2025-07-18,2025-07,51093,Aurora Alimentos S/A,Escola,Litoral,Simone Klein,Removedor 1L - Fardo 6,Quimicos,VENDA,50,0.91,745.5,496.5,49.29,26.09,49.29,173.62
2025-07-19,2025-07,51102,Serrano Alimentos EIRELI,Padaria,Regiao Metropolitana,Simone Klein,Embalagem Delivery 750ml - Pacote 100,Descartaveis,VENDA,3,5.47,45.73,32.97,14.72,1.24,4.42,-3.2
2025-07-19,2025-07,51102,Serrano Alimentos EIRELI,Padaria,Regiao Metropolitana,Simone Klein,Mascara Descartavel - Fardo 6,EPI,VENDA,2,2.37,25.66,12.62,8.26,0.7,2.48,4.08
2025-07-21,2025-07,51103,Zenite Industria LTDA,Mercado,Litoral,Simone Klein,Copo Descartavel 200ml - Fardo 12,Descartaveis,VENDA,1,3.53,24.33,17.51,7.33,0.67,2.2,-1.18
2025-07-21,2025-07,51107,Querencia Negocios LTDA,Industria,Interior Norte,Simone Klein,DETERGENTE NEUTRO 5L - PACOTE 100,Quimicos,VENDA,2,3.1,32.2,21.92,3.55,1.13,3.55,5.6
2025-07-23,2025-07,51123,Trevo Alimentos EIRELI,Condominio,Interior Norte,Simone Klein,Sabao Liquido 5L - Fardo 12,Quimicos,VENDA,2,1.15,39.87,20.82,12.42,1.09,3.73,5.54
2025-07-23,2025-07,51124,Aurora Industria LTDA ME,Clinica,Interior Sul,Tarcisio Bueno,Desinfetante Lavanda 5L - Pacote 100,Quimicos,VENDA,5,2.55,301.42,187.3,35.54,7.74,10.67,70.84
2025-07-24,2025-07,51128,Serrano Alimentos EIRELI,Padaria,Regiao Metropolitana,Simone Klein,REMOVEDOR 1L - CAIXA 24,Quimicos,VENDA,5,0.04,76.25,50.35,5.4,2.67,5.4,17.83
2025-07-25,2025-07,51131,Estrela Servicos LTDA,Escola,Litoral,Tarcisio Bueno,Papel Higienico Rolao 300m - Fardo 12,Papel,VENDA,1,5.52,100.86,62.34,27.23,2.29,8.17,9.0
2025-07-25,2025-07,51138,Boreal Negocios ME,Padaria,Interior Norte,Rogerio Antunes,Papel Toalha Interfolha 1000f,Papel,VENDA,3,1.41,117.79,62.76,45.48,2.58,13.64,6.97
2025-07-28,2025-07,51146,Estrela Servicos ME,Hotel,Interior Sul,Tarcisio Bueno,Desengordurante 5L,Quimicos,VENDA,3,4.72,146.94,101.79,10.77,4.11,10.77,30.27
2025-07-29,2025-07,51152,Pampa Participacoes ME,Padaria,Interior Norte,Tarcisio Bueno,Papel Toalha Rolo 100f - Pacote 100,Papel,VENDA,3,2.57,222.84,164.67,22.36,6.24,22.36,29.57
2025-07-29,2025-07,51152,Pampa Participacoes ME,Padaria,Interior Norte,Tarcisio Bueno,OCULOS PROTECAO - FARDO 6,EPI,VENDA,2,1.9,14.1,8.92,1.41,0.39,1.41,3.38
2025-08-01,2025-08,51169,Oriente Negocios ME,Restaurante,Interior Sul,Rogerio Antunes,AVENTAL PVC - CAIXA 24,EPI,VENDA,3,0.43,83.52,37.98,32.18,1.83,9.65,11.53
2025-08-01,2025-08,51171,TREVO ALIMENTOS S/A,Mercado,Interior Norte,Rogerio Antunes,Marmitex Aluminio 800ml - Caixa 24,Descartaveis,VENDA,3,9.29,32.4,31.44,5.18,0.97,5.18,-5.19
2025-08-06,2025-08,51186,UNIAO ALIMENTOS LTDA ME,Restaurante,Litoral,Simone Klein,Balde 20L,Acessorios,VENDA,10,2.77,418.86,226.7,64.66,13.08,19.4,114.42
2025-08-06,2025-08,51189,Nortao Industria ME,Padaria,Interior Norte,Simone Klein,Alvejante 5L - Caixa 24,Quimicos,VENDA,2,4.37,109.54,75.6,9.07,3.83,9.07,21.04
2025-08-06,2025-08,51191,Luminar Alimentos S/A,Restaurante,Interior Sul,Rogerio Antunes,DESINFETANTE LAVANDA 5L - PACOTE 100,Quimicos,VENDA,50,16.16,2610.0,2054.5,65.58,78.3,65.58,411.62
2025-08-11,2025-08,51205,Imperial Servicos S/A,Clinica,Regiao Metropolitana,Rogerio Antunes,Balde 20L - Fardo 12,Acessorios,VENDA,1,4.96,27.36,14.77,5.11,0.71,1.54,6.77
2025-08-11,2025-08,51206,Zenite Participacoes ME,Padaria,Interior Norte,Simone Klein,Detergente Neutro 5L - Pacote 100,Quimicos,VENDA,2,2.61,55.17,29.52,16.58,1.52,4.97,7.55
2025-08-14,2025-08,51216,Boreal Negocios ME,Padaria,Interior Norte,Rogerio Antunes,papel toalha rolo 100f - fardo 6,Papel,VENDA,5,3.48,226.7,154.05,28.86,6.19,8.66,37.6
2025-08-14,2025-08,51217,Serrano Servicos LTDA ME,Mercado,Interior Norte,Simone Klein,papel higienico rolao 300m - fardo 6,Papel,VENDA,3,2.81,248.49,184.08,44.66,8.7,44.66,11.05
2025-08-14,2025-08,51219,Pampa Alimentos ME,Padaria,Regiao Metropolitana,Rogerio Antunes,DESINFETANTE LAVANDA 5L - PACOTE 100,Quimicos,DEVOLUCAO,-20,8.11,-1144.2,-821.8,42.84,-34.33,42.84,-330.91
2025-08-15,2025-08,51225,Oriente Participacoes LTDA,Clinica,Regiao Metropolitana,Simone Klein,papel higienico rolao 300m - fardo 6,Papel,VENDA,1,4.28,92.17,61.36,15.15,2.85,4.55,12.81
2025-08-18,2025-08,51236,Vitoria Comercio LTDA,Industria,Interior Sul,Simone Klein,Rodo 40cm - Pacote 100,Acessorios,VENDA,1,0.68,31.86,12.46,15.54,0.73,4.66,3.13
2025-08-19,2025-08,51244,Central Alimentos LTDA ME,Clinica,Litoral,Tarcisio Bueno,COPO DESCARTAVEL 200ML - FARDO 6,Descartaveis,VENDA,20,3.01,520.6,472.4,50.28,14.58,50.28,-16.66
2025-08-19,2025-08,51246,Serrano Servicos LTDA ME,Mercado,Interior Norte,Simone Klein,Guardanapo 24x24,Papel,VENDA,1,4.12,58.42,43.87,5.82,2.04,5.82,6.69
2025-08-19,2025-08,51247,Horizonte Negocios EIRELI,Escola,Litoral,Simone Klein,Balde 20L,Acessorios,VENDA,5,1.37,220.41,113.35,44.22,6.63,13.26,56.21
2025-08-20,2025-08,51248,Aurora Industria LTDA ME,Clinica,Interior Sul,Tarcisio Bueno,Saco Lixo 30L - Fardo 6,Descartaveis,VENDA,2,7.35,64.37,50.98,15.27,1.5,4.58,-3.38
2025-08-21,2025-08,51256,Boreal Comercio EIRELI,Mercado,Interior Sul,Simone Klein,Alcool 70 1L - Caixa 24,Quimicos,VENDA,3,1.66,64.87,37.35,13.17,1.95,3.95,12.4
2025-08-21,2025-08,51258,Trevo Comercio ME,Clinica,Regiao Metropolitana,Tarcisio Bueno,luva plastica descartavel - pacote 100,Descartaveis,VENDA,5,3.94,121.16,97.3,21.36,2.97,6.4,-0.47
2025-08-21,2025-08,51258,Trevo Comercio ME,Clinica,Regiao Metropolitana,Tarcisio Bueno,Prato Descartavel 15cm,Descartaveis,VENDA,5,1.44,178.94,140.05,31.55,4.39,9.46,2.95
2025-08-23,2025-08,51269,Aurora Distribuidora LTDA,Escola,Regiao Metropolitana,Rogerio Antunes,Marmitex Aluminio 800ml - Caixa 24,Descartaveis,VENDA,1,3.71,15.39,10.48,5.59,0.34,1.67,-1.02
2025-08-25,2025-08,51271,Central Negocios ME,Mercado,Interior Sul,Tarcisio Bueno,Cera Liquida Incolor 5L - Fardo 6,Quimicos,VENDA,1,1.51,52.55,35.22,3.01,1.47,3.01,12.85
2025-08-25,2025-08,51278,Imperial Distribuidora LTDA,Industria,Litoral,Tarcisio Bueno,Copo Descartavel 200ml - Pacote 100,Descartaveis,VENDA,10,0.11,328.0,289.0,22.96,9.18,22.96,6.86
2025-08-26,2025-08,51284,Vitoria Empreendimentos EIRELI,Restaurante,Litoral,Tarcisio Bueno,Alcool 70 1L,Quimicos,VENDA,2,0.91,133.99,80.02,19.78,3.36,5.93,30.83
2025-08-27,2025-08,51287,Horizonte Distribuidora S/A,Condominio,Regiao Metropolitana,Rogerio Antunes,Papel Toalha Interfolha 1000f - Pacote 100,Papel,DEVOLUCAO,-50,10.86,-3573.5,-2886.5,72.54,-107.21,72.54,-652.33
2025-08-27,2025-08,51287,Horizonte Distribuidora S/A,Condominio,Regiao Metropolitana,Rogerio Antunes,Marmitex Aluminio 800ml,Descartaveis,VENDA,10,5.48,94.4,87.9,1.92,2.83,1.92,1.75
2025-09-03,2025-09,51333,BOREAL SERVICOS LTDA ME,Escola,Regiao Metropolitana,Tarcisio Bueno,Papel Higienico Rolao 300m - Fardo 12,Papel,VENDA,1,5.96,115.6,62.34,48.82,2.28,14.64,2.16
2025-09-03,2025-09,51334,Imperial Servicos S/A,Clinica,Regiao Metropolitana,Rogerio Antunes,Marmitex Aluminio 800ml - Caixa 24,Descartaveis,VENDA,20,12.13,686.0,687.0,32.51,20.58,32.51,-54.09
2025-09-04,2025-09,51338,Central Negocios LTDA ME,Clinica,Interior Sul,Simone Klein,Papel Toalha Interfolha 1000f,Papel,VENDA,2,4.27,55.64,41.84,9.37,1.95,9.37,2.48
2025-09-04,2025-09,51338,Central Negocios LTDA ME,Clinica,Interior Sul,Simone Klein,Papel Toalha Interfolha 1000f - Caixa 24,Papel,VENDA,1,2.42,46.5,34.31,7.83,1.63,7.83,2.73
2025-09-04,2025-09,51345,Querencia Participacoes EIRELI,Mercado,Regiao Metropolitana,Tarcisio Bueno,Embalagem Delivery 750ml,Descartaveis,VENDA,5,16.01,147.13,120.1,46.4,3.21,13.92,-22.58
2025-09-05,2025-09,51346,Vitoria Empreendimentos EIRELI,Restaurante,Litoral,Tarcisio Bueno,Alcool 70 1L,Quimicos,VENDA,2,4.2,131.22,80.02,21.55,3.25,6.47,26.4
2025-09-06,2025-09,51352,Querencia Distribuidora LTDA ME,Padaria,Interior Norte,Rogerio Antunes,Vassoura Nylon - Caixa 24,Acessorios,VENDA,1,0.63,64.13,24.51,32.65,1.24,9.8,5.73
2025-09-09,2025-09,51361,Estrela Servicos LTDA,Escola,Litoral,Tarcisio Bueno,Papel Higienico Folha Dupla 30m - Fardo 12,Papel,VENDA,1,1.39,89.78,50.46,29.53,1.94,8.86,7.85
2025-09-09,2025-09,51364,Rio Claro Servicos EIRELI,Mercado,Interior Norte,Tarcisio Bueno,Saco Lixo 60L - Fardo 6,Descartaveis,VENDA,2,2.65,20.93,16.78,3.38,0.52,1.01,0.25
2025-09-10,2025-09,51371,Rio Claro Servicos S/A,Industria,Interior Norte,Rogerio Antunes,Alvejante 5L - Fardo 12,Quimicos,VENDA,3,1.71,105.45,51.03,42.08,2.28,12.62,10.06
2025-09-12,2025-09,51383,Querencia Participacoes EIRELI,Mercado,Regiao Metropolitana,Tarcisio Bueno,Alcool 70 1L,Quimicos,VENDA,1,1.56,59.67,40.01,2.26,1.67,2.26,15.73
2025-09-12,2025-09,51386,Central Negocios ME,Mercado,Interior Sul,Tarcisio Bueno,Copo Descartavel 50ml,Descartaveis,VENDA,20,1.58,728.2,651.0,37.5,20.39,37.5,19.31
2025-09-16,2025-09,51393,Querencia Participacoes EIRELI,Mercado,Regiao Metropolitana,Tarcisio Bueno,Papel Toalha Interfolha 1000f,Papel,VENDA,10,3.67,279.9,209.2,9.28,7.84,9.28,53.58
2025-09-16,2025-09,51395,Uniao Negocios LTDA,Hotel,Interior Norte,Rogerio Antunes,Cera Liquida Incolor 5L,Quimicos,VENDA,3,2.37,153.9,104.04,6.45,4.62,6.45,38.79
2025-09-17,2025-09,51409,Estrela Negocios EIRELI,Padaria,Interior Norte,Rogerio Antunes,Guardanapo 24x24 - Caixa 24,Papel,VENDA,1,2.77,88.27,48.9,31.76,1.98,9.53,5.63
2025-09-17,2025-09,51412,Horizonte Distribuidora S/A,Condominio,Regiao Metropolitana,Rogerio Antunes,Saco Lixo 100L - Pacote 100,Descartaveis,VENDA,2,8.27,37.71,31.84,6.47,1.0,1.94,-1.6
2025-09-19,2025-09,51421,Alvorada Servicos LTDA,Hotel,Interior Norte,Rogerio Antunes,Desengordurante 5L - Pacote 100,Quimicos,VENDA,1,5.68,21.37,12.37,5.27,0.53,1.58,3.2
2025-09-22,2025-09,51427,Querencia Participacoes EIRELI,Mercado,Regiao Metropolitana,Tarcisio Bueno,Detergente Neutro 5L,Quimicos,VENDA,3,3.53,145.62,99.63,12.46,4.08,12.46,29.45
2025-09-24,2025-09,51435,Aurora Distribuidora LTDA,Escola,Regiao Metropolitana,Rogerio Antunes,Desinfetante Lavanda 5L - Pacote 100,Quimicos,VENDA,1,2.23,66.81,37.46,16.17,1.66,4.85,11.52
2025-09-25,2025-09,51440,Querencia Alimentos LTDA,Mercado,Interior Norte,Simone Klein,Borrifador 500ml,Acessorios,VENDA,5,1.27,172.1,102.85,18.17,6.02,18.17,45.06
2025-09-25,2025-09,51440,Querencia Alimentos LTDA,Mercado,Interior Norte,Simone Klein,Sabao Liquido 5L,Quimicos,VENDA,1,1.65,50.19,33.68,5.3,1.76,5.3,9.45
2025-09-25,2025-09,51442,Vitoria Comercio LTDA,Industria,Interior Sul,Simone Klein,papel toalha rolo 100f - fardo 6,Papel,VENDA,5,0.57,236.04,154.05,33.28,7.45,9.99,41.26
2025-09-26,2025-09,51450,Nortao Alimentos S/A,Escola,Interior Norte,Simone Klein,removedor 1l,Quimicos,VENDA,1,3.64,61.64,38.68,7.37,1.98,2.21,13.61
2025-09-29,2025-09,51459,Luminar Participacoes LTDA,Condominio,Litoral,Simone Klein,Embalagem Delivery 750ml - Fardo 6,Descartaveis,VENDA,50,32.26,1226.0,1592.5,90.74,42.91,90.74,-500.15
2025-09-30,2025-09,51462,Querencia Empreendimentos LTDA,Clinica,Interior Sul,Simone Klein,Prato Descartavel 15cm,Descartaveis,VENDA,2,14.81,68.36,56.02,20.17,1.9,6.05,-9.73
2025-10-01,2025-10,51468,Querencia Participacoes EIRELI,Mercado,Regiao Metropolitana,Tarcisio Bueno,BOTA PVC - FARDO 6,EPI,DEVOLUCAO,-1,4.43,-6.8,-4.41,1.02,-0.19,1.02,-3.22
2025-10-01,2025-10,51468,Querencia Participacoes EIRELI,Mercado,Regiao Metropolitana,Tarcisio Bueno,BOBINA PAPEL TOALHA 200M - PACOTE 100,Papel,VENDA,1,4.37,29.02,21.85,4.34,0.81,4.34,2.02
2025-10-02,2025-10,51473,Xavante Distribuidora LTDA ME,Clinica,Interior Sul,Rogerio Antunes,Limpador Multiuso 5L - Fardo 6,Quimicos,VENDA,2,3.52,116.48,67.82,24.76,2.97,7.42,20.93
2025-10-02,2025-10,51478,Boreal Negocios ME,Padaria,Interior Norte,Rogerio Antunes,Copo Descartavel 200ml - Fardo 12,Descartaveis,VENDA,10,4.99,189.1,175.1,17.62,5.67,17.62,-9.29
2025-10-03,2025-10,51487,Oriente Participacoes LTDA,Clinica,Regiao Metropolitana,Simone Klein,LUVA PLASTICA DESCARTAVEL,Descartaveis,VENDA,1,4.35,49.1,32.22,20.12,1.23,6.04,-4.47
2025-10-04,2025-10,51489,Pampa Alimentos ME,Padaria,Regiao Metropolitana,Rogerio Antunes,Mascara Descartavel - Fardo 6,EPI,VENDA,50,6.15,477.5,315.5,38.07,14.33,38.07,109.61
2025-10-06,2025-10,51494,BOREAL SERVICOS LTDA ME,Escola,Regiao Metropolitana,Tarcisio Bueno,DETERGENTE NEUTRO 5L - PACOTE 100,Quimicos,VENDA,5,6.37,77.75,54.8,6.16,2.18,6.16,14.61
2025-10-06,2025-10,51494,BOREAL SERVICOS LTDA ME,Escola,Regiao Metropolitana,Tarcisio Bueno,Bobina Papel Toalha 200m,Papel,VENDA,20,12.22,858.4,704.2,67.95,24.04,67.95,62.21
2025-10-06,2025-10,51496,Trevo Alimentos EIRELI,Condominio,Interior Norte,Simone Klein,Papel Higienico Folha Dupla 30m - Fardo 12,Papel,VENDA,10,0.2,288.56,184.8,46.23,8.97,13.87,48.56
2025-10-08,2025-10,51510,Oriente Participacoes LTDA,Clinica,Regiao Metropolitana,Simone Klein,papel toalha rolo 100f,Papel,VENDA,1,2.5,50.07,36.97,3.43,1.75,3.43,7.92
2025-10-08,2025-10,51510,Oriente Participacoes LTDA,Clinica,Regiao Metropolitana,Simone Klein,Desinfetante Lavanda 5L - Fardo 6,Quimicos,VENDA,1,3.71,44.92,30.79,3.08,1.57,3.08,9.48
2025-10-08,2025-10,51511,Serrano Servicos LTDA ME,Mercado,Interior Norte,Simone Klein,BORRIFADOR 500ML - FARDO 12,Acessorios,VENDA,3,2.93,93.66,52.53,10.32,3.03,3.09,27.78
2025-10-08,2025-10,51511,Serrano Servicos LTDA ME,Mercado,Interior Norte,Simone Klein,Copo Descartavel 50ml,Descartaveis,VENDA,3,9.98,108.25,97.65,11.93,3.5,3.58,-4.83
2025-10-08,2025-10,51512,Querencia Distribuidora LTDA ME,Padaria,Interior Norte,Rogerio Antunes,Luva Latex - Fardo 12,EPI,VENDA,3,0.48,32.62,18.36,4.52,0.88,1.36,8.86
2025-10-10,2025-10,51524,Uniao Negocios LTDA,Hotel,Interior Norte,Rogerio Antunes,Luva Latex - Fardo 12,EPI,VENDA,2,1.06,22.15,12.24,3.72,0.59,1.11,5.6
2025-10-13,2025-10,51531,Luminar Alimentos S/A,Restaurante,Interior Sul,Rogerio Antunes,Marmitex Aluminio 800ml - Caixa 24,Descartaveis,VENDA,2,8.75,27.72,20.96,8.55,0.65,2.57,-2.44
2025-10-13,2025-10,51534,Querencia Participacoes EIRELI,Mercado,Regiao Metropolitana,Tarcisio Bueno,Bobina Papel Toalha 200m - Fardo 6,Papel,VENDA,2,8.79,59.81,40.52,12.1,1.44,3.63,5.75
2025-10-14,2025-10,51535,BOREAL SERVICOS LTDA ME,Escola,Regiao Metropolitana,Tarcisio Bueno,Oculos Protecao - Caixa 24,EPI,VENDA,3,3.05,107.43,53.28,34.42,2.33,10.33,17.4
2025-10-14,2025-10,51539,Horizonte Negocios LTDA ME,Mercado,Litoral,Simone Klein,Luva Plastica Descartavel - Fardo 12,Descartaveis,VENDA,1,1.25,40.68,36.25,9.18,1.42,9.18,-6.17
2025-10-15,2025-10,51546,Luminar Distribuidora EIRELI,Clinica,Litoral,Rogerio Antunes,Bota PVC - Caixa 24,EPI,VENDA,1,0.72,6.82,4.26,0.44,0.2,0.44,1.92
2025-10-16,2025-10,51553,Querencia Participacoes EIRELI,Mercado,Regiao Metropolitana,Tarcisio Bueno,Guardanapo 24x24 - Caixa 24,Papel,VENDA,1,7.36,62.92,48.9,9.77,1.76,9.77,2.49
2025-10-17,2025-10,51562,Horizonte Distribuidora S/A,Condominio,Regiao Metropolitana,Rogerio Antunes,mop umido - fardo 6,Acessorios,VENDA,20,1.29,677.0,404.6,26.41,20.31,26.41,225.68
2025-10-18,2025-10,51565,Querencia Participacoes EIRELI,Mercado,Regiao Metropolitana,Tarcisio Bueno,Papel Higienico Folha Dupla 30m,Papel,VENDA,10,1.85,270.59,180.7,34.55,6.9,10.36,48.44
2025-10-22,2025-10,51574,Querencia Participacoes EIRELI,Mercado,Regiao Metropolitana,Tarcisio Bueno,Avental PVC - Fardo 6,EPI,VENDA,3,1.63,28.54,13.53,10.12,0.6,3.03,4.29
2025-10-22,2025-10,51576,Trevo Empreendimentos LTDA,Padaria,Interior Norte,Rogerio Antunes,Papel Toalha Rolo 100f - Caixa 24,Papel,VENDA,5,3.68,275.74,176.15,57.28,7.07,17.19,35.24
2025-10-22,2025-10,51581,Boreal Negocios ME,Padaria,Interior Norte,Rogerio Antunes,Limpa Vidros 500ml - Fardo 12,Quimicos,VENDA,3,3.7,145.5,99.72,5.42,4.37,5.42,35.99
2025-10-22,2025-10,51581,Boreal Negocios ME,Padaria,Interior Norte,Rogerio Antunes,saco lixo 100l - fardo 12,Descartaveis,VENDA,10,0.67,333.3,295.2,12.41,10.0,12.41,15.69
2025-10-23,2025-10,51587,Boreal Industria LTDA,Hotel,Litoral,Tarcisio Bueno,LUVA PLASTICA DESCARTAVEL,Descartaveis,VENDA,2,8.66,74.48,64.44,10.86,1.87,3.26,-2.69
2025-10-24,2025-10,51591,Xavante Industria EIRELI,Escola,Regiao Metropolitana,Tarcisio Bueno,papel toalha rolo 100f,Papel,VENDA,2,3.58,118.65,73.94,28.04,2.77,8.41,13.9
2025-10-27,2025-10,51605,Pampa Alimentos ME,Padaria,Regiao Metropolitana,Rogerio Antunes,Cera Liquida Incolor 5L,Quimicos,VENDA,2,2.4,128.33,69.36,36.79,3.08,11.04,19.1
2025-10-29,2025-10,51617,Trevo Empreendimentos LTDA,Padaria,Interior Norte,Rogerio Antunes,sabao liquido 5l - pacote 100,Quimicos,VENDA,5,9.05,157.8,114.5,23.93,4.73,23.93,14.64
2025-10-29,2025-10,51617,Trevo Empreendimentos LTDA,Padaria,Interior Norte,Rogerio Antunes,Saco Lixo 100L - Pacote 100,Descartaveis,VENDA,1,2.07,17.72,15.92,2.69,0.53,2.69,-1.42
2025-10-29,2025-10,51618,Serrano Servicos LTDA ME,Mercado,Interior Norte,Simone Klein,papel higienico folha dupla 30m - fardo 12,Papel,VENDA,1,2.56,78.87,51.04,13.99,2.42,4.2,11.42
2025-10-29,2025-10,51622,Horizonte Distribuidora S/A,Condominio,Regiao Metropolitana,Rogerio Antunes,Removedor 1L - Fardo 6,Quimicos,DEVOLUCAO,-2,1.71,-29.58,-19.86,1.75,-0.89,1.75,-10.58
2025-10-30,2025-10,51628,Trevo Alimentos EIRELI,Condominio,Interior Norte,Simone Klein,Removedor 1L - Fardo 6,Quimicos,VENDA,20,4.63,287.0,198.6,40.78,10.05,40.78,37.58
2025-10-30,2025-10,51632,Uniao Comercio EIRELI,Escola,Interior Sul,Rogerio Antunes,Papel Higienico Folha Dupla 30m,Papel,VENDA,2,3.72,54.01,36.14,8.11,1.45,2.44,8.31
2025-10-31,2025-10,51637,Luminar Alimentos S/A,Restaurante,Interior Sul,Rogerio Antunes,Papel Higienico Rolao 300m - Fardo 12,Papel,VENDA,1,2.1,113.5,66.53,32.91,2.71,9.87,11.35
2025-11-05,2025-11,51654,Zenite Industria LTDA,Mercado,Litoral,Simone Klein,Alcool 70 1L - Caixa 24,Quimicos,VENDA,2,4.18,40.51,24.9,6.24,1.26,1.87,8.11
2025-11-05,2025-11,51654,Zenite Industria LTDA,Mercado,Litoral,Simone Klein,pano multiuso - caixa 24,Acessorios,VENDA,3,1.15,86.89,46.26,13.38,2.71,4.01,24.54
2025-11-06,2025-11,51658,Rio Claro Servicos S/A,Industria,Interior Norte,Rogerio Antunes,ALCOOL 70 1L - FARDO 6,Quimicos,VENDA,1,1.38,68.65,41.95,8.54,1.88,2.57,16.28
2025-11-06,2025-11,51659,Boreal Negocios ME,Padaria,Interior Norte,Rogerio Antunes,Papel Toalha Interfolha 1000f - Caixa 24,Papel,VENDA,5,1.69,234.2,171.55,18.45,7.03,18.45,37.17
2025-11-06,2025-11,51659,Boreal Negocios ME,Padaria,Interior Norte,Rogerio Antunes,Bobina Papel Toalha 200m - Caixa 24,Papel,VENDA,2,1.1,135.66,98.76,10.69,4.07,10.69,22.14
2025-11-10,2025-11,51675,Querencia Negocios LTDA,Industria,Interior Norte,Simone Klein,Copo Descartavel 50ml - Pacote 100,Descartaveis,VENDA,10,4.2,301.71,240.0,57.87,9.14,17.36,-5.3
2025-11-11,2025-11,51677,Estrela Servicos LTDA,Escola,Litoral,Tarcisio Bueno,Rodo 40cm - Pacote 100,Acessorios,VENDA,5,1.97,122.96,62.3,27.8,2.9,8.34,29.96
2025-11-11,2025-11,51679,Jangada Empreendimentos ME,Condominio,Litoral,Rogerio Antunes,Desinfetante Lavanda 5L - Pacote 100,Quimicos,VENDA,1,1.23,66.52,37.46,14.94,1.68,4.48,12.44
2025-11-12,2025-11,51684,Trevo Alimentos EIRELI,Condominio,Interior Norte,Simone Klein,Avental PVC - Pacote 100,EPI,VENDA,1,2.0,10.57,6.69,0.48,0.37,0.48,3.03
2025-11-14,2025-11,51701,Vitoria Distribuidora LTDA ME,Hotel,Interior Sul,Tarcisio Bueno,Papel Toalha Rolo 100f - Pacote 100,Papel,VENDA,3,1.01,226.41,164.67,24.25,6.34,24.25,31.15
2025-11-17,2025-11,51709,BOREAL SERVICOS LTDA ME,Escola,Regiao Metropolitana,Tarcisio Bueno,Detergente Neutro 5L,Quimicos,VENDA,1,0.64,50.0,33.21,3.48,1.4,3.48,11.91
2025-11-18,2025-11,51715,querencia negocios me,Restaurante,Litoral,Rogerio Antunes,Bota PVC - Fardo 12,EPI,VENDA,2,1.39,78.3,36.28,29.42,1.73,8.82,10.87
2025-11-19,2025-11,51719,Zenite Servicos EIRELI,Industria,Interior Sul,Tarcisio Bueno,Balde 20L - Caixa 24,Acessorios,VENDA,2,2.85,32.43,16.32,7.93,0.75,2.38,7.43
2025-11-19,2025-11,51721,Uniao Servicos LTDA,Industria,Interior Sul,Tarcisio Bueno,LUVA PLASTICA DESCARTAVEL,Descartaveis,VENDA,3,11.86,96.81,96.66,11.1,2.71,11.1,-13.66
2025-11-20,2025-11,51727,Vitoria Distribuidora LTDA ME,Hotel,Interior Sul,Tarcisio Bueno,Alcool 70 1L - Caixa 24,Quimicos,VENDA,3,3.28,183.88,113.7,24.66,4.67,7.4,40.85
2025-11-24,2025-11,51751,Estrela Servicos LTDA,Escola,Litoral,Tarcisio Bueno,Papel Toalha Rolo 100f - Pacote 100,Papel,VENDA,1,0.9,75.55,54.89,9.52,2.12,9.52,9.02
2025-11-25,2025-11,51762,UNIAO ALIMENTOS EIRELI,Industria,Litoral,Simone Klein,ALCOOL 70 1L - FARDO 6,Quimicos,VENDA,3,0.23,217.69,125.85,39.23,6.66,11.77,45.95
2025-11-26,2025-11,51763,Querencia Participacoes EIRELI,Mercado,Regiao Metropolitana,Tarcisio Bueno,BOBINA PAPEL TOALHA 200M - PACOTE 100,Papel,VENDA,1,6.51,34.51,21.85,8.77,0.79,2.63,3.1
2025-11-27,2025-11,51766,XAVANTE EMPREENDIMENTOS LTDA ME,Mercado,Interior Norte,Simone Klein,ALCOOL 70 1L - FARDO 6,Quimicos,VENDA,2,0.3,126.74,83.9,9.68,4.44,9.68,28.72
2025-12-01,2025-12,51787,Estrela Servicos ME,Hotel,Interior Sul,Tarcisio Bueno,Alvejante 5L,Quimicos,VENDA,1,2.05,72.26,41.64,14.94,1.73,4.48,13.95
2025-12-01,2025-12,51787,Estrela Servicos ME,Hotel,Interior Sul,Tarcisio Bueno,Pano Multiuso - Fardo 6,Acessorios,VENDA,1,2.28,8.14,4.2,1.68,0.19,0.5,2.07
2025-12-02,2025-12,51799,Imperial Servicos S/A,Clinica,Regiao Metropolitana,Rogerio Antunes,Alcool 70 1L - Caixa 24,Quimicos,VENDA,1,2.38,74.31,37.9,26.09,1.68,7.83,8.64
2025-12-03,2025-12,51803,Querencia Distribuidora LTDA ME,Padaria,Interior Norte,Rogerio Antunes,Papel Toalha Interfolha 1000f - Caixa 24,Papel,VENDA,2,3.2,161.14,100.1,37.94,4.04,11.38,19.06
2025-12-04,2025-12,51808,BOREAL SERVICOS LTDA ME,Escola,Regiao Metropolitana,Tarcisio Bueno,Embalagem Delivery 750ml - Fardo 6,Descartaveis,VENDA,1,15.78,30.48,31.85,4.79,0.85,4.79,-7.01
2025-12-04,2025-12,51809,Vitoria Distribuidora LTDA ME,Hotel,Interior Sul,Tarcisio Bueno,Papel Toalha Interfolha 1000f - Pacote 100,Papel,VENDA,5,2.24,391.9,288.65,35.44,10.97,35.44,56.84
2025-12-04,2025-12,51811,Boreal Comercio EIRELI,Mercado,Interior Sul,Simone Klein,Mascara Descartavel,EPI,VENDA,2,2.29,30.08,19.08,2.96,1.05,2.96,6.99
2025-12-04,2025-12,51811,Boreal Comercio EIRELI,Mercado,Interior Sul,Simone Klein,Saco Lixo 100L,Descartaveis,VENDA,5,4.45,146.1,134.55,14.36,5.11,14.36,-7.92
2025-12-05,2025-12,51818,Imperial Servicos EIRELI,Condominio,Interior Norte,Rogerio Antunes,Alvejante 5L,Quimicos,VENDA,20,6.02,1185.8,832.8,53.83,35.57,53.83,263.6
2025-12-05,2025-12,51818,Imperial Servicos EIRELI,Condominio,Interior Norte,Rogerio Antunes,Mascara Descartavel,EPI,VENDA,3,2.32,45.09,28.62,2.05,1.35,2.05,13.07
2025-12-11,2025-12,51864,Trevo Comercio ME,Clinica,Regiao Metropolitana,Tarcisio Bueno,Bobina Papel Toalha 200m,Papel,VENDA,1,2.93,68.58,35.21,30.15,1.33,9.04,1.89
2025-12-12,2025-12,51868,Luminar Alimentos S/A,Restaurante,Interior Sul,Rogerio Antunes,LUVA PLASTICA DESCARTAVEL,Descartaveis,VENDA,5,4.73,174.4,161.1,18.36,5.23,18.36,-10.29
2025-12-15,2025-12,51883,Vitoria Distribuidora LTDA ME,Hotel,Interior Sul,Tarcisio Bueno,Saco Lixo 100L - Fardo 6,Descartaveis,VENDA,1,5.2,34.89,24.69,11.84,0.74,3.55,-2.38
2025-12-15,2025-12,51884,Horizonte Distribuidora S/A,Condominio,Regiao Metropolitana,Rogerio Antunes,Desinfetante Lavanda 5L - Pacote 100,Quimicos,VENDA,3,1.05,168.48,112.38,6.7,5.05,6.7,44.35
2025-12-15,2025-12,51885,Imperial Servicos S/A,Clinica,Regiao Metropolitana,Rogerio Antunes,Desengordurante 5L - Pacote 100,Quimicos,VENDA,2,1.41,48.39,24.74,16.33,1.11,4.9,6.21
2025-12-16,2025-12,51889,Horizonte Distribuidora S/A,Condominio,Regiao Metropolitana,Rogerio Antunes,saco lixo 100l - fardo 12,Descartaveis,VENDA,3,9.01,91.59,88.56,9.87,2.75,9.87,-9.59
2025-12-16,2025-12,51894,Nortao Alimentos S/A,Escola,Interior Norte,Simone Klein,borrifador 500ml - fardo 6,Acessorios,VENDA,1,2.04,47.13,18.72,22.93,1.09,6.88,4.39
2025-12-16,2025-12,51895,BOREAL SERVICOS LTDA ME,Escola,Regiao Metropolitana,Tarcisio Bueno,Prato Descartavel 15cm - Caixa 24,Descartaveis,VENDA,1,5.86,20.72,19.37,3.22,0.58,3.22,-2.45
2025-12-16,2025-12,51896,Xavante Servicos EIRELI,Padaria,Litoral,Rogerio Antunes,Saco Lixo 100L,Descartaveis,VENDA,3,13.27,93.76,80.73,20.29,2.39,6.09,-9.65
2025-12-17,2025-12,51902,BOREAL SERVICOS LTDA ME,Escola,Regiao Metropolitana,Tarcisio Bueno,Alcool 70 1L - Caixa 24,Quimicos,VENDA,1,3.56,47.49,27.22,11.02,1.11,3.3,8.14
2025-12-17,2025-12,51902,BOREAL SERVICOS LTDA ME,Escola,Regiao Metropolitana,Tarcisio Bueno,Avental PVC - Fardo 6,EPI,VENDA,3,0.24,25.97,13.53,6.03,0.61,1.81,5.8
2025-12-17,2025-12,51903,Serrano Servicos LTDA ME,Mercado,Interior Norte,Simone Klein,Talher Descartavel Misto - Pacote 100,Descartaveis,VENDA,1,5.79,33.97,26.31,8.28,0.99,2.48,-1.61
2025-12-17,2025-12,51904,Querencia Negocios LTDA,Industria,Interior Norte,Simone Klein,Saco Lixo 30L - Fardo 6,Descartaveis,VENDA,1,8.17,30.17,25.49,5.09,0.93,1.52,-1.34
2025-12-18,2025-12,51908,BOREAL SERVICOS LTDA ME,Escola,Regiao Metropolitana,Tarcisio Bueno,DESINFETANTE LAVANDA 5L - PACOTE 100,Quimicos,VENDA,3,5.14,190.7,123.27,19.32,4.96,5.8,43.15
2025-12-18,2025-12,51909,Serrano Servicos LTDA ME,Mercado,Interior Norte,Simone Klein,Embalagem Delivery 750ml - Fardo 6,Descartaveis,VENDA,20,1.38,713.8,637.0,67.88,24.98,67.88,-16.06
2025-12-19,2025-12,51918,Nortao Empreendimentos LTDA ME,Padaria,Interior Sul,Tarcisio Bueno,Limpa Vidros 500ml - Caixa 24,Quimicos,VENDA,1,2.02,46.71,25.18,13.33,1.05,4.0,7.15
2025-12-22,2025-12,51925,Boreal Negocios ME,Padaria,Interior Norte,Rogerio Antunes,Saco Lixo 100L - Pacote 100,Descartaveis,VENDA,1,0.32,25.41,15.92,10.54,0.54,3.16,-1.59
2025-12-24,2025-12,51948,BOREAL SERVICOS LTDA ME,Escola,Regiao Metropolitana,Tarcisio Bueno,Saco Lixo 100L - Fardo 6,Descartaveis,VENDA,10,15.79,236.3,246.9,15.23,6.62,15.23,-32.45
2025-12-24,2025-12,51951,Querencia Participacoes EIRELI,Mercado,Regiao Metropolitana,Tarcisio Bueno,removedor 1l,Quimicos,VENDA,5,3.56,310.67,193.4,40.11,7.91,12.04,69.25
2025-12-25,2025-12,51955,Serrano Servicos LTDA ME,Mercado,Interior Norte,Simone Klein,PRATO DESCARTAVEL 15CM - PACOTE 100,Descartaveis,VENDA,2,1.42,91.85,66.08,25.45,2.59,7.64,-2.27
2025-12-25,2025-12,51958,Serrano Alimentos EIRELI,Padaria,Regiao Metropolitana,Simone Klein,BOTA PVC - FARDO 6,EPI,VENDA,1,2.13,14.53,4.41,10.81,0.24,3.24,-0.93
2025-12-25,2025-12,51961,Boreal Comercio EIRELI,Mercado,Interior Sul,Simone Klein,Bobina Papel Toalha 200m,Papel,VENDA,5,3.09,236.95,176.05,4.28,8.29,4.28,48.33
2025-12-25,2025-12,51961,Boreal Comercio EIRELI,Mercado,Interior Sul,Simone Klein,DESINFETANTE LAVANDA 5L - FARDO 6,Quimicos,VENDA,1,0.32,41.73,27.63,0.75,1.46,0.75,11.89
2025-12-25,2025-12,51964,Uniao Servicos LTDA,Industria,Interior Sul,Tarcisio Bueno,Detergente Neutro 5L - Pacote 100,Quimicos,VENDA,2,0.37,44.56,29.52,4.58,1.25,4.58,9.21
2025-12-25,2025-12,51964,Uniao Servicos LTDA,Industria,Interior Sul,Tarcisio Bueno,Papel Toalha Interfolha 1000f - Caixa 24,Papel,VENDA,10,2.63,676.8,500.5,69.63,18.95,69.63,87.72
2025-12-25,2025-12,51965,Imperial Servicos S/A,Clinica,Regiao Metropolitana,Rogerio Antunes,papel toalha rolo 100f,Papel,VENDA,1,8.32,55.31,36.97,11.76,1.41,3.53,5.17
2025-12-26,2025-12,51971,Imperial Distribuidora LTDA,Industria,Litoral,Tarcisio Bueno,Balde 20L - Caixa 24,Acessorios,DEVOLUCAO,-2,1.44,-27.26,-16.32,2.85,-0.76,2.85,-13.03
2025-12-26,2025-12,51971,Imperial Distribuidora LTDA,Industria,Litoral,Tarcisio Bueno,Alvejante 5L - Fardo 12,Quimicos,VENDA,3,1.4,96.72,64.74,10.11,2.71,10.11,19.16
2025-12-26,2025-12,51978,Vitoria Comercio LTDA,Industria,Interior Sul,Simone Klein,Vassoura Nylon - Caixa 24,Acessorios,VENDA,1,1.46,44.64,24.51,5.29,1.43,1.58,13.41
2025-12-29,2025-12,51989,Missoes Participacoes LTDA ME,Restaurante,Litoral,Tarcisio Bueno,PAPEL HIGIENICO ROLAO 300M,Papel,VENDA,10,5.78,199.41,125.4,50.45,4.59,15.14,18.97
2025-12-30,2025-12,51997,Zenite Industria LTDA,Mercado,Litoral,Simone Klein,Copo Descartavel 50ml,Descartaveis,VENDA,1,9.29,43.12,32.55,13.67,1.17,4.1,-4.27
2025-12-31,2025-12,52000,Jangada Comercio ME,Padaria,Regiao Metropolitana,Simone Klein,Cera Liquida Incolor 5L - Fardo 6,Quimicos,VENDA,1,1.85,43.64,23.73,11.94,1.23,3.58,6.74
2025-12-31,2025-12,52002,Boreal Comercio EIRELI,Mercado,Interior Sul,Simone Klein,Prato Descartavel 15cm - Caixa 24,Descartaveis,VENDA,1,3.65,37.67,30.83,5.61,1.18,1.69,0.05
2025-01-01,2025-01,50005,BOREAL SERVICOS LTDA ME,Escola,Regiao Metropolitana,Tarcisio Bueno,Prato Descartavel 15cm,Descartaveis,VENDA,5,16.01,142.81,140.05,13.09,3.74,3.93,-14.07
2025-01-01,2025-01,50006,Serrano Servicos LTDA ME,Mercado,Interior Norte,Simone Klein,Alvejante 5L - Caixa 24,Quimicos,VENDA,2,3.01,133.88,75.6,32.54,3.89,9.76,21.85
2025-01-02,2025-01,50013,Horizonte Distribuidora S/A,Condominio,Regiao Metropolitana,Rogerio Antunes,Vassoura Nylon - Pacote 100,Acessorios,VENDA,1,1.78,28.46,15.16,4.62,0.76,1.39,7.92
2025-01-03,2025-01,50018,Pampa Alimentos ME,Padaria,Regiao Metropolitana,Rogerio Antunes,SACO LIXO 60L,Descartaveis,VENDA,10,12.41,77.79,65.0,18.7,1.94,5.61,-7.85
2025-01-04,2025-01,50021,Oriente Negocios LTDA ME,Industria,Litoral,Rogerio Antunes,Luva Plastica Descartavel - Pacote 100,Descartaveis,VENDA,5,1.85,119.97,84.7,36.45,2.83,10.93,-4.01
2025-01-07,2025-01,50030,Estrela Servicos LTDA,Escola,Litoral,Tarcisio Bueno,BOBINA PAPEL TOALHA 200M - PACOTE 100,Papel,VENDA,1,6.8,31.15,21.85,4.08,0.79,1.22,4.43
2025-01-07,2025-01,50031,Horizonte Distribuidora S/A,Condominio,Regiao Metropolitana,Rogerio Antunes,Bobina Papel Toalha 200m,Papel,VENDA,10,5.94,460.0,352.1,55.54,13.8,55.54,38.56
2025-01-07,2025-01,50033,Trevo Comercio ME,Clinica,Regiao Metropolitana,Tarcisio Bueno,Alcool 70 1L - Caixa 24,Quimicos,VENDA,1,1.43,22.83,12.45,6.05,0.52,1.81,3.81
2025-01-09,2025-01,50047,Oriente Negocios ME,Restaurante,Interior Sul,Rogerio Antunes,Embalagem Delivery 750ml - Pacote 100,Descartaveis,VENDA,3,9.72,54.43,32.97,29.41,1.02,8.82,-8.97
2025-01-10,2025-01,50049,Oriente Alimentos ME,Padaria,Interior Norte,Tarcisio Bueno,Saco Lixo 30L - Fardo 6,Descartaveis,VENDA,10,12.78,288.73,254.9,51.47,7.08,15.44,-24.72
2025-01-13,2025-01,50059,Serrano Servicos LTDA ME,Mercado,Interior Norte,Simone Klein,SACO LIXO 60L - CAIXA 24,Descartaveis,VENDA,3,5.56,32.25,30.03,1.74,1.13,1.74,-0.65
2025-01-16,2025-01,50082,BOREAL SERVICOS LTDA ME,Escola,Regiao Metropolitana,Tarcisio Bueno,Bota PVC - Fardo 6,EPI,VENDA,5,0.24,112.05,58.7,25.14,2.64,7.54,25.57
2025-01-20,2025-01,50092,Guarani Servicos LTDA ME,Escola,Litoral,Tarcisio Bueno,PRATO DESCARTAVEL 15CM - PACOTE 100,Descartaveis,VENDA,50,35.21,1216.5,1652.0,58.92,34.06,58.92,-528.48
2025-01-20,2025-01,50098,Boreal Negocios ME,Padaria,Interior Norte,Rogerio Antunes,Alcool 70 1L,Quimicos,VENDA,10,1.63,596.3,400.1,35.76,17.89,35.76,142.55
2025-01-23,2025-01,50119,Serrano Alimentos EIRELI,Padaria,Regiao Metropolitana,Simone Klein,Copo Descartavel 50ml - Pacote 100,Descartaveis,VENDA,2,1.73,38.41,25.74,13.81,1.01,4.14,-2.15
2025-01-23,2025-01,50119,Serrano Alimentos EIRELI,Padaria,Regiao Metropolitana,Simone Klein,PAPEL HIGIENICO ROLAO 300M,Papel,VENDA,2,2.33,45.46,25.08,16.34,1.19,4.9,2.85
2025-01-24,2025-01,50126,Serrano Servicos LTDA ME,Mercado,Interior Norte,Simone Klein,Papel Higienico Rolao 300m - Fardo 12,Papel,VENDA,5,1.6,489.7,332.65,50.15,15.91,15.05,90.99
2025-01-25,2025-01,50136,Imperial Distribuidora S/A,Clinica,Interior Norte,Rogerio Antunes,Oculos Protecao - Fardo 6,EPI,VENDA,3,0.53,48.16,23.13,15.79,1.11,4.74,8.13
2025-01-25,2025-01,50136,Imperial Distribuidora S/A,Clinica,Interior Norte,Rogerio Antunes,ALCOOL 70 1L - FARDO 6,Quimicos,VENDA,1,1.96,80.87,41.95,26.51,1.87,7.95,10.54
2025-01-28,2025-01,50140,BOREAL SERVICOS LTDA ME,Escola,Regiao Metropolitana,Tarcisio Bueno,Cera Liquida Incolor 5L,Quimicos,VENDA,3,2.64,176.25,104.04,32.53,4.3,9.76,35.38
2025-01-28,2025-01,50143,UNIAO ALIMENTOS LTDA ME,Restaurante,Litoral,Simone Klein,Papel Toalha Rolo 100f - Pacote 100,Papel,VENDA,1,1.44,90.97,54.89,22.62,2.63,6.79,10.83
2025-01-29,2025-01,50145,Xavante Industria EIRELI,Escola,Regiao Metropolitana,Tarcisio Bueno,papel higienico rolao 300m - fardo 6,Papel,VENDA,5,5.01,404.75,306.8,44.38,11.33,44.38,42.24
2025-01-30,2025-01,50152,Aurora Industria LTDA,Clinica,Regiao Metropolitana,Tarcisio Bueno,Saco Lixo 100L - Fardo 6,Descartaveis,VENDA,3,12.15,73.95,74.07,10.18,2.07,10.18,-12.37
2025-01-31,2025-01,50169,Estrela Servicos ME,Hotel,Interior Sul,Tarcisio Bueno,Papel Higienico Rolao 300m - Fardo 12,Papel,VENDA,3,3.09,301.86,199.59,47.49,7.52,14.25,47.26
2025-01-31,2025-01,50170,Luminar Participacoes LTDA,Condominio,Litoral,Simone Klein,Papel Toalha Rolo 100f - Pacote 100,Papel,VENDA,10,2.23,745.4,548.9,47.7,26.09,47.7,122.71
2025-02-01,2025-02,50172,Querencia Empreendimentos LTDA,Clinica,Interior Sul,Simone Klein,Saco Lixo 100L - Fardo 6,Descartaveis,VENDA,2,8.04,76.09,49.38,34.98,1.81,10.49,-10.08
2025-02-01,2025-02,50173,Pampa Alimentos ME,Padaria,Regiao Metropolitana,Rogerio Antunes,Papel Toalha Interfolha 1000f - Caixa 24,Papel,VENDA,20,9.84,859.2,686.2,58.61,25.78,58.61,88.61
2025-02-01,2025-02,50173,Pampa Alimentos ME,Padaria,Regiao Metropolitana,Rogerio Antunes,Cera Liquida Incolor 5L - Fardo 6,Quimicos,VENDA,10,1.7,327.3,219.8,22.33,9.82,22.33,75.35
2025-02-03,2025-02,50175,BOREAL SERVICOS LTDA ME,Escola,Regiao Metropolitana,Tarcisio Bueno,Luva Plastica Descartavel - Fardo 6,Descartaveis,VENDA,2,13.22,30.08,30.5,3.28,0.84,3.28,-4.54
2025-02-03,2025-02,50175,BOREAL SERVICOS LTDA ME,Escola,Regiao Metropolitana,Tarcisio Bueno,Bobina Papel Toalha 200m,Papel,VENDA,2,1.69,96.14,70.42,10.47,2.69,10.47,12.56
2025-02-04,2025-02,50188,BOREAL SERVICOS LTDA ME,Escola,Regiao Metropolitana,Tarcisio Bueno,Prato Descartavel 15cm - Caixa 24,Descartaveis,VENDA,2,1.21,76.3,38.74,46.88,1.22,14.06,-10.54
2025-02-06,2025-02,50205,Uniao Participacoes LTDA,Condominio,Litoral,Rogerio Antunes,Limpa Vidros 500ml,Quimicos,VENDA,1,0.07,32.7,18.18,7.38,0.83,2.21,6.31
2025-02-10,2025-02,50214,Querencia Negocios LTDA,Industria,Interior Norte,Simone Klein,Prato Descartavel 15cm - Caixa 24,Descartaveis,VENDA,1,13.6,47.06,30.83,23.99,1.06,7.2,-8.82
2025-02-14,2025-02,50234,UNIAO ALIMENTOS LTDA ME,Restaurante,Litoral,Simone Klein,Desinfetante Lavanda 5L - Fardo 6,Quimicos,VENDA,2,3.03,115.48,61.58,35.71,3.17,10.71,15.02
2025-02-14,2025-02,50238,BOREAL SERVICOS LTDA ME,Escola,Regiao Metropolitana,Tarcisio Bueno,limpador multiuso 5l - pacote 100,Quimicos,VENDA,1,3.82,20.92,11.79,5.34,0.48,1.6,3.31
2025-02-14,2025-02,50238,BOREAL SERVICOS LTDA ME,Escola,Regiao Metropolitana,Tarcisio Bueno,Copo Descartavel 200ml - Fardo 12,Descartaveis,VENDA,2,7.16,45.0,35.02,11.49,1.03,3.45,-2.54
2025-02-18,2025-02,50253,Xavante Negocios ME,Hotel,Regiao Metropolitana,Simone Klein,Mascara Descartavel,EPI,VENDA,3,1.68,52.13,28.62,9.63,1.59,2.89,12.29
2025-02-18,2025-02,50255,querencia negocios me,Restaurante,Litoral,Rogerio Antunes,Limpador Multiuso 5L - Fardo 6,Quimicos,VENDA,10,4.45,376.3,259.9,53.39,11.29,53.39,51.72
2025-02-19,2025-02,50267,BOREAL SERVICOS LTDA ME,Escola,Regiao Metropolitana,Tarcisio Bueno,Avental PVC - Pacote 100,EPI,VENDA,2,3.15,23.75,13.38,4.07,0.59,1.22,5.71
2025-02-19,2025-02,50268,Oriente Participacoes LTDA,Clinica,Regiao Metropolitana,Simone Klein,Marmitex Aluminio 800ml - Caixa 24,Descartaveis,VENDA,2,3.39,29.17,20.96,8.78,0.81,2.63,-1.38
2025-02-19,2025-02,50268,Oriente Participacoes LTDA,Clinica,Regiao Metropolitana,Simone Klein,pano multiuso - caixa 24,Acessorios,VENDA,1,2.82,32.18,15.42,9.69,0.89,2.91,6.18
2025-02-20,2025-02,50270,Vitoria Distribuidora LTDA ME,Hotel,Interior Sul,Tarcisio Bueno,Cera Liquida Incolor 5L - Fardo 6,Quimicos,VENDA,1,2.38,56.42,23.73,30.46,0.98,9.13,1.25
2025-02-20,2025-02,50277,Nortao Alimentos S/A,Escola,Interior Norte,Simone Klein,SABAO LIQUIDO 5L - FARDO 6,Quimicos,VENDA,10,0.27,457.97,280.1,49.53,14.82,14.86,113.52
2025-02-21,2025-02,50281,Horizonte Distribuidora S/A,Condominio,Regiao Metropolitana,Rogerio Antunes,Guardanapo 24x24 - Caixa 24,Papel,VENDA,10,0.69,674.5,489.0,41.95,20.24,41.95,123.32
2025-02-21,2025-02,50286,Trevo Comercio ME,Clinica,Regiao Metropolitana,Tarcisio Bueno,papel higienico folha dupla 30m - fardo 12,Papel,VENDA,5,4.08,340.0,255.2,13.72,9.52,13.72,61.56
2025-02-22,2025-02,50287,Uniao Servicos LTDA,Industria,Interior Sul,Tarcisio Bueno,Papel Toalha Rolo 100f - Pacote 100,Papel,VENDA,3,11.2,203.1,164.67,18.96,5.69,18.96,13.78
2025-02-24,2025-02,50292,BOREAL SERVICOS LTDA ME,Escola,Regiao Metropolitana,Tarcisio Bueno,Papel Higienico Rolao 300m - Fardo 12,Papel,VENDA,10,1.39,911.2,665.3,83.07,25.51,83.07,137.32
2025-02-24,2025-02,50295,Vitoria Distribuidora LTDA ME,Hotel,Interior Sul,Tarcisio Bueno,Mascara Descartavel - Fardo 12,EPI,VENDA,5,1.73,114.96,58.5,31.81,2.6,9.55,22.05
2025-02-26,2025-02,50305,TREVO ALIMENTOS S/A,Mercado,Interior Norte,Rogerio Antunes,Papel Higienico Rolao 300m - Fardo 12,Papel,VENDA,2,0.42,214.05,133.06,42.9,5.52,12.87,32.57
2025-02-26,2025-02,50306,Serrano Servicos LTDA ME,Mercado,Interior Norte,Simone Klein,Mop Umido - Caixa 24,Acessorios,VENDA,3,2.24,120.75,62.46,24.64,3.62,7.39,30.03
2025-02-26,2025-02,50311,Serrano Servicos LTDA ME,Mercado,Interior Norte,Simone Klein,Alcool 70 1L - Caixa 24,Quimicos,VENDA,1,0.76,80.06,37.9,32.97,1.99,9.89,7.2
2025-02-28,2025-02,50319,Horizonte Distribuidora S/A,Condominio,Regiao Metropolitana,Rogerio Antunes,Saco Lixo 100L - Pacote 100,Descartaveis,VENDA,50,9.06,822.5,796.0,51.7,24.68,51.7,-49.88
2025-02-28,2025-02,50319,Horizonte Distribuidora S/A,Condominio,Regiao Metropolitana,Rogerio Antunes,Papel Toalha Interfolha 1000f - Pacote 100,Papel,VENDA,3,2.34,234.9,173.19,14.77,7.05,14.77,39.89
2025-03-04,2025-03,50340,Serrano Servicos LTDA ME,Mercado,Interior Norte,Simone Klein,Alcool 70 1L - Caixa 24,Quimicos,VENDA,1,3.55,39.78,27.22,3.16,1.39,3.16,8.01
2025-03-04,2025-03,50340,Serrano Servicos LTDA ME,Mercado,Interior Norte,Simone Klein,Prato Descartavel 15cm - Caixa 24,Descartaveis,VENDA,20,7.11,409.0,387.4,32.49,14.32,32.49,-25.21
2025-03-04,2025-03,50341,Pampa Alimentos ME,Padaria,Regiao Metropolitana,Rogerio Antunes,Rodo 40cm,Acessorios,VENDA,10,6.56,239.93,136.5,33.89,6.49,10.16,63.05
2025-03-06,2025-03,50355,Oriente Alimentos ME,Padaria,Interior Norte,Tarcisio Bueno,Luva Latex,EPI,VENDA,1,0.17,23.91,12.41,5.59,0.56,1.67,5.35
2025-03-06,2025-03,50359,Vitoria Empreendimentos EIRELI,Restaurante,Litoral,Tarcisio Bueno,Bobina Papel Toalha 200m - Caixa 24,Papel,VENDA,1,1.4,80.06,49.38,17.77,1.89,5.33,11.02
2025-03-06,2025-03,50361,Querencia Participacoes EIRELI,Mercado,Regiao Metropolitana,Tarcisio Bueno,Cera Liquida Incolor 5L - Fardo 6,Quimicos,VENDA,10,1.54,327.9,219.8,18.5,9.18,18.5,80.42
2025-03-07,2025-03,50367,BOREAL SERVICOS LTDA ME,Escola,Regiao Metropolitana,Tarcisio Bueno,BOBINA PAPEL TOALHA 200M - PACOTE 100,Papel,VENDA,1,2.35,29.64,21.85,1.66,0.83,1.66,5.3
2025-03-07,2025-03,50367,BOREAL SERVICOS LTDA ME,Escola,Regiao Metropolitana,Tarcisio Bueno,Bobina Papel Toalha 200m - Caixa 24,Papel,VENDA,10,2.05,671.7,493.8,37.51,18.81,37.51,121.58
2025-03-07,2025-03,50370,Vitoria Empreendimentos EIRELI,Restaurante,Litoral,Tarcisio Bueno,Detergente Neutro 5L - Caixa 24,Quimicos,VENDA,1,3.17,54.37,31.74,11.14,1.3,3.34,10.19
2025-03-07,2025-03,50370,Vitoria Empreendimentos EIRELI,Restaurante,Litoral,Tarcisio Bueno,Papel Higienico Folha Dupla 30m - Fardo 12,Papel,VENDA,5,0.36,149.31,92.4,30.59,3.58,9.18,22.74
2025-03-07,2025-03,50375,BANDEIRANTE NEGOCIOS S/A,Condominio,Interior Sul,Simone Klein,Prato Descartavel 15cm - Caixa 24,Descartaveis,VENDA,10,2.07,215.5,193.7,14.61,7.54,14.61,-0.35
2025-03-08,2025-03,50377,Central Negocios ME,Mercado,Interior Sul,Tarcisio Bueno,Limpa Vidros 500ml - Fardo 12,Quimicos,VENDA,3,2.35,162.85,99.72,21.87,4.13,6.56,37.13
2025-03-10,2025-03,50380,Xavante Servicos EIRELI,Padaria,Litoral,Rogerio Antunes,COPO DESCARTAVEL 200ML - FARDO 6,Descartaveis,DEVOLUCAO,-1,3.43,-25.92,-23.62,2.88,-0.78,2.88,-4.4
2025-03-10,2025-03,50380,Xavante Servicos EIRELI,Padaria,Litoral,Rogerio Antunes,Guardanapo 24x24 - Caixa 24,Papel,VENDA,10,6.27,598.5,459.7,66.54,17.95,66.54,54.31
2025-03-10,2025-03,50385,Jangada Empreendimentos ME,Condominio,Litoral,Rogerio Antunes,ESCOVA SANITARIA - CAIXA 24,Acessorios,VENDA,10,0.04,298.4,176.1,25.97,8.95,25.97,87.38
2025-03-10,2025-03,50385,Jangada Empreendimentos ME,Condominio,Litoral,Rogerio Antunes,Desengordurante 5L - Pacote 100,Quimicos,VENDA,5,4.59,89.4,61.85,7.78,2.68,7.78,17.09
2025-03-11,2025-03,50390,Missoes Participacoes LTDA ME,Restaurante,Litoral,Tarcisio Bueno,Copo Descartavel 50ml - Pacote 100,Descartaveis,VENDA,1,8.07,56.74,24.0,45.24,0.7,13.57,-13.2
2025-03-11,2025-03,50391,Luminar Alimentos S/A,Restaurante,Interior Sul,Rogerio Antunes,Saco Lixo 100L - Fardo 6,Descartaveis,VENDA,5,15.77,118.15,123.45,10.41,3.54,10.41,-19.25
2025-03-11,2025-03,50392,Vitoria Distribuidora LTDA ME,Hotel,Interior Sul,Tarcisio Bueno,SACO LIXO 60L - PACOTE 100,Descartaveis,VENDA,2,0.32,38.08,26.66,11.26,0.85,3.38,-0.69
2025-03-12,2025-03,50404,Xavante Industria EIRELI,Escola,Regiao Metropolitana,Tarcisio Bueno,SACO LIXO 60L - CAIXA 24,Descartaveis,VENDA,3,2.32,43.47,30.03,14.44,0.93,4.33,-1.93
2025-03-13,2025-03,50414,Zenite Participacoes ME,Padaria,Interior Norte,Simone Klein,LUVA PLASTICA DESCARTAVEL,Descartaveis,VENDA,5,0.47,182.2,161.1,7.71,6.38,7.71,7.01
2025-03-13,2025-03,50415,Luminar Alimentos S/A,Restaurante,Interior Sul,Rogerio Antunes,Bobina Papel Toalha 200m - Caixa 24,Papel,VENDA,1,8.13,89.96,49.38,38.52,1.89,11.56,0.17
2025-03-13,2025-03,50424,Serrano Servicos LTDA ME,Mercado,Interior Norte,Simone Klein,Bobina Papel Toalha 200m - Caixa 24,Papel,VENDA,1,3.41,75.2,49.38,12.8,2.32,3.84,10.7
2025-03-14,2025-03,50429,Oriente Participacoes LTDA,Clinica,Regiao Metropolitana,Simone Klein,SABAO LIQUIDO 5L - FARDO 6,Quimicos,VENDA,10,0.46,445.06,280.1,32.37,14.78,9.71,117.81
2025-03-15,2025-03,50439,Luminar Alimentos S/A,Restaurante,Interior Sul,Rogerio Antunes,Marmitex Aluminio 800ml - Caixa 24,Descartaveis,VENDA,10,15.3,362.6,343.5,45.71,9.92,13.71,-36.53
2025-03-20,2025-03,50471,UNIAO ALIMENTOS LTDA ME,Restaurante,Litoral,Simone Klein,removedor 1l - pacote 100,Quimicos,VENDA,5,0.81,152.58,88.5,27.97,4.66,8.39,31.45
2025-03-20,2025-03,50472,Pampa Alimentos ME,Padaria,Regiao Metropolitana,Rogerio Antunes,Papel Toalha Interfolha 1000f - Caixa 24,Papel,VENDA,5,1.89,364.47,250.25,33.53,10.23,10.06,70.46
2025-03-22,2025-03,50494,Trevo Empreendimentos LTDA,Padaria,Interior Norte,Rogerio Antunes,Copo Descartavel 50ml - Pacote 100,Descartaveis,VENDA,1,11.34,26.78,12.87,19.75,0.39,5.93,-6.23
2025-03-24,2025-03,50499,XAVANTE EMPREENDIMENTOS LTDA ME,Mercado,Interior Norte,Simone Klein,Cera Liquida Incolor 5L - Fardo 6,Quimicos,VENDA,3,0.12,131.27,71.19,33.63,3.77,10.09,22.68
2025-03-26,2025-03,50515,Xavante Distribuidora LTDA ME,Clinica,Interior Sul,Rogerio Antunes,Copo Descartavel 50ml - Pacote 100,Descartaveis,VENDA,5,9.65,66.05,64.35,6.71,1.98,6.71,-6.99
2025-03-26,2025-03,50518,Querencia Participacoes EIRELI,Mercado,Regiao Metropolitana,Tarcisio Bueno,Limpa Vidros 500ml - Caixa 24,Quimicos,VENDA,3,6.12,107.46,75.54,7.09,3.01,7.09,21.82
2025-03-27,2025-03,50529,Horizonte Distribuidora S/A,Condominio,Regiao Metropolitana,Rogerio Antunes,COPO DESCARTAVEL 200ML - FARDO 6,Descartaveis,VENDA,50,14.0,1154.0,1181.0,39.74,34.62,39.74,-101.36
2025-03-28,2025-03,50535,Querencia Alimentos LTDA,Mercado,Interior Norte,Simone Klein,Copo Descartavel 50ml - Pacote 100,Descartaveis,VENDA,5,3.78,88.02,64.35,25.24,2.46,7.57,-4.03
2025-03-28,2025-03,50537,UNIAO ALIMENTOS LTDA ME,Restaurante,Litoral,Simone Klein,Papel Toalha Rolo 100f - Caixa 24,Papel,VENDA,1,2.21,69.56,35.23,31.02,1.67,9.31,1.64
2025-03-31,2025-03,50543,Estrela Servicos LTDA,Escola,Litoral,Tarcisio Bueno,Pano Multiuso - Fardo 6,Acessorios,VENDA,1,2.01,31.92,4.2,35.63,0.2,10.69,-8.11
2025-03-31,2025-03,50544,Horizonte Distribuidora S/A,Condominio,Regiao Metropolitana,Rogerio Antunes,Bobina Papel Toalha 200m - Fardo 6,Papel,VENDA,3,0.16,84.27,60.78,6.47,2.53,6.47,14.49
2025-04-01,2025-04,50551,Trevo Empreendimentos LTDA,Padaria,Interior Norte,Rogerio Antunes,Copo Descartavel 200ml,Descartaveis,VENDA,20,22.58,525.4,597.2,50.82,15.76,50.82,-138.38
2025-04-02,2025-04,50560,Boreal Negocios ME,Padaria,Interior Norte,Rogerio Antunes,Alvejante 5L,Quimicos,VENDA,1,3.63,60.8,41.64,3.56,1.82,3.56,13.78
2025-04-03,2025-04,50568,Boreal Negocios ME,Padaria,Interior Norte,Rogerio Antunes,Luva Latex - Fardo 6,EPI,VENDA,2,2.53,61.12,23.9,33.66,1.13,10.1,2.43
2025-04-04,2025-04,50576,Central Negocios LTDA ME,Clinica,Interior Sul,Simone Klein,Papel Higienico Folha Dupla 30m - Fardo 12,Papel,VENDA,3,0.68,76.5,55.44,10.93,2.68,10.93,7.45
2025-04-04,2025-04,50576,Central Negocios LTDA ME,Clinica,Interior Sul,Simone Klein,Marmitex Aluminio 800ml - Pacote 100,Descartaveis,VENDA,3,5.28,89.55,83.19,12.8,3.13,12.8,-9.57
2025-04-04,2025-04,50578,Uniao Negocios LTDA,Hotel,Interior Norte,Rogerio Antunes,Papel Higienico Folha Dupla 30m - Fardo 12,Papel,VENDA,1,4.43,66.98,50.46,6.4,2.01,6.4,8.11
2025-04-07,2025-04,50582,Horizonte Distribuidora S/A,Condominio,Regiao Metropolitana,Rogerio Antunes,BOBINA PAPEL TOALHA 200M - PACOTE 100,Papel,VENDA,1,1.71,29.83,21.85,3.99,0.89,3.99,3.1
2025-04-07,2025-04,50587,querencia negocios me,Restaurante,Litoral,Rogerio Antunes,SACO LIXO 60L,Descartaveis,VENDA,1,1.15,9.14,6.5,2.62,0.22,0.79,-0.2
2025-04-09,2025-04,50598,Luminar Distribuidora EIRELI,Clinica,Litoral,Rogerio Antunes,Papel Toalha Rolo 100f - Fardo 6,Papel,VENDA,1,3.04,115.59,64.98,40.12,2.63,12.04,7.86
2025-04-09,2025-04,50600,Xavante Servicos EIRELI,Padaria,Litoral,Rogerio Antunes,Copo Descartavel 50ml - Pacote 100,Descartaveis,VENDA,5,15.43,61.8,64.35,7.63,1.85,7.63,-12.03
2025-04-09,2025-04,50605,Nortao Alimentos S/A,Escola,Interior Norte,Simone Klein,Copo Descartavel 200ml - Fardo 12,Descartaveis,VENDA,5,3.08,207.52,157.0,49.45,6.05,14.83,-4.98
2025-04-11,2025-04,50613,Imperial Distribuidora S/A,Clinica,Interior Norte,Rogerio Antunes,Embalagem Delivery 750ml - Fardo 6,Descartaveis,VENDA,1,5.7,34.13,31.85,4.15,1.02,4.15,-2.89
2025-04-15,2025-04,50625,Zenite Industria LTDA,Mercado,Litoral,Simone Klein,PRATO DESCARTAVEL 15CM - PACOTE 100,Descartaveis,VENDA,2,8.73,76.29,66.08,11.07,2.4,3.32,-3.26
2025-04-15,2025-04,50628,Imperial Servicos EIRELI,Condominio,Interior Norte,Rogerio Antunes,Limpa Vidros 500ml - Caixa 24,Quimicos,VENDA,2,0.59,85.51,50.36,13.82,2.28,4.15,19.05
2025-04-18,2025-04,50653,missoes empreendimentos me,Clinica,Regiao Metropolitana,Rogerio Antunes,Borrifador 500ml - Fardo 12,Acessorios,VENDA,10,1.53,220.84,122.1,24.48,6.11,7.34,68.15
2025-04-22,2025-04,50665,Serrano Servicos LTDA ME,Mercado,Interior Norte,Simone Klein,Mascara Descartavel - Fardo 12,EPI,VENDA,2,1.68,42.19,23.4,7.27,1.3,2.18,10.22
2025-04-22,2025-04,50665,Serrano Servicos LTDA ME,Mercado,Interior Norte,Simone Klein,Mop Umido - Caixa 24,Acessorios,VENDA,5,1.65,149.65,78.95,25.78,4.61,7.73,40.31
2025-04-22,2025-04,50666,Nortao Industria LTDA,Industria,Interior Sul,Rogerio Antunes,Alvejante 5L - Fardo 6,Quimicos,VENDA,10,1.71,235.1,157.9,24.28,7.05,24.28,45.87
2025-04-22,2025-04,50667,BOREAL SERVICOS LTDA ME,Escola,Regiao Metropolitana,Tarcisio Bueno,Rodo 40cm - Caixa 24,Acessorios,VENDA,1,5.9,35.55,7.16,34.47,0.32,10.34,-6.4
2025-04-23,2025-04,50674,Guarani Servicos S/A,Restaurante,Regiao Metropolitana,Simone Klein,Cera Liquida Incolor 5L - Fardo 6,Quimicos,VENDA,3,0.67,107.13,71.19,7.59,3.75,7.59,24.6
2025-04-23,2025-04,50675,Aurora Industria LTDA,Clinica,Regiao Metropolitana,Tarcisio Bueno,LUVA PLASTICA DESCARTAVEL,Descartaveis,VENDA,1,14.39,35.03,32.22,5.27,0.88,1.58,-3.34
2025-04-26,2025-04,50685,Zenite Servicos EIRELI,Industria,Interior Sul,Tarcisio Bueno,luva plastica descartavel - pacote 100,Descartaveis,VENDA,3,0.62,65.91,58.38,3.02,1.85,3.02,2.66
2025-05-01,2025-05,50703,Rio Claro Negocios LTDA,Restaurante,Regiao Metropolitana,Simone Klein,luva plastica descartavel - pacote 100,Descartaveis,VENDA,3,1.12,77.2,58.38,16.61,2.3,4.99,-0.09
2025-05-01,2025-05,50709,Zenite Industria LTDA,Mercado,Litoral,Simone Klein,Papel Toalha Interfolha 1000f,Papel,VENDA,1,1.86,28.52,20.92,4.24,1.0,4.24,2.36
2025-05-02,2025-05,50712,Uniao Servicos LTDA,Industria,Interior Sul,Tarcisio Bueno,Papel Toalha Rolo 100f - Caixa 24,Papel,VENDA,2,13.09,108.55,70.46,33.55,2.38,10.06,2.16
2025-05-02,2025-05,50714,TREVO ALIMENTOS S/A,Mercado,Interior Norte,Rogerio Antunes,Talher Descartavel Misto - Pacote 100,Descartaveis,VENDA,2,5.58,70.8,52.62,20.48,1.69,6.14,-3.99
2025-05-05,2025-05,50723,Xavante Servicos EIRELI,Padaria,Litoral,Rogerio Antunes,Detergente Neutro 5L,Quimicos,VENDA,2,6.88,123.48,66.42,42.51,2.81,12.75,11.74
2025-05-06,2025-05,50729,Serrano Servicos LTDA ME,Mercado,Interior Norte,Simone Klein,COPO DESCARTAVEL 200ML - FARDO 6,Descartaveis,VENDA,1,6.36,56.04,23.62,44.16,0.88,13.25,-12.62
2025-05-06,2025-05,50731,Trevo Alimentos EIRELI,Condominio,Interior Norte,Simone Klein,Copo Descartavel 200ml - Pacote 100,Descartaveis,VENDA,3,0.59,124.62,86.7,38.1,3.43,11.43,-3.61
2025-05-07,2025-05,50741,Luminar Alimentos S/A,Restaurante,Interior Sul,Rogerio Antunes,SABAO LIQUIDO 5L - FARDO 6,Quimicos,VENDA,1,0.05,58.18,28.01,22.51,1.27,6.75,6.39
2025-05-07,2025-05,50744,Imperial Servicos S/A,Clinica,Regiao Metropolitana,Rogerio Antunes,Saco Lixo 30L,Descartaveis,VENDA,1,6.95,22.67,17.55,5.89,0.56,1.77,-1.33
2025-05-07,2025-05,50744,Imperial Servicos S/A,Clinica,Regiao Metropolitana,Rogerio Antunes,Alvejante 5L - Fardo 6,Quimicos,VENDA,2,1.1,57.84,31.58,15.02,1.42,4.5,9.82
2025-05-08,2025-05,50748,Rio Claro Servicos EIRELI,Mercado,Interior Norte,Tarcisio Bueno,Limpa Vidros 500ml,Quimicos,VENDA,5,10.31,142.04,90.9,26.41,3.46,7.92,21.27
2025-05-08,2025-05,50751,Horizonte Distribuidora S/A,Condominio,Regiao Metropolitana,Rogerio Antunes,Embalagem Delivery 750ml,Descartaveis,VENDA,5,6.67,158.27,120.1,44.1,3.82,13.23,-9.75
2025-05-09,2025-05,50754,Horizonte Distribuidora S/A,Condominio,Regiao Metropolitana,Rogerio Antunes,Limpa Vidros 500ml,Quimicos,VENDA,2,2.05,68.33,36.36,20.5,1.62,6.15,9.85
2025-05-09,2025-05,50754,Horizonte Distribuidora S/A,Condominio,Regiao Metropolitana,Rogerio Antunes,Esponja Dupla Face - Caixa 24,Acessorios,VENDA,1,1.26,56.65,26.74,17.0,1.34,5.1,11.57
2025-05-12,2025-05,50764,Querencia Participacoes EIRELI,Mercado,Regiao Metropolitana,Tarcisio Bueno,Copo Descartavel 200ml,Descartaveis,VENDA,1,14.49,34.07,29.86,7.22,0.81,2.16,-3.82
2025-05-12,2025-05,50771,Jangada Comercio ME,Padaria,Regiao Metropolitana,Simone Klein,Limpa Vidros 500ml - Caixa 24,Quimicos,VENDA,1,0.63,42.66,25.18,6.78,1.33,2.03,9.37
2025-05-12,2025-05,50771,Jangada Comercio ME,Padaria,Regiao Metropolitana,Simone Klein,Guardanapo 24x24 - Fardo 12,Papel,VENDA,3,2.02,228.22,149.04,36.28,7.1,10.89,35.8
2025-05-14,2025-05,50779,querencia negocios me,Restaurante,Litoral,Rogerio Antunes,Alvejante 5L - Caixa 24,Quimicos,VENDA,10,1.22,565.7,378.0,33.51,16.97,33.51,137.22
2025-05-14,2025-05,50787,Guarani Servicos LTDA ME,Escola,Litoral,Tarcisio Bueno,saco lixo 30l - fardo 6,Descartaveis,VENDA,5,15.01,84.83,64.6,32.04,1.75,9.61,-13.56
2025-05-19,2025-05,50797,Serrano Servicos LTDA ME,Mercado,Interior Norte,Simone Klein,Saco Lixo 30L - Fardo 6,Descartaveis,VENDA,50,13.97,1246.0,1274.5,63.91,43.61,63.91,-136.02
2025-05-20,2025-05,50801,Serrano Servicos LTDA ME,Mercado,Interior Norte,Simone Klein,Cera Liquida Incolor 5L - Fardo 6,Quimicos,VENDA,1,0.67,51.24,23.73,22.18,1.25,6.65,4.08
2025-05-21,2025-05,50804,Serrano Alimentos EIRELI,Padaria,Regiao Metropolitana,Simone Klein,SACO LIXO 60L - CAIXA 24,Descartaveis,VENDA,1,7.3,10.55,10.01,1.55,0.37,1.55,-1.38
2025-05-22,2025-05,50812,Xavante Industria EIRELI,Escola,Regiao Metropolitana,Tarcisio Bueno,Cera Liquida Incolor 5L - Fardo 6,Quimicos,VENDA,1,3.29,66.04,36.42,18.11,1.49,5.43,10.02
2025-05-24,2025-05,50823,Nortao Alimentos S/A,Escola,Interior Norte,Simone Klein,Borrifador 500ml - Fardo 12,Acessorios,VENDA,1,1.18,23.97,12.21,5.02,0.72,1.5,6.02
2025-05-24,2025-05,50824,Zenite Participacoes ME,Padaria,Interior Norte,Simone Klein,Bota PVC - Fardo 12,EPI,VENDA,10,1.71,305.68,181.4,25.82,10.07,7.74,88.39
2025-05-24,2025-05,50825,Jangada Empreendimentos ME,Condominio,Litoral,Rogerio Antunes,Detergente Neutro 5L - Pacote 100,Quimicos,VENDA,2,0.2,67.99,29.52,33.36,1.34,10.01,3.77
2025-05-27,2025-05,50837,Serrano Servicos LTDA ME,Mercado,Interior Norte,Simone Klein,Balde 20L - Pacote 100,Acessorios,VENDA,2,2.82,70.79,39.9,7.25,2.3,2.18,21.34
2025-05-27,2025-05,50840,Vitoria Empreendimentos EIRELI,Restaurante,Litoral,Tarcisio Bueno,Talher Descartavel Misto - Fardo 6,Descartaveis,VENDA,5,2.38,247.06,181.45,65.37,5.64,19.61,-5.4
2025-05-27,2025-05,50840,Vitoria Empreendimentos EIRELI,Restaurante,Litoral,Tarcisio Bueno,Papel Higienico Folha Dupla 30m - Fardo 12,Papel,VENDA,1,3.76,30.31,18.48,8.02,0.69,2.41,3.12
2025-05-29,2025-05,50856,Vitoria Distribuidora LTDA ME,Hotel,Interior Sul,Tarcisio Bueno,Papel Toalha Interfolha 1000f,Papel,VENDA,10,4.7,292.46,209.2,22.23,7.75,6.67,53.28
2025-05-29,2025-05,50860,Querencia Negocios LTDA,Industria,Interior Norte,Simone Klein,Papel Toalha Rolo 100f - Pacote 100,Papel,VENDA,5,3.05,405.93,274.45,51.96,12.93,15.58,66.59
2025-06-04,2025-06,50882,Serrano Servicos LTDA ME,Mercado,Interior Norte,Simone Klein,Alcool 70 1L,Quimicos,VENDA,10,2.89,588.7,400.1,63.99,20.6,63.99,104.01
2025-06-04,2025-06,50883,Serrano Servicos LTDA ME,Mercado,Interior Norte,Simone Klein,DESINFETANTE LAVANDA 5L - FARDO 6,Quimicos,VENDA,3,0.99,147.81,82.89,33.51,4.35,10.05,27.06
2025-06-04,2025-06,50886,Oriente Participacoes LTDA,Clinica,Regiao Metropolitana,Simone Klein,luva plastica descartavel - pacote 100,Descartaveis,VENDA,1,4.14,21.19,19.46,0.84,0.74,0.84,0.15
2025-06-05,2025-06,50890,Vitoria Distribuidora LTDA ME,Hotel,Interior Sul,Tarcisio Bueno,papel toalha rolo 100f - fardo 6,Papel,VENDA,10,1.4,421.9,308.1,64.92,11.81,64.92,37.07
2025-06-05,2025-06,50893,Vitoria Distribuidora LTDA ME,Hotel,Interior Sul,Tarcisio Bueno,Alcool 70 1L - Caixa 24,Quimicos,VENDA,5,0.56,285.5,189.5,34.9,7.99,34.9,53.11
2025-06-06,2025-06,50898,Uniao Servicos LTDA,Industria,Interior Sul,Tarcisio Bueno,Prato Descartavel 15cm,Descartaveis,VENDA,2,3.61,75.63,56.02,20.39,1.72,6.12,-2.5
2025-06-06,2025-06,50901,UNIAO ALIMENTOS EIRELI,Industria,Litoral,Simone Klein,Vassoura Nylon - Fardo 12,Acessorios,VENDA,3,1.7,154.08,77.22,36.3,4.5,10.89,36.06
2025-06-06,2025-06,50903,Horizonte Distribuidora S/A,Condominio,Regiao Metropolitana,Rogerio Antunes,Guardanapo 24x24 - Fardo 12,Papel,VENDA,2,1.89,149.66,99.36,20.37,4.06,6.11,25.87
2025-06-10,2025-06,50913,Zenite Participacoes ME,Padaria,Interior Norte,Simone Klein,Limpador Multiuso 5L - Fardo 6,Quimicos,VENDA,10,2.46,501.2,339.1,42.54,17.54,42.54,102.02
2025-06-11,2025-06,50915,Horizonte Negocios LTDA ME,Mercado,Litoral,Simone Klein,papel toalha rolo 100f - fardo 6,Papel,VENDA,2,2.14,105.86,61.62,31.61,2.93,9.49,9.7
2025-06-11,2025-06,50916,Estrela Servicos ME,Hotel,Interior Sul,Tarcisio Bueno,Saco Lixo 100L - Fardo 6,Descartaveis,VENDA,20,2.13,549.2,493.8,55.79,15.38,55.79,-15.77
2025-06-11,2025-06,50916,Estrela Servicos ME,Hotel,Interior Sul,Tarcisio Bueno,Talher Descartavel Misto - Pacote 100,Descartaveis,VENDA,10,9.44,270.8,263.1,27.51,7.58,27.51,-27.39
2025-06-11,2025-06,50917,BOREAL SERVICOS LTDA ME,Escola,Regiao Metropolitana,Tarcisio Bueno,Detergente Neutro 5L - Caixa 24,Quimicos,VENDA,1,2.11,54.02,31.74,9.91,1.32,2.97,11.05
2025-06-13,2025-06,50927,Horizonte Distribuidora S/A,Condominio,Regiao Metropolitana,Rogerio Antunes,COPO DESCARTAVEL 200ML - FARDO 6,Descartaveis,VENDA,2,4.0,65.4,47.24,19.8,1.55,5.94,-3.19
2025-06-14,2025-06,50935,Imperial Distribuidora S/A,Clinica,Interior Norte,Rogerio Antunes,Limpador Multiuso 5L - Fardo 6,Quimicos,VENDA,1,3.63,53.1,33.91,5.13,1.49,1.54,12.57
2025-06-14,2025-06,50935,Imperial Distribuidora S/A,Clinica,Interior Norte,Rogerio Antunes,Mop Umido - Caixa 24,Acessorios,VENDA,10,1.64,282.27,157.9,27.25,7.9,8.18,89.22
2025-06-16,2025-06,50940,Imperial Empreendimentos EIRELI,Padaria,Litoral,Rogerio Antunes,papel toalha rolo 100f,Papel,VENDA,2,4.51,98.06,73.94,7.06,2.94,7.06,14.12
2025-06-17,2025-06,50950,Rio Claro Servicos EIRELI,Mercado,Interior Norte,Tarcisio Bueno,Marmitex Aluminio 800ml - Caixa 24,Descartaveis,VENDA,3,4.48,57.01,31.44,32.67,0.96,9.8,-8.06
2025-06-19,2025-06,50964,Boreal Negocios ME,Padaria,Interior Norte,Rogerio Antunes,Cera Liquida Incolor 5L - Fardo 6,Quimicos,VENDA,2,0.01,110.34,72.84,5.76,3.31,5.76,28.43
2025-06-20,2025-06,50974,Querencia Alimentos LTDA,Mercado,Interior Norte,Simone Klein,Papel Toalha Rolo 100f - Pacote 100,Papel,VENDA,2,2.04,149.36,109.78,24.57,5.23,24.57,9.78
2025-06-23,2025-06,50981,Querencia Empreendimentos LTDA,Clinica,Interior Sul,Simone Klein,Escova Sanitaria - Caixa 24,Acessorios,VENDA,1,2.87,8.88,4.82,1.35,0.28,0.41,2.43
2025-06-25,2025-06,50988,Aurora Industria LTDA ME,Clinica,Interior Sul,Tarcisio Bueno,Prato Descartavel 15cm,Descartaveis,VENDA,2,5.78,72.19,56.02,17.44,1.68,5.23,-2.95
2025-06-26,2025-06,50995,Horizonte Distribuidora S/A,Condominio,Regiao Metropolitana,Rogerio Antunes,Papel Higienico Folha Dupla 30m - Fardo 12,Papel,VENDA,2,4.88,147.45,100.92,20.19,4.0,6.06,22.34
2025-06-27,2025-06,51002,Pampa Alimentos ME,Padaria,Regiao Metropolitana,Rogerio Antunes,Papel Higienico Folha Dupla 30m - Fardo 12,Papel,VENDA,2,0.27,139.78,100.92,25.77,4.19,25.77,8.9
2025-07-01,2025-07,51014,Luminar Alimentos S/A,Restaurante,Interior Sul,Rogerio Antunes,Copo Descartavel 50ml - Pacote 100,Descartaveis,VENDA,1,14.43,23.33,24.0,2.47,0.7,2.47,-3.84
2025-07-01,2025-07,51019,BOREAL SERVICOS LTDA ME,Escola,Regiao Metropolitana,Tarcisio Bueno,Alvejante 5L - Caixa 24,Quimicos,VENDA,3,6.9,181.88,113.4,31.31,4.48,9.39,32.69
2025-07-02,2025-07,51024,Nortao Alimentos S/A,Escola,Interior Norte,Simone Klein,Saco Lixo 100L,Descartaveis,VENDA,2,7.91,56.32,53.82,5.89,1.97,5.89,-5.36
2025-07-02,2025-07,51027,Rio Claro Servicos S/A,Industria,Interior Norte,Rogerio Antunes,Detergente Neutro 5L - Pacote 100,Quimicos,VENDA,5,2.4,109.1,73.8,6.96,3.27,6.96,25.07
2025-07-03,2025-07,51031,Uniao Servicos LTDA,Industria,Interior Sul,Tarcisio Bueno,Saco Lixo 100L - Fardo 6,Descartaveis,VENDA,2,11.38,49.74,49.38,13.28,1.39,13.28,-14.31
2025-07-03,2025-07,51031,Uniao Servicos LTDA,Industria,Interior Sul,Tarcisio Bueno,PRATO DESCARTAVEL 15CM - PACOTE 100,Descartaveis,VENDA,10,20.52,298.4,330.4,79.69,8.36,79.69,-120.05
2025-07-03,2025-07,51034,Querencia Negocios LTDA,Industria,Interior Norte,Simone Klein,Papel Toalha Interfolha 1000f - Caixa 24,Papel,VENDA,50,2.95,3373.0,2502.5,120.51,118.06,120.51,631.93
2025-07-04,2025-07,51036,Nortao Alimentos S/A,Escola,Interior Norte,Simone Klein,ALCOOL 70 1L - FARDO 6,Quimicos,VENDA,3,2.71,207.49,125.85,31.39,6.49,9.42,43.76
2025-07-08,2025-07,51046,BOREAL SERVICOS LTDA ME,Escola,Regiao Metropolitana,Tarcisio Bueno,Papel Higienico Folha Dupla 30m,Papel,VENDA,2,3.91,65.94,36.14,25.28,1.35,7.58,3.17
2025-07-08,2025-07,51047,Boreal Negocios ME,Padaria,Interior Norte,Rogerio Antunes,Luva Plastica Descartavel - Fardo 6,Descartaveis,VENDA,3,4.31,73.62,45.75,34.12,1.49,10.24,-7.74
2025-07-14,2025-07,51069,Estrela Negocios S/A,Padaria,Litoral,Tarcisio Bueno,Limpa Vidros 500ml - Caixa 24,Quimicos,VENDA,2,1.76,90.37,50.36,22.01,2.1,6.6,15.9
2025-07-14,2025-07,51069,Estrela Negocios S/A,Padaria,Litoral,Tarcisio Bueno,Papel Toalha Interfolha 1000f,Papel,VENDA,1,0.68,34.79,20.92,8.47,0.81,2.54,4.59
2025-07-16,2025-07,51079,Jangada Empreendimentos ME,Condominio,Litoral,Rogerio Antunes,Talher Descartavel Misto - Caixa 24,Descartaveis,VENDA,3,8.3,118.17,93.99,28.89,2.94,8.67,-7.65
2025-07-16,2025-07,51080,Xavante Industria EIRELI,Escola,Regiao Metropolitana,Tarcisio Bueno,papel higienico folha dupla 30m - fardo 12,Papel,VENDA,10,3.28,685.6,510.4,73.94,19.2,73.94,82.06
2025-07-17,2025-07,51084,Trevo Alimentos EIRELI,Condominio,Interior Norte,Simone Klein,Embalagem Delivery 750ml - Fardo 6,Descartaveis,VENDA,1,12.66,31.61,31.85,1.02,1.11,1.02,-2.37
2025-07-17,2025-07,51087,Serrano Servicos LTDA ME,Mercado,Interior Norte,Simone Klein,Alvejante 5L - Fardo 6,Quimicos,VENDA,20,4.67,456.0,315.8,15.52,15.96,15.52,108.72
2025-07-17,2025-07,51090,Xavante Servicos EIRELI,Padaria,Litoral,Rogerio Antunes,Esponja Dupla Face - Fardo 6,Acessorios,VENDA,2,2.52,84.3,39.42,27.38,1.95,8.22,15.55
2025-07-18,2025-07,51095,Estrela Industria EIRELI,Clinica,Interior Norte,Rogerio Antunes,Copo Descartavel 200ml,Descartaveis,VENDA,10,11.34,330.99,298.6,43.12,9.02,12.93,-19.75
2025-07-21,2025-07,51106,UNIAO ALIMENTOS LTDA ME,Restaurante,Litoral,Simone Klein,Esponja Dupla Face - Fardo 6,Acessorios,VENDA,3,0.91,110.7,59.13,16.25,3.48,4.88,31.84
2025-07-21,2025-07,51106,UNIAO ALIMENTOS LTDA ME,Restaurante,Litoral,Simone Klein,Luva Plastica Descartavel - Pacote 100,Descartaveis,VENDA,10,7.96,197.49,169.4,28.99,6.2,8.7,-7.1
2025-07-22,2025-07,51113,Aurora Distribuidora LTDA ME,Clinica,Litoral,Simone Klein,Cera Liquida Incolor 5L - Fardo 6,Quimicos,DEVOLUCAO,-1,1.85,-54.16,-36.42,3.73,-1.9,3.73,-19.57
2025-07-22,2025-07,51113,Aurora Distribuidora LTDA ME,Clinica,Litoral,Simone Klein,Limpa Vidros 500ml - Caixa 24,Quimicos,VENDA,1,0.17,38.09,25.18,2.62,1.33,2.62,8.96
2025-07-23,2025-07,51120,Horizonte Negocios LTDA ME,Mercado,Litoral,Simone Klein,MASCARA DESCARTAVEL - CAIXA 24,EPI,VENDA,5,0.01,118.09,66.1,16.41,3.73,4.92,31.85
2025-07-23,2025-07,51122,Boreal Negocios ME,Padaria,Interior Norte,Rogerio Antunes,Borrifador 500ml,Acessorios,VENDA,2,1.5,81.98,41.14,19.0,2.06,5.7,19.78
2025-07-23,2025-07,51122,Boreal Negocios ME,Padaria,Interior Norte,Rogerio Antunes,Escova Sanitaria - Fardo 12,Acessorios,VENDA,3,0.55,87.41,43.44,20.26,2.2,6.08,21.51
2025-07-25,2025-07,51132,Luminar Alimentos S/A,Restaurante,Interior Sul,Rogerio Antunes,Escova Sanitaria - Caixa 24,Acessorios,VENDA,1,4.09,10.92,4.82,4.4,0.24,1.32,1.46
2025-07-25,2025-07,51137,Zenite Participacoes ME,Padaria,Interior Norte,Simone Klein,Bobina Papel Toalha 200m,Papel,DEVOLUCAO,-3,4.36,-124.7,-105.63,22.29,-4.91,6.68,-36.45
2025-07-29,2025-07,51151,UNIAO ALIMENTOS EIRELI,Industria,Litoral,Simone Klein,Balde 20L - Pacote 100,Acessorios,VENDA,50,2.17,1595.0,962.0,37.85,55.83,37.85,539.33
2025-07-30,2025-07,51159,TREVO ALIMENTOS S/A,Mercado,Interior Norte,Rogerio Antunes,Papel Toalha Interfolha 1000f,Papel,VENDA,3,4.81,82.98,62.76,10.41,2.49,10.41,7.32
2025-07-30,2025-07,51161,Trevo Comercio LTDA,Restaurante,Interior Norte,Simone Klein,MOP UMIDO - CAIXA 24,Acessorios,VENDA,1,5.43,52.89,28.18,11.03,1.58,3.31,12.1
2025-07-30,2025-07,51163,Serrano Servicos LTDA ME,Mercado,Interior Norte,Simone Klein,DESINFETANTE LAVANDA 5L - PACOTE 100,Quimicos,VENDA,3,1.15,203.54,123.27,27.03,6.46,8.11,46.78
2025-07-31,2025-07,51166,Rio Claro Servicos S/A,Industria,Interior Norte,Rogerio Antunes,Guardanapo 24x24 - Fardo 12,Papel,VENDA,1,0.23,89.67,49.68,29.75,2.07,8.92,8.17
2025-08-01,2025-08,51171,TREVO ALIMENTOS S/A,Mercado,Interior Norte,Rogerio Antunes,Saco Lixo 60L - Fardo 6,Descartaveis,VENDA,10,4.99,90.5,83.9,14.46,2.72,14.46,-10.58
2025-08-06,2025-08,51190,Querencia Distribuidora LTDA ME,Padaria,Interior Norte,Rogerio Antunes,Desengordurante 5L,Quimicos,VENDA,10,2.08,503.4,339.3,39.42,15.1,39.42,109.58
2025-08-08,2025-08,51202,Trevo Alimentos EIRELI,Condominio,Interior Norte,Simone Klein,Rodo 40cm - Fardo 12,Acessorios,VENDA,3,5.06,30.14,13.14,12.89,0.74,3.87,3.37
2025-08-09,2025-08,51203,Uniao Negocios LTDA,Hotel,Interior Norte,Rogerio Antunes,PAPEL HIGIENICO ROLAO 300M,Papel,VENDA,2,4.3,37.34,25.08,5.71,1.0,1.71,5.55
2025-08-09,2025-08,51204,Imperial Servicos S/A,Clinica,Regiao Metropolitana,Rogerio Antunes,Alcool 70 1L - Caixa 24,Quimicos,VENDA,3,2.33,146.29,81.66,36.36,3.63,10.91,24.64
2025-08-12,2025-08,51209,Oriente Alimentos ME,Padaria,Interior Norte,Tarcisio Bueno,PRATO DESCARTAVEL 15CM - PACOTE 100,Descartaveis,VENDA,10,3.8,361.2,330.4,37.84,10.11,37.84,-17.15
2025-08-14,2025-08,51217,Serrano Servicos LTDA ME,Mercado,Interior Norte,Simone Klein,Limpador Multiuso 5L,Quimicos,VENDA,2,1.0,88.0,58.66,15.82,3.08,15.82,10.44
2025-08-15,2025-08,51221,Nortao Alimentos S/A,Escola,Interior Norte,Simone Klein,SACO LIXO 60L - PACOTE 100,Descartaveis,VENDA,5,3.21,80.45,66.65,10.22,2.57,3.07,1.01
2025-08-15,2025-08,51226,BOREAL SERVICOS LTDA ME,Escola,Regiao Metropolitana,Tarcisio Bueno,Copo Descartavel 200ml - Fardo 12,Descartaveis,VENDA,1,11.76,36.72,31.4,7.48,0.88,2.24,-3.04
2025-08-18,2025-08,51232,Pampa Alimentos ME,Padaria,Regiao Metropolitana,Rogerio Antunes,Saco Lixo 100L,Descartaveis,VENDA,3,9.85,82.71,80.73,10.41,2.48,10.41,-10.91
2025-08-18,2025-08,51233,Oriente Participacoes LTDA,Clinica,Regiao Metropolitana,Simone Klein,BORRIFADOR 500ML - FARDO 12,Acessorios,VENDA,2,0.35,69.24,35.02,14.4,2.07,4.32,17.75
2025-08-18,2025-08,51237,Xavante Industria EIRELI,Escola,Regiao Metropolitana,Tarcisio Bueno,SACO LIXO 60L - CAIXA 24,Descartaveis,VENDA,5,0.25,68.41,50.05,16.66,1.59,5.0,0.11
2025-08-19,2025-08,51243,Trevo Alimentos EIRELI,Condominio,Interior Norte,Simone Klein,borrifador 500ml - fardo 6,Acessorios,VENDA,3,6.25,103.82,56.16,20.81,3.12,6.24,23.73
2025-08-20,2025-08,51250,Luminar Participacoes LTDA,Condominio,Litoral,Simone Klein,DESINFETANTE LAVANDA 5L - FARDO 6,Quimicos,DEVOLUCAO,-2,2.44,-71.38,-55.26,14.71,-2.86,4.41,-27.97
2025-08-20,2025-08,51252,Pampa Alimentos ME,Padaria,Regiao Metropolitana,Rogerio Antunes,Alcool 70 1L,Quimicos,VENDA,10,3.59,584.4,400.1,31.37,17.53,31.37,135.4
2025-08-20,2025-08,51254,Horizonte Distribuidora S/A,Condominio,Regiao Metropolitana,Rogerio Antunes,OCULOS PROTECAO - FARDO 6,EPI,VENDA,20,0.12,165.49,89.2,31.27,4.31,9.38,40.71
2025-08-20,2025-08,51255,Imperial Distribuidora S/A,Clinica,Interior Norte,Rogerio Antunes,Cera Liquida Incolor 5L,Quimicos,VENDA,5,2.2,256.95,173.4,29.31,7.71,29.31,46.53
2025-08-23,2025-08,51268,Oriente Participacoes LTDA,Clinica,Regiao Metropolitana,Simone Klein,Cera Liquida Incolor 5L - Fardo 6,Quimicos,VENDA,3,0.17,110.22,65.94,15.0,3.49,4.5,25.79
2025-08-25,2025-08,51271,Central Negocios ME,Mercado,Interior Sul,Tarcisio Bueno,Copo Descartavel 200ml - Fardo 12,Descartaveis,VENDA,5,10.13,160.35,157.0,9.18,4.49,9.18,-10.32
2025-08-25,2025-08,51273,Uniao Servicos LTDA,Industria,Interior Sul,Tarcisio Bueno,Copo Descartavel 50ml,Descartaveis,VENDA,1,7.92,43.8,32.55,13.92,0.95,4.18,-3.62
2025-08-25,2025-08,51274,Jangada Empreendimentos ME,Condominio,Litoral,Rogerio Antunes,Saco Lixo 30L - Fardo 6,Descartaveis,VENDA,1,7.41,33.16,25.49,9.06,0.8,2.72,-2.19
2025-08-25,2025-08,51274,Jangada Empreendimentos ME,Condominio,Litoral,Rogerio Antunes,Prato Descartavel 15cm,Descartaveis,VENDA,2,7.01,73.19,56.02,19.99,1.78,6.0,-4.6
2025-08-26,2025-08,51283,BOREAL SERVICOS LTDA ME,Escola,Regiao Metropolitana,Tarcisio Bueno,Guardanapo 24x24 - Fardo 12,Papel,VENDA,2,7.04,128.28,99.36,8.52,3.59,8.52,16.81
2025-08-29,2025-08,51298,Boreal Negocios ME,Padaria,Interior Norte,Rogerio Antunes,papel toalha rolo 100f - fardo 6,Papel,VENDA,2,4.67,81.58,61.62,8.83,2.45,8.83,8.68
2025-08-30,2025-08,51306,Trevo Alimentos EIRELI,Condominio,Interior Norte,Simone Klein,Copo Descartavel 200ml,Descartaveis,VENDA,3,10.03,91.59,89.58,4.63,3.21,4.63,-5.83
2025-09-01,2025-09,51307,Querencia Participacoes EIRELI,Mercado,Regiao Metropolitana,Tarcisio Bueno,Bobina Papel Toalha 200m - Fardo 6,Papel,VENDA,3,9.34,76.53,60.78,5.39,2.14,5.39,8.22
2025-09-02,2025-09,51317,Querencia Participacoes EIRELI,Mercado,Regiao Metropolitana,Tarcisio Bueno,Talher Descartavel Misto - Pacote 100,Descartaveis,VENDA,5,12.86,149.45,131.55,27.43,3.65,8.23,-13.18
2025-09-02,2025-09,51317,Querencia Participacoes EIRELI,Mercado,Regiao Metropolitana,Tarcisio Bueno,Luva Plastica Descartavel - Fardo 6,Descartaveis,VENDA,5,3.48,95.98,76.25,17.62,2.34,5.29,-0.23
2025-09-04,2025-09,51339,Pampa Alimentos ME,Padaria,Regiao Metropolitana,Rogerio Antunes,Avental PVC - Pacote 100,EPI,VENDA,10,2.38,255.81,150.4,27.16,7.1,8.15,71.15
2025-09-04,2025-09,51343,Pampa Alimentos ME,Padaria,Regiao Metropolitana,Rogerio Antunes,OCULOS PROTECAO - FARDO 6,EPI,VENDA,2,1.99,15.96,8.92,2.66,0.42,0.8,3.96
2025-09-04,2025-09,51343,Pampa Alimentos ME,Padaria,Regiao Metropolitana,Rogerio Antunes,Papel Toalha Interfolha 1000f,Papel,VENDA,10,3.37,317.9,209.2,53.01,8.42,15.91,47.27
2025-09-05,2025-09,51347,UNIAO ALIMENTOS EIRELI,Industria,Litoral,Simone Klein,Alcool 70 1L - Caixa 24,Quimicos,VENDA,1,3.68,71.47,37.9,23.09,1.94,6.93,8.54
2025-09-05,2025-09,51348,Imperial Servicos S/A,Clinica,Regiao Metropolitana,Rogerio Antunes,Mascara Descartavel - Fardo 6,EPI,VENDA,5,2.68,58.77,31.55,13.17,1.49,3.95,12.56
2025-09-08,2025-09,51358,Rio Claro Servicos S/A,Industria,Interior Norte,Rogerio Antunes,Borrifador 500ml - Fardo 12,Acessorios,VENDA,5,1.78,101.6,61.05,8.69,3.05,8.69,28.81
2025-09-09,2025-09,51360,Vitoria Distribuidora LTDA ME,Hotel,Interior Sul,Tarcisio Bueno,BOBINA PAPEL TOALHA 200M - PACOTE 100,Papel,VENDA,3,1.08,100.49,65.55,14.9,2.52,4.47,17.52
2025-09-09,2025-09,51362,Uniao Servicos S/A,Condominio,Litoral,Rogerio Antunes,saco lixo 100l - fardo 12,Descartaveis,VENDA,2,9.97,81.69,59.04,30.38,1.81,9.11,-9.54
2025-09-10,2025-09,51367,Oriente Alimentos ME,Padaria,Interior Norte,Tarcisio Bueno,Bota PVC,EPI,VENDA,5,2.34,135.13,68.1,39.76,3.0,11.93,24.27
2025-09-10,2025-09,51367,Oriente Alimentos ME,Padaria,Interior Norte,Tarcisio Bueno,Escova Sanitaria - Fardo 12,Acessorios,VENDA,2,1.3,61.0,28.96,17.95,1.36,5.39,12.73
2025-09-10,2025-09,51369,Central Alimentos LTDA ME,Clinica,Litoral,Tarcisio Bueno,Embalagem Delivery 750ml - Fardo 6,Descartaveis,VENDA,2,7.1,32.92,31.18,3.86,0.92,3.86,-3.04
2025-09-12,2025-09,51379,Boreal Empreendimentos LTDA,Industria,Regiao Metropolitana,Tarcisio Bueno,Luva Plastica Descartavel - Pacote 100,Descartaveis,VENDA,20,10.94,342.8,338.8,13.84,9.6,13.84,-19.44
2025-09-12,2025-09,51380,Imperial Empreendimentos EIRELI,Padaria,Litoral,Rogerio Antunes,Saco Lixo 100L,Descartaveis,VENDA,5,2.72,175.26,134.55,37.87,4.46,11.36,-1.62
2025-09-12,2025-09,51385,Bandeirante Comercio ME,Condominio,Litoral,Rogerio Antunes,Bobina Papel Toalha 200m - Caixa 24,Papel,VENDA,2,4.44,168.42,98.76,53.34,3.93,16.0,12.39
2025-09-12,2025-09,51386,Central Negocios ME,Mercado,Interior Sul,Tarcisio Bueno,COPO DESCARTAVEL 200ML - FARDO 6,Descartaveis,VENDA,2,6.95,49.94,47.24,2.57,1.4,2.57,-1.27
2025-09-15,2025-09,51389,Querencia Empreendimentos LTDA,Clinica,Interior Sul,Simone Klein,ALCOOL 70 1L - FARDO 6,Quimicos,VENDA,2,1.44,150.87,83.9,36.56,4.38,10.97,26.03
2025-09-16,2025-09,51396,Luminar Participacoes LTDA,Condominio,Litoral,Simone Klein,sabao liquido 5l - pacote 100,Quimicos,VENDA,5,0.39,187.08,114.5,20.4,6.05,6.12,46.13
2025-09-17,2025-09,51403,Alvorada Distribuidora ME,Mercado,Interior Sul,Simone Klein,Saco Lixo 100L - Pacote 100,Descartaveis,VENDA,10,1.47,178.2,159.2,11.96,6.24,11.96,0.8
2025-09-17,2025-09,51407,BOREAL SERVICOS LTDA ME,Escola,Regiao Metropolitana,Tarcisio Bueno,Luva Plastica Descartavel - Pacote 100,Descartaveis,VENDA,20,21.08,303.8,338.8,36.42,8.51,36.42,-79.93
2025-09-17,2025-09,51412,Horizonte Distribuidora S/A,Condominio,Regiao Metropolitana,Rogerio Antunes,Luva Plastica Descartavel - Pacote 100,Descartaveis,VENDA,2,9.42,39.64,33.88,6.8,1.05,2.04,-2.09
2025-09-18,2025-09,51413,Querencia Empreendimentos LTDA,Clinica,Interior Sul,Simone Klein,Marmitex Aluminio 800ml - Caixa 24,Descartaveis,VENDA,10,2.47,116.2,104.8,8.62,4.07,8.62,-1.29
2025-09-18,2025-09,51414,Horizonte Distribuidora S/A,Condominio,Regiao Metropolitana,Rogerio Antunes,Bobina Papel Toalha 200m - Caixa 24,Papel,VENDA,2,2.4,133.86,98.76,8.83,4.02,8.83,22.25
2025-09-18,2025-09,51415,Serrano Servicos LTDA ME,Mercado,Interior Norte,Simone Klein,Saco Lixo 100L - Pacote 100,Descartaveis,VENDA,3,8.74,49.53,47.76,5.86,1.73,5.86,-5.82
2025-09-20,2025-09,51422,Rio Claro Servicos EIRELI,Mercado,Interior Norte,Tarcisio Bueno,Alvejante 5L - Fardo 12,Quimicos,VENDA,5,9.25,132.8,85.05,22.64,3.27,6.79,21.84
2025-09-22,2025-09,51426,Oriente Alimentos ME,Padaria,Interior Norte,Tarcisio Bueno,BOTA PVC - FARDO 6,EPI,VENDA,1,0.63,8.12,4.41,1.51,0.2,0.46,2.0
2025-09-25,2025-09,51441,XAVANTE EMPREENDIMENTOS LTDA ME,Mercado,Interior Norte,Simone Klein,Alcool 70 1L,Quimicos,VENDA,10,1.66,596.1,400.1,38.98,20.86,38.98,136.16
2025-09-26,2025-09,51445,Serrano Servicos LTDA ME,Mercado,Interior Norte,Simone Klein,Copo Descartavel 50ml,Descartaveis,VENDA,10,8.97,371.54,325.5,49.77,11.78,14.93,-15.51
2025-09-26,2025-09,51449,Pampa Alimentos ME,Padaria,Regiao Metropolitana,Rogerio Antunes,Bobina Papel Toalha 200m - Fardo 6,Papel,VENDA,3,3.8,94.26,60.78,18.65,2.44,5.6,12.39
2025-09-26,2025-09,51449,Pampa Alimentos ME,Padaria,Regiao Metropolitana,Rogerio Antunes,Cera Liquida Incolor 5L - Fardo 6,Quimicos,VENDA,2,1.73,125.89,72.84,24.9,3.25,7.47,24.9
2025-09-29,2025-09,51456,Oriente Participacoes LTDA,Clinica,Regiao Metropolitana,Simone Klein,Papel Toalha Rolo 100f - Pacote 100,Papel,VENDA,2,1.21,184.22,109.78,47.97,5.27,14.39,21.2
2025-09-29,2025-09,51459,Luminar Participacoes LTDA,Condominio,Litoral,Simone Klein,Alcool 70 1L - Caixa 24,Quimicos,VENDA,1,3.0,40.0,27.22,2.96,1.4,2.96,8.42
2025-10-01,2025-10,51467,Querencia Participacoes EIRELI,Mercado,Regiao Metropolitana,Tarcisio Bueno,Limpador Multiuso 5L - Fardo 6,Quimicos,VENDA,1,4.46,48.78,25.99,15.95,1.05,4.79,5.79
2025-10-02,2025-10,51479,Horizonte Negocios LTDA ME,Mercado,Litoral,Simone Klein,Papel Higienico Folha Dupla 30m - Fardo 12,Papel,VENDA,10,3.83,674.0,504.6,67.15,23.59,67.15,78.66
2025-10-02,2025-10,51479,Horizonte Negocios LTDA ME,Mercado,Litoral,Simone Klein,Papel Higienico Rolao 300m - Fardo 12,Papel,VENDA,2,1.06,171.32,124.68,17.07,6.0,17.07,23.57
2025-10-03,2025-10,51480,Jangada Comercio ME,Padaria,Regiao Metropolitana,Simone Klein,papel higienico folha dupla 30m - fardo 12,Papel,VENDA,3,4.31,230.06,153.12,37.95,7.12,11.38,31.87
2025-10-03,2025-10,51481,Boreal Participacoes EIRELI,Clinica,Litoral,Rogerio Antunes,Papel Higienico Rolao 300m - Fardo 12,Papel,VENDA,2,0.45,153.01,89.24,42.33,3.7,12.7,17.74
2025-10-03,2025-10,51485,BOREAL SERVICOS LTDA ME,Escola,Regiao Metropolitana,Tarcisio Bueno,Luva Plastica Descartavel - Pacote 100,Descartaveis,VENDA,3,12.43,54.33,50.82,5.36,1.42,1.61,-3.27
2025-10-06,2025-10,51495,BOREAL SERVICOS LTDA ME,Escola,Regiao Metropolitana,Tarcisio Bueno,Papel Toalha Rolo 100f - Fardo 6,Papel,VENDA,10,4.67,860.4,649.8,50.46,24.09,50.46,136.05
2025-10-07,2025-10,51502,Querencia Participacoes EIRELI,Mercado,Regiao Metropolitana,Tarcisio Bueno,Mascara Descartavel,EPI,VENDA,3,2.28,55.05,28.62,14.19,1.26,4.26,10.98
2025-10-07,2025-10,51502,Querencia Participacoes EIRELI,Mercado,Regiao Metropolitana,Tarcisio Bueno,Marmitex Aluminio 800ml,Descartaveis,VENDA,2,5.03,23.16,17.58,5.97,0.53,1.79,-0.92
2025-10-09,2025-10,51518,Querencia Participacoes EIRELI,Mercado,Regiao Metropolitana,Tarcisio Bueno,Cera Liquida Incolor 5L - Fardo 6,Quimicos,VENDA,5,1.81,311.16,182.1,57.52,7.59,17.26,63.95
2025-10-15,2025-10,51543,Trevo Alimentos EIRELI,Condominio,Interior Norte,Simone Klein,luva plastica descartavel - pacote 100,Descartaveis,VENDA,1,8.35,20.26,19.46,0.98,0.71,0.98,-0.89
2025-10-22,2025-10,51576,Trevo Empreendimentos LTDA,Padaria,Interior Norte,Rogerio Antunes,luva plastica descartavel - pacote 100,Descartaveis,VENDA,10,15.2,219.4,194.6,45.57,5.63,13.67,-26.4
2025-10-27,2025-10,51601,Querencia Alimentos LTDA,Mercado,Interior Norte,Simone Klein,Limpador Multiuso 5L,Quimicos,VENDA,5,0.79,220.45,146.65,3.8,7.72,3.8,62.28
2025-10-27,2025-10,51607,Serrano Servicos LTDA ME,Mercado,Interior Norte,Simone Klein,REMOVEDOR 1L - CAIXA 24,Quimicos,VENDA,1,3.74,21.17,10.07,9.26,0.51,2.78,1.33
2025-10-29,2025-10,51619,Querencia Participacoes EIRELI,Mercado,Regiao Metropolitana,Tarcisio Bueno,Desinfetante Lavanda 5L,Quimicos,VENDA,20,6.97,569.8,404.2,14.97,15.95,14.97,134.68
2025-10-30,2025-10,51629,TREVO ALIMENTOS S/A,Mercado,Interior Norte,Rogerio Antunes,SACO LIXO 60L - CAIXA 24,Descartaveis,VENDA,5,3.98,54.65,50.05,0.86,1.64,0.86,2.1
2025-10-30,2025-10,51631,Querencia Participacoes EIRELI,Mercado,Regiao Metropolitana,Tarcisio Bueno,PRATO DESCARTAVEL 15CM - PACOTE 100,Descartaveis,VENDA,3,9.88,128.83,99.12,39.01,2.84,11.7,-12.14
2025-11-03,2025-11,51646,Horizonte Distribuidora S/A,Condominio,Regiao Metropolitana,Rogerio Antunes,Papel Toalha Rolo 100f - Fardo 6,Papel,VENDA,5,2.67,439.2,324.9,40.53,13.18,40.53,60.59
2025-11-03,2025-11,51649,Pampa Alimentos ME,Padaria,Regiao Metropolitana,Rogerio Antunes,Luva Plastica Descartavel - Pacote 100,Descartaveis,VENDA,10,18.48,156.9,169.4,10.66,4.71,10.66,-27.87
2025-11-04,2025-11,51651,Pampa Alimentos ME,Padaria,Regiao Metropolitana,Rogerio Antunes,Vassoura Nylon - Fardo 12,Acessorios,VENDA,20,3.95,838.2,514.8,19.96,25.15,19.96,278.29
2025-11-04,2025-11,51651,Pampa Alimentos ME,Padaria,Regiao Metropolitana,Rogerio Antunes,LUVA PLASTICA DESCARTAVEL,Descartaveis,VENDA,50,15.87,1540.0,1611.0,36.66,46.2,36.66,-153.86
2025-11-05,2025-11,51657,Querencia Participacoes EIRELI,Mercado,Regiao Metropolitana,Tarcisio Bueno,Embalagem Delivery 750ml - Pacote 100,Descartaveis,VENDA,1,11.83,13.56,10.99,3.64,0.31,1.09,-1.38
2025-11-10,2025-11,51669,Trevo Alimentos EIRELI,Condominio,Interior Norte,Simone Klein,Balde 20L,Acessorios,VENDA,10,6.21,387.75,226.7,39.22,12.61,11.77,109.22
2025-11-12,2025-11,51685,Pampa Alimentos ME,Padaria,Regiao Metropolitana,Rogerio Antunes,COPO DESCARTAVEL 200ML - FARDO 6,Descartaveis,VENDA,1,1.85,39.16,23.62,18.31,0.79,5.49,-3.56
2025-11-12,2025-11,51693,Uniao Negocios LTDA,Hotel,Interior Norte,Rogerio Antunes,Papel Toalha Rolo 100f - Fardo 6,Papel,VENDA,20,0.36,1798.6,1299.6,35.52,53.96,35.52,409.52
2025-11-12,2025-11,51693,Uniao Negocios LTDA,Hotel,Interior Norte,Rogerio Antunes,Cera Liquida Incolor 5L - Fardo 6,Quimicos,VENDA,1,2.67,32.41,21.98,0.64,0.97,0.64,8.82
2025-11-14,2025-11,51703,Aurora Alimentos S/A,Escola,Litoral,Simone Klein,Saco Lixo 60L - Fardo 6,Descartaveis,VENDA,10,8.23,103.41,83.9,22.73,3.06,6.82,-6.28
2025-11-14,2025-11,51705,Guarani Servicos S/A,Restaurante,Regiao Metropolitana,Simone Klein,Copo Descartavel 200ml - Pacote 100,Descartaveis,VENDA,10,6.26,348.03,289.0,57.47,10.77,17.24,-9.21
2025-11-17,2025-11,51714,horizonte distribuidora me,Condominio,Regiao Metropolitana,Rogerio Antunes,Embalagem Delivery 750ml - Pacote 100,Descartaveis,VENDA,5,10.26,62.81,54.95,9.66,1.68,2.9,-3.48
2025-11-19,2025-11,51719,Zenite Servicos EIRELI,Industria,Interior Sul,Tarcisio Bueno,Copo Descartavel 50ml - Pacote 100,Descartaveis,VENDA,5,1.22,87.11,64.35,21.3,2.02,6.39,-0.56
2025-11-19,2025-11,51720,Vitoria Comercio LTDA,Industria,Interior Sul,Simone Klein,Luva Plastica Descartavel - Fardo 6,Descartaveis,VENDA,1,1.66,47.85,15.25,44.01,0.6,13.2,-12.01
2025-11-19,2025-11,51723,Estrela Comercio S/A,Restaurante,Interior Sul,Rogerio Antunes,papel higienico folha dupla 30m - fardo 12,Papel,VENDA,2,0.55,163.89,102.08,32.7,4.23,9.81,24.88
2025-11-20,2025-11,51726,Horizonte Industria S/A,Escola,Interior Norte,Rogerio Antunes,Vassoura Nylon,Acessorios,VENDA,2,1.78,33.6,20.18,3.21,1.01,3.21,9.2
2025-11-20,2025-11,51734,Serrano Servicos LTDA ME,Mercado,Interior Norte,Simone Klein,sabao liquido 5l - pacote 100,Quimicos,VENDA,2,2.44,77.17,45.8,13.52,2.37,4.05,15.48
2025-11-21,2025-11,51738,Nortao Alimentos S/A,Escola,Interior Norte,Simone Klein,Luva Plastica Descartavel - Pacote 100,Descartaveis,VENDA,10,12.33,168.8,169.4,9.98,5.91,9.98,-16.49
2025-11-24,2025-11,51744,Serrano Servicos LTDA ME,Mercado,Interior Norte,Simone Klein,Detergente Neutro 5L,Quimicos,VENDA,5,0.32,250.8,166.05,19.03,8.78,19.03,56.94
2025-11-25,2025-11,51753,Nortao Empreendimentos LTDA ME,Padaria,Interior Sul,Tarcisio Bueno,papel higienico rolao 300m - fardo 6,Papel,VENDA,10,3.7,820.7,613.6,34.72,22.98,34.72,149.4
2025-11-25,2025-11,51755,Querencia Negocios LTDA,Industria,Interior Norte,Simone Klein,Prato Descartavel 15cm - Caixa 24,Descartaveis,VENDA,2,8.24,67.49,38.74,38.69,1.41,11.6,-11.35
2025-11-26,2025-11,51763,Querencia Participacoes EIRELI,Mercado,Regiao Metropolitana,Tarcisio Bueno,Bota PVC - Fardo 12,EPI,VENDA,2,2.16,69.65,36.28,17.7,1.6,5.31,14.07
2025-11-26,2025-11,51765,Central Alimentos LTDA ME,Clinica,Litoral,Tarcisio Bueno,Papel Toalha Interfolha 1000f - Pacote 100,Papel,VENDA,3,1.45,237.06,173.19,14.22,6.64,14.22,43.01
2025-11-27,2025-11,51766,XAVANTE EMPREENDIMENTOS LTDA ME,Mercado,Interior Norte,Simone Klein,Copo Descartavel 200ml - Fardo 12,Descartaveis,VENDA,20,3.72,383.2,350.2,29.27,13.41,29.27,-9.68
2025-11-27,2025-11,51766,XAVANTE EMPREENDIMENTOS LTDA ME,Mercado,Interior Norte,Simone Klein,Copo Descartavel 200ml - Fardo 12,Descartaveis,VENDA,2,1.75,39.1,35.02,2.99,1.37,2.99,-0.28
2025-11-27,2025-11,51768,Horizonte Distribuidora S/A,Condominio,Regiao Metropolitana,Rogerio Antunes,Talher Descartavel Misto - Pacote 100,Descartaveis,VENDA,5,7.64,155.63,131.55,25.04,4.14,7.51,-5.1
2025-11-27,2025-11,51769,Imperial Empreendimentos EIRELI,Padaria,Litoral,Rogerio Antunes,BOTA PVC - FARDO 6,EPI,VENDA,5,0.4,35.4,22.05,4.93,1.06,4.93,7.36
2025-11-28,2025-11,51775,Estrela Negocios S/A,Padaria,Litoral,Tarcisio Bueno,Balde 20L,Acessorios,VENDA,10,0.88,380.8,226.7,28.49,10.66,28.49,114.95
2025-12-02,2025-12,51793,BOREAL SERVICOS LTDA ME,Escola,Regiao Metropolitana,Tarcisio Bueno,Saco Lixo 100L,Descartaveis,VENDA,5,8.23,152.05,134.55,16.78,3.93,5.03,-3.21
2025-12-02,2025-12,51797,BANDEIRANTE NEGOCIOS S/A,Condominio,Interior Sul,Simone Klein,Copo Descartavel 50ml,Descartaveis,VENDA,1,8.79,33.74,32.55,3.32,1.18,3.32,-3.31
2025-12-03,2025-12,51802,Pampa Alimentos ME,Padaria,Regiao Metropolitana,Rogerio Antunes,Luva Plastica Descartavel - Fardo 6,Descartaveis,VENDA,2,1.72,34.06,30.5,1.03,1.02,1.03,1.51
2025-12-04,2025-12,51811,Boreal Comercio EIRELI,Mercado,Interior Sul,Simone Klein,papel toalha rolo 100f,Papel,VENDA,1,2.1,50.27,36.97,4.94,1.76,4.94,6.6
2025-12-04,2025-12,51812,Vitoria Distribuidora LTDA ME,Hotel,Interior Sul,Tarcisio Bueno,Avental PVC - Fardo 6,EPI,VENDA,2,1.13,17.14,9.02,3.94,0.4,1.18,3.78
2025-12-05,2025-12,51815,Nortao Empreendimentos LTDA ME,Padaria,Interior Sul,Tarcisio Bueno,ALCOOL 70 1L - FARDO 6,Quimicos,VENDA,3,4.19,218.59,125.85,51.28,5.12,15.39,36.34
2025-12-05,2025-12,51816,BOREAL SERVICOS LTDA ME,Escola,Regiao Metropolitana,Tarcisio Bueno,Papel Higienico Rolao 300m - Fardo 12,Papel,VENDA,1,0.57,67.02,44.62,7.71,1.73,2.31,12.96
2025-12-05,2025-12,51816,BOREAL SERVICOS LTDA ME,Escola,Regiao Metropolitana,Tarcisio Bueno,Papel Higienico Rolao 300m - Fardo 12,Papel,VENDA,3,8.83,274.85,199.59,31.61,7.08,9.48,36.57
2025-12-05,2025-12,51817,Vitoria Comercio LTDA,Industria,Interior Sul,Simone Klein,Desengordurante 5L,Quimicos,VENDA,1,3.84,61.67,33.93,17.46,1.73,5.23,8.55
2025-12-05,2025-12,51822,Estrela Negocios EIRELI,Padaria,Interior Norte,Rogerio Antunes,saco lixo 100l - fardo 12,Descartaveis,VENDA,1,0.56,33.36,29.52,3.19,1.0,3.19,-0.35
2025-12-06,2025-12,51828,Imperial Servicos S/A,Clinica,Regiao Metropolitana,Rogerio Antunes,Desengordurante 5L - Pacote 100,Quimicos,VENDA,2,2.54,41.24,24.74,6.74,1.1,2.02,8.66
2025-12-08,2025-12,51831,Querencia Participacoes EIRELI,Mercado,Regiao Metropolitana,Tarcisio Bueno,Saco Lixo 100L,Descartaveis,VENDA,5,2.76,180.99,134.55,46.13,4.16,13.84,-3.85
2025-12-08,2025-12,51833,Querencia Participacoes EIRELI,Mercado,Regiao Metropolitana,Tarcisio Bueno,Desinfetante Lavanda 5L,Quimicos,VENDA,3,2.64,97.4,60.63,11.38,2.5,3.41,22.89
2025-12-08,2025-12,51834,Serrano Servicos LTDA ME,Mercado,Interior Norte,Simone Klein,Papel Higienico Rolao 300m - Fardo 12,Papel,VENDA,2,2.23,208.0,133.06,39.03,6.32,11.71,29.59
2025-12-08,2025-12,51840,Querencia Negocios LTDA,Industria,Interior Norte,Simone Klein,Marmitex Aluminio 800ml - Caixa 24,Descartaveis,VENDA,1,9.17,12.67,10.48,2.64,0.38,0.79,-0.83
2025-12-08,2025-12,51840,Querencia Negocios LTDA,Industria,Interior Norte,Simone Klein,Vassoura Nylon - Caixa 24,Acessorios,VENDA,3,6.05,137.11,73.53,28.6,4.1,8.58,30.88
2025-12-09,2025-12,51841,Missoes Participacoes LTDA ME,Restaurante,Litoral,Tarcisio Bueno,Detergente Neutro 5L,Quimicos,VENDA,2,0.28,117.75,66.42,24.83,2.81,7.44,23.69
2025-12-09,2025-12,51846,Pampa Alimentos ME,Padaria,Regiao Metropolitana,Rogerio Antunes,Papel Higienico Rolao 300m - Fardo 12,Papel,VENDA,10,8.53,845.2,665.3,63.45,25.36,63.45,91.09
2025-12-09,2025-12,51849,Serrano Servicos LTDA ME,Mercado,Interior Norte,Simone Klein,removedor 1l,Quimicos,VENDA,3,3.3,211.75,116.04,59.59,5.95,17.88,30.17
2025-12-10,2025-12,51850,Trevo Empreendimentos LTDA,Padaria,Interior Norte,Rogerio Antunes,Saco Lixo 30L - Fardo 6,Descartaveis,VENDA,2,7.61,53.54,50.98,8.95,1.61,8.95,-8.0
2025-12-10,2025-12,51853,Zenite Participacoes ME,Padaria,Interior Norte,Simone Klein,Limpador Multiuso 5L - Fardo 6,Quimicos,VENDA,2,0.59,100.43,51.98,31.61,2.74,9.48,14.1
2025-12-10,2025-12,51855,BOREAL SERVICOS LTDA ME,Escola,Regiao Metropolitana,Tarcisio Bueno,Papel Higienico Folha Dupla 30m - Fardo 12,Papel,VENDA,3,8.29,192.81,151.38,9.74,5.4,9.74,26.29
2025-12-11,2025-12,51857,Horizonte Distribuidora S/A,Condominio,Regiao Metropolitana,Rogerio Antunes,Detergente Neutro 5L - Pacote 100,Quimicos,VENDA,2,2.0,67.06,29.52,33.2,1.31,9.96,3.03
2025-12-11,2025-12,51858,BOREAL SERVICOS LTDA ME,Escola,Regiao Metropolitana,Tarcisio Bueno,pano multiuso - caixa 24,Acessorios,VENDA,5,5.17,138.26,77.1,20.45,3.47,6.14,37.24
2025-12-12,2025-12,51869,Pampa Alimentos ME,Padaria,Regiao Metropolitana,Rogerio Antunes,OCULOS PROTECAO - FARDO 6,EPI,VENDA,3,2.91,20.94,13.38,3.64,0.63,3.64,3.29
2025-12-12,2025-12,51869,Pampa Alimentos ME,Padaria,Regiao Metropolitana,Rogerio Antunes,PRATO DESCARTAVEL 15CM - PACOTE 100,Descartaveis,VENDA,5,8.69,171.45,165.2,29.8,5.14,29.8,-28.69
2025-12-12,2025-12,51872,Estrela Servicos ME,Hotel,Interior Sul,Tarcisio Bueno,Copo Descartavel 50ml - Pacote 100,Descartaveis,VENDA,10,5.86,163.44,128.7,36.91,3.85,11.07,-6.02
2025-12-13,2025-12,51877,Zenite Participacoes ME,Padaria,Interior Norte,Simone Klein,Luva Latex - Caixa 24,EPI,VENDA,3,0.09,18.9,11.73,1.46,0.66,1.46,5.05
2025-12-16,2025-12,51888,Querencia Negocios LTDA,Industria,Interior Norte,Simone Klein,Papel Toalha Interfolha 1000f - Caixa 24,Papel,VENDA,20,1.37,1371.2,1001.0,55.71,47.99,55.71,266.5
2025-12-16,2025-12,51890,Zenite Participacoes ME,Padaria,Interior Norte,Simone Klein,Alvejante 5L,Quimicos,VENDA,2,2.48,142.48,83.28,27.75,4.31,8.33,27.14
2025-12-16,2025-12,51892,missoes empreendimentos me,Clinica,Regiao Metropolitana,Rogerio Antunes,Mascara Descartavel - Fardo 12,EPI,VENDA,2,0.05,42.62,23.4,6.99,1.13,2.09,11.1
2025-12-16,2025-12,51898,Imperial Servicos S/A,Clinica,Regiao Metropolitana,Rogerio Antunes,DESINFETANTE LAVANDA 5L - FARDO 6,Quimicos,VENDA,1,6.12,39.3,27.63,2.07,1.18,2.07,8.42
2025-12-17,2025-12,51904,Querencia Negocios LTDA,Industria,Interior Norte,Simone Klein,Prato Descartavel 15cm - Caixa 24,Descartaveis,VENDA,2,15.11,42.37,38.74,7.15,1.31,2.14,-4.83
2025-12-18,2025-12,51907,Pampa Alimentos ME,Padaria,Regiao Metropolitana,Rogerio Antunes,saco lixo 100l - fardo 12,Descartaveis,VENDA,1,8.9,30.56,29.52,3.61,0.92,3.61,-3.49
2025-12-19,2025-12,51915,BOREAL SERVICOS LTDA ME,Escola,Regiao Metropolitana,Tarcisio Bueno,Bota PVC - Fardo 6,EPI,VENDA,1,0.58,23.63,11.74,6.86,0.53,2.06,4.5
2025-12-19,2025-12,51919,Horizonte Distribuidora S/A,Condominio,Regiao Metropolitana,Rogerio Antunes,Detergente Neutro 5L,Quimicos,VENDA,10,0.82,499.1,332.1,59.66,14.97,59.66,92.37
2025-12-23,2025-12,51938,TREVO ALIMENTOS S/A,Mercado,Interior Norte,Rogerio Antunes,Mop Umido - Caixa 24,Acessorios,VENDA,2,0.9,68.77,31.58,22.47,1.59,6.74,13.13
2025-12-23,2025-12,51942,Boreal Participacoes EIRELI,Clinica,Litoral,Rogerio Antunes,DESINFETANTE LAVANDA 5L - PACOTE 100,Quimicos,VENDA,5,4.78,323.11,205.45,38.15,8.89,11.44,70.62
2025-12-24,2025-12,51943,Jangada Comercio ME,Padaria,Regiao Metropolitana,Simone Klein,Limpador Multiuso 5L - Fardo 6,Quimicos,VENDA,3,3.06,149.43,101.73,18.19,5.23,18.19,24.28
2025-12-25,2025-12,51965,Imperial Servicos S/A,Clinica,Regiao Metropolitana,Rogerio Antunes,Vassoura Nylon - Fardo 12,Acessorios,VENDA,3,1.16,151.98,77.22,32.32,3.88,9.7,38.56
2025-12-26,2025-12,51970,Serrano Servicos LTDA ME,Mercado,Interior Norte,Simone Klein,Prato Descartavel 15cm - Caixa 24,Descartaveis,VENDA,10,6.06,237.22,193.7,43.45,7.24,13.03,-7.17
2025-12-27,2025-12,51980,Horizonte Distribuidora S/A,Condominio,Regiao Metropolitana,Rogerio Antunes,Saco Lixo 100L - Pacote 100,Descartaveis,VENDA,1,8.56,23.18,15.92,9.48,0.5,2.84,-2.72
2025-12-27,2025-12,51980,Horizonte Distribuidora S/A,Condominio,Regiao Metropolitana,Rogerio Antunes,Luva Latex - Fardo 6,EPI,VENDA,2,0.33,53.84,23.9,22.02,1.15,6.6,6.77
2025-12-27,2025-12,51982,Nortao Empreendimentos LTDA ME,Padaria,Interior Sul,Tarcisio Bueno,Guardanapo 24x24,Papel,VENDA,1,4.82,65.97,43.87,11.4,1.62,3.42,9.08
2025-12-27,2025-12,51983,Horizonte Negocios LTDA ME,Mercado,Litoral,Simone Klein,SACO LIXO 60L - PACOTE 100,Descartaveis,VENDA,2,8.98,33.27,26.66,8.13,0.97,2.44,-2.49
2025-12-30,2025-12,51993,Nortao Industria ME,Padaria,Interior Norte,Simone Klein,papel higienico rolao 300m - fardo 6,Papel,VENDA,2,5.11,161.74,122.72,29.91,5.66,29.91,3.45
2025-12-30,2025-12,51994,Serrano Servicos LTDA ME,Mercado,Interior Norte,Simone Klein,Papel Higienico Rolao 300m - Fardo 12,Papel,VENDA,10,1.56,909.6,665.3,57.67,31.84,57.67,154.79
2025-12-31,2025-12,51998,Uniao Servicos S/A,Condominio,Litoral,Rogerio Antunes,Copo Descartavel 50ml - Fardo 6,Descartaveis,VENDA,1,3.59,34.48,26.45,7.86,0.87,2.36,-0.7
2025-12-31,2025-12,51998,Uniao Servicos S/A,Condominio,Litoral,Rogerio Antunes,Saco Lixo 100L - Fardo 6,Descartaveis,VENDA,5,15.98,140.28,123.45,31.97,3.54,9.59,-18.68
2025-12-31,2025-12,52007,Aurora Negocios EIRELI,Hotel,Regiao Metropolitana,Rogerio Antunes,Avental PVC,EPI,VENDA,2,2.5,75.2,38.22,21.57,1.8,6.47,13.61
2025-01-01,2025-01,50003,Alvorada Distribuidora ME,Mercado,Interior Sul,Simone Klein,Desengordurante 5L - Pacote 100,Quimicos,VENDA,2,2.55,40.96,24.74,6.35,1.28,1.91,8.59
2025-01-01,2025-01,50003,Alvorada Distribuidora ME,Mercado,Interior Sul,Simone Klein,Rodo 40cm - Fardo 12,Acessorios,VENDA,3,1.34,24.63,13.14,3.82,0.77,1.15,6.9
2025-01-01,2025-01,50004,Nortao Empreendimentos LTDA ME,Padaria,Interior Sul,Tarcisio Bueno,Rodo 40cm - Caixa 24,Acessorios,VENDA,2,2.87,26.99,14.32,4.87,0.66,1.46,7.14
2025-01-02,2025-01,50011,missoes empreendimentos me,Clinica,Regiao Metropolitana,Rogerio Antunes,Bota PVC - Caixa 24,EPI,VENDA,1,1.95,8.05,4.26,1.88,0.2,0.57,1.71
2025-01-02,2025-01,50012,Luminar Alimentos S/A,Restaurante,Interior Sul,Rogerio Antunes,Oculos Protecao,EPI,VENDA,2,3.43,72.72,46.68,7.15,2.18,7.15,16.71
2025-01-02,2025-01,50012,Luminar Alimentos S/A,Restaurante,Interior Sul,Rogerio Antunes,Balde 20L - Caixa 24,Acessorios,VENDA,2,2.52,26.96,16.32,2.65,0.81,2.65,7.18
2025-01-04,2025-01,50022,Serrano Servicos LTDA ME,Mercado,Interior Norte,Simone Klein,Papel Higienico Rolao 300m - Fardo 12,Papel,VENDA,1,0.84,69.14,44.62,10.98,2.15,3.29,11.39
2025-01-07,2025-01,50036,Querencia Distribuidora LTDA ME,Padaria,Interior Norte,Rogerio Antunes,Bobina Papel Toalha 200m - Fardo 6,Papel,DEVOLUCAO,-1,4.23,-23.68,-20.26,4.66,-0.81,1.39,-7.27
2025-01-08,2025-01,50038,Xavante Servicos EIRELI,Padaria,Litoral,Rogerio Antunes,Papel Toalha Rolo 100f - Caixa 24,Papel,VENDA,1,4.8,46.58,35.23,3.9,1.4,3.9,6.05
2025-01-08,2025-01,50038,Xavante Servicos EIRELI,Padaria,Litoral,Rogerio Antunes,Alcool 70 1L - Caixa 24,Quimicos,VENDA,3,1.73,55.59,37.35,4.65,1.67,4.65,11.92
2025-01-10,2025-01,50055,Querencia Participacoes EIRELI,Mercado,Regiao Metropolitana,Tarcisio Bueno,Escova Sanitaria - Caixa 24,Acessorios,VENDA,5,3.76,44.48,24.1,7.4,1.1,2.22,11.88
2025-01-13,2025-01,50060,Boreal Comercio EIRELI,Mercado,Interior Sul,Simone Klein,SACO LIXO 60L,Descartaveis,VENDA,1,0.39,9.16,6.5,2.57,0.26,0.77,-0.17
2025-01-13,2025-01,50061,BOREAL SERVICOS LTDA ME,Escola,Regiao Metropolitana,Tarcisio Bueno,Talher Descartavel Misto - Pacote 100,Descartaveis,VENDA,2,10.67,77.62,52.62,34.58,1.5,10.38,-11.08
2025-01-13,2025-01,50063,Horizonte Distribuidora S/A,Condominio,Regiao Metropolitana,Rogerio Antunes,Talher Descartavel Misto - Caixa 24,Descartaveis,VENDA,10,0.71,381.23,313.3,39.61,10.61,11.88,17.72
2025-01-13,2025-01,50064,Trevo Alimentos EIRELI,Condominio,Interior Norte,Simone Klein,papel toalha rolo 100f,Papel,VENDA,3,9.0,158.29,110.91,25.86,4.91,7.76,16.61
2025-01-14,2025-01,50070,Luminar Distribuidora EIRELI,Clinica,Litoral,Rogerio Antunes,Copo Descartavel 200ml - Fardo 12,Descartaveis,VENDA,2,1.67,44.71,35.02,7.95,1.17,2.38,0.57
2025-01-14,2025-01,50072,Missoes Participacoes LTDA ME,Restaurante,Litoral,Tarcisio Bueno,Guardanapo 24x24 - Caixa 24,Papel,VENDA,1,1.16,93.6,45.97,43.56,1.77,13.07,2.3
2025-01-14,2025-01,50073,horizonte distribuidora me,Condominio,Regiao Metropolitana,Rogerio Antunes,BORRIFADOR 500ML - FARDO 12,Acessorios,VENDA,1,1.93,54.87,28.72,10.19,1.43,3.06,14.53
2025-01-14,2025-01,50074,Jangada Empreendimentos ME,Condominio,Litoral,Rogerio Antunes,Prato Descartavel 15cm - Caixa 24,Descartaveis,VENDA,1,3.04,26.84,19.37,7.85,0.64,2.35,-1.02
2025-01-14,2025-01,50075,Aurora Alimentos S/A,Escola,Litoral,Simone Klein,Papel Toalha Interfolha 1000f - Pacote 100,Papel,VENDA,10,2.78,779.5,577.3,43.43,27.28,43.43,131.49
2025-01-21,2025-01,50099,BOREAL SERVICOS LTDA ME,Escola,Regiao Metropolitana,Tarcisio Bueno,Copo Descartavel 200ml - Pacote 100,Descartaveis,VENDA,2,6.35,84.38,57.8,32.68,1.72,9.8,-7.82
2025-01-21,2025-01,50102,BOREAL SERVICOS LTDA ME,Escola,Regiao Metropolitana,Tarcisio Bueno,Detergente Neutro 5L - Pacote 100,Quimicos,VENDA,10,8.84,203.8,147.6,16.85,5.71,16.85,33.64
2025-01-21,2025-01,50103,Nortao Industria ME,Padaria,Interior Norte,Simone Klein,Alcool 70 1L,Quimicos,VENDA,2,7.64,131.35,80.02,27.67,3.92,8.3,19.74
2025-01-22,2025-01,50108,Querencia Negocios LTDA,Industria,Interior Norte,Simone Klein,OCULOS PROTECAO - FARDO 6,EPI,VENDA,1,1.33,8.2,4.46,1.59,0.25,0.48,1.9
2025-01-23,2025-01,50116,Zenite Participacoes ME,Padaria,Interior Norte,Simone Klein,Papel Higienico Rolao 300m - Fardo 12,Papel,VENDA,2,0.19,184.44,133.06,9.96,6.46,9.96,34.96
2025-01-29,2025-01,50147,Xavante Servicos EIRELI,Padaria,Litoral,Rogerio Antunes,Avental PVC,EPI,VENDA,2,1.96,68.04,38.22,10.85,1.81,3.25,17.16
2025-01-31,2025-01,50162,Oriente Participacoes LTDA,Clinica,Regiao Metropolitana,Simone Klein,Saco Lixo 100L - Pacote 100,Descartaveis,VENDA,3,0.25,63.5,47.76,13.41,1.89,4.03,0.44
2025-01-31,2025-01,50165,Querencia Participacoes EIRELI,Mercado,Regiao Metropolitana,Tarcisio Bueno,REMOVEDOR 1L - CAIXA 24,Quimicos,VENDA,3,2.85,49.98,30.21,7.85,1.25,2.36,10.67
2025-01-31,2025-01,50167,Serrano Alimentos EIRELI,Padaria,Regiao Metropolitana,Simone Klein,Rodo 40cm - Pacote 100,Acessorios,VENDA,20,2.08,924.4,557.0,38.91,32.35,38.91,296.14
2025-01-31,2025-01,50168,Uniao Servicos LTDA,Industria,Interior Sul,Tarcisio Bueno,Embalagem Delivery 750ml,Descartaveis,VENDA,5,12.93,148.02,120.1,41.68,3.33,12.51,-17.09
2025-02-03,2025-02,50179,Estrela Servicos LTDA,Escola,Litoral,Tarcisio Bueno,Luva Plastica Descartavel - Pacote 100,Descartaveis,VENDA,2,15.3,41.39,33.88,12.55,0.91,3.76,-5.95
2025-02-03,2025-02,50182,Pampa Alimentos ME,Padaria,Regiao Metropolitana,Rogerio Antunes,Saco Lixo 100L,Descartaveis,VENDA,1,8.74,27.91,26.91,4.64,0.84,4.64,-4.48
2025-02-04,2025-02,50183,Oriente Participacoes LTDA,Clinica,Regiao Metropolitana,Simone Klein,SABAO LIQUIDO 5L - FARDO 6,Quimicos,VENDA,2,0.86,96.19,56.02,17.19,2.95,5.16,20.03
2025-02-04,2025-02,50187,missoes empreendimentos me,Clinica,Regiao Metropolitana,Rogerio Antunes,Bota PVC - Fardo 6,EPI,VENDA,3,0.82,56.34,35.22,2.06,1.69,2.06,17.37
2025-02-04,2025-02,50187,missoes empreendimentos me,Clinica,Regiao Metropolitana,Rogerio Antunes,papel higienico rolao 300m - fardo 6,Papel,VENDA,2,0.66,169.32,122.72,6.18,5.08,6.18,35.34
2025-02-04,2025-02,50191,Trevo Empreendimentos LTDA,Padaria,Interior Norte,Rogerio Antunes,Saco Lixo 60L - Fardo 6,Descartaveis,VENDA,2,3.63,37.58,16.78,27.46,0.55,8.24,-7.21
2025-02-05,2025-02,50195,XAVANTE EMPREENDIMENTOS LTDA ME,Mercado,Interior Norte,Simone Klein,SABAO LIQUIDO 5L - FARDO 6,Quimicos,VENDA,2,0.75,103.77,56.02,27.9,2.95,8.37,16.9
2025-02-08,2025-02,50212,Serrano Servicos LTDA ME,Mercado,Interior Norte,Simone Klein,Marmitex Aluminio 800ml - Pacote 100,Descartaveis,VENDA,1,10.08,33.81,27.73,7.82,0.99,2.34,-2.73
2025-02-11,2025-02,50221,Uniao Comercio EIRELI,Escola,Interior Sul,Rogerio Antunes,Limpador Multiuso 5L - Fardo 6,Quimicos,VENDA,3,3.05,170.84,101.73,30.59,4.48,9.18,34.04
2025-02-13,2025-02,50229,Serrano Servicos LTDA ME,Mercado,Interior Norte,Simone Klein,Limpa Vidros 500ml - Caixa 24,Quimicos,VENDA,1,0.74,37.87,25.18,4.26,1.33,4.26,7.1
2025-02-14,2025-02,50237,BOREAL SERVICOS LTDA ME,Escola,Regiao Metropolitana,Tarcisio Bueno,Avental PVC - Pacote 100,EPI,VENDA,2,0.36,26.71,13.38,7.44,0.6,2.23,5.29
2025-02-14,2025-02,50237,BOREAL SERVICOS LTDA ME,Escola,Regiao Metropolitana,Tarcisio Bueno,Marmitex Aluminio 800ml - Caixa 24,Descartaveis,VENDA,1,5.97,13.91,10.48,3.88,0.31,1.17,-0.76
2025-02-17,2025-02,50245,Rio Claro Negocios LTDA,Restaurante,Regiao Metropolitana,Simone Klein,Cera Liquida Incolor 5L - Fardo 6,Quimicos,VENDA,2,3.31,106.7,72.84,6.29,3.73,6.29,23.84
2025-02-17,2025-02,50245,Rio Claro Negocios LTDA,Restaurante,Regiao Metropolitana,Simone Klein,Bobina Papel Toalha 200m - Fardo 6,Papel,VENDA,2,3.9,54.08,40.52,3.19,1.89,3.19,8.48
2025-02-17,2025-02,50246,Aurora Alimentos S/A,Escola,Litoral,Simone Klein,COPO DESCARTAVEL 200ML - FARDO 6,Descartaveis,VENDA,5,6.95,154.96,118.1,43.01,4.37,12.9,-10.52
2025-02-18,2025-02,50249,Pampa Alimentos ME,Padaria,Regiao Metropolitana,Rogerio Antunes,Rodo 40cm - Pacote 100,Acessorios,VENDA,5,0.39,129.03,62.3,34.04,3.16,10.21,29.53
2025-02-18,2025-02,50258,Horizonte Distribuidora S/A,Condominio,Regiao Metropolitana,Rogerio Antunes,Embalagem Delivery 750ml - Fardo 6,Descartaveis,VENDA,2,9.3,82.77,63.7,24.47,1.97,7.34,-7.37
2025-02-19,2025-02,50264,Rio Claro Servicos EIRELI,Mercado,Interior Norte,Tarcisio Bueno,Copo Descartavel 50ml - Pacote 100,Descartaveis,VENDA,3,7.37,50.68,38.61,14.37,1.14,4.31,-3.44
2025-02-20,2025-02,50276,Boreal Negocios ME,Padaria,Interior Norte,Rogerio Antunes,LUVA PLASTICA DESCARTAVEL,Descartaveis,VENDA,1,8.22,33.6,32.22,2.08,1.01,2.08,-1.71
2025-02-21,2025-02,50279,Querencia Alimentos LTDA,Mercado,Interior Norte,Simone Klein,Luva Plastica Descartavel - Pacote 100,Descartaveis,VENDA,1,5.17,20.0,16.94,2.51,0.64,0.76,-0.09
2025-02-26,2025-02,50308,Aurora Distribuidora LTDA,Escola,Regiao Metropolitana,Rogerio Antunes,Detergente Neutro 5L - Caixa 24,Quimicos,VENDA,10,6.89,447.8,317.4,37.66,13.43,37.66,79.31
2025-02-27,2025-02,50313,Boreal Participacoes EIRELI,Clinica,Litoral,Rogerio Antunes,DETERGENTE NEUTRO 5L - PACOTE 100,Quimicos,VENDA,2,4.29,57.05,21.92,36.07,0.95,10.82,-1.89
2025-03-01,2025-03,50324,Imperial Servicos S/A,Clinica,Regiao Metropolitana,Rogerio Antunes,Talher Descartavel Misto - Fardo 6,Descartaveis,VENDA,20,17.92,677.0,725.8,15.75,20.31,15.75,-84.86
2025-03-01,2025-03,50324,Imperial Servicos S/A,Clinica,Regiao Metropolitana,Rogerio Antunes,Embalagem Delivery 750ml - Pacote 100,Descartaveis,VENDA,1,3.08,12.11,10.99,0.28,0.36,0.28,0.48
2025-03-05,2025-03,50349,BOREAL SERVICOS LTDA ME,Escola,Regiao Metropolitana,Tarcisio Bueno,Rodo 40cm,Acessorios,VENDA,2,0.02,55.17,27.3,12.69,1.3,3.8,13.88
2025-03-05,2025-03,50349,BOREAL SERVICOS LTDA ME,Escola,Regiao Metropolitana,Tarcisio Bueno,Embalagem Delivery 750ml - Pacote 100,Descartaveis,VENDA,2,14.6,25.44,21.98,5.85,0.6,1.75,-2.99
2025-03-05,2025-03,50351,Serrano Servicos LTDA ME,Mercado,Interior Norte,Simone Klein,Detergente Neutro 5L,Quimicos,VENDA,1,3.96,48.33,33.21,4.52,1.69,4.52,8.91
2025-03-05,2025-03,50351,Serrano Servicos LTDA ME,Mercado,Interior Norte,Simone Klein,LUVA PLASTICA DESCARTAVEL,Descartaveis,VENDA,1,7.96,33.7,32.22,3.15,1.18,3.15,-2.85
2025-03-06,2025-03,50356,Oriente Participacoes LTDA,Clinica,Regiao Metropolitana,Simone Klein,Copo Descartavel 50ml - Pacote 100,Descartaveis,VENDA,3,3.56,48.81,38.61,9.3,1.48,2.79,-0.58
2025-03-06,2025-03,50358,Nortao Industria ME,Padaria,Interior Norte,Simone Klein,SACO LIXO 60L - PACOTE 100,Descartaveis,VENDA,1,4.8,16.41,13.33,2.85,0.5,0.86,-0.27
2025-03-06,2025-03,50358,Nortao Industria ME,Padaria,Interior Norte,Simone Klein,Saco Lixo 100L - Pacote 100,Descartaveis,VENDA,3,16.01,51.87,47.76,9.0,1.59,2.7,-6.48
2025-03-06,2025-03,50361,Querencia Participacoes EIRELI,Mercado,Regiao Metropolitana,Tarcisio Bueno,Talher Descartavel Misto - Fardo 6,Descartaveis,VENDA,20,20.06,659.4,725.8,37.19,18.46,37.19,-122.05
2025-03-06,2025-03,50364,Estrela Negocios EIRELI,Padaria,Interior Norte,Rogerio Antunes,Copo Descartavel 50ml,Descartaveis,VENDA,3,5.25,125.24,97.65,28.7,3.15,8.61,-4.26
2025-03-06,2025-03,50364,Estrela Negocios EIRELI,Padaria,Interior Norte,Rogerio Antunes,Marmitex Aluminio 800ml,Descartaveis,VENDA,5,4.1,57.05,43.95,13.07,1.44,3.92,-1.41
2025-03-11,2025-03,50396,Querencia Empreendimentos LTDA,Clinica,Interior Sul,Simone Klein,Alcool 70 1L,Quimicos,VENDA,1,6.91,56.43,40.01,5.25,1.98,5.25,9.19
2025-03-11,2025-03,50401,Oriente Participacoes LTDA,Clinica,Regiao Metropolitana,Simone Klein,Detergente Neutro 5L - Pacote 100,Quimicos,VENDA,2,2.58,48.18,29.52,6.6,1.52,1.98,10.54
2025-03-12,2025-03,50405,Pampa Alimentos ME,Padaria,Regiao Metropolitana,Rogerio Antunes,Papel Higienico Rolao 300m - Fardo 12,Papel,VENDA,1,5.12,108.79,66.53,30.17,2.63,9.05,9.46
2025-03-12,2025-03,50406,Guarani Servicos LTDA ME,Escola,Litoral,Tarcisio Bueno,Saco Lixo 100L - Pacote 100,Descartaveis,VENDA,1,13.72,15.61,15.92,3.59,0.44,3.59,-4.34
2025-03-12,2025-03,50410,Pampa Alimentos ME,Padaria,Regiao Metropolitana,Rogerio Antunes,Marmitex Aluminio 800ml - Caixa 24,Descartaveis,VENDA,1,9.11,51.78,34.35,23.31,1.06,7.0,-6.94
2025-03-14,2025-03,50426,Horizonte Distribuidora S/A,Condominio,Regiao Metropolitana,Rogerio Antunes,Limpa Vidros 500ml,Quimicos,VENDA,3,2.44,103.46,54.54,32.61,2.42,9.79,13.89
2025-03-14,2025-03,50433,Luminar Alimentos S/A,Restaurante,Interior Sul,Rogerio Antunes,Esponja Dupla Face - Caixa 24,Acessorios,VENDA,10,4.59,307.64,172.7,40.48,8.38,12.14,86.08
2025-03-14,2025-03,50433,Luminar Alimentos S/A,Restaurante,Interior Sul,Rogerio Antunes,Papel Toalha Interfolha 1000f,Papel,VENDA,2,2.99,62.1,41.84,8.17,1.69,2.45,10.4
2025-03-15,2025-03,50440,Estrela Negocios EIRELI,Padaria,Interior Norte,Rogerio Antunes,saco lixo 30l - fardo 6,Descartaveis,VENDA,1,2.43,16.15,12.92,2.62,0.43,0.79,0.18
2025-03-15,2025-03,50440,Estrela Negocios EIRELI,Padaria,Interior Norte,Rogerio Antunes,Embalagem Delivery 750ml - Fardo 6,Descartaveis,VENDA,1,10.05,36.71,31.85,5.94,0.98,1.78,-2.06
2025-03-17,2025-03,50442,Uniao Servicos LTDA,Industria,Interior Sul,Tarcisio Bueno,Papel Toalha Rolo 100f - Pacote 100,Papel,VENDA,5,5.44,360.45,274.45,59.47,10.09,59.47,16.44
2025-03-17,2025-03,50445,BANDEIRANTE NEGOCIOS S/A,Condominio,Interior Sul,Simone Klein,Desinfetante Lavanda 5L - Fardo 6,Quimicos,VENDA,1,0.71,63.37,30.79,24.36,1.62,7.31,6.6
2025-03-17,2025-03,50448,Missoes Participacoes LTDA ME,Restaurante,Litoral,Tarcisio Bueno,COPO DESCARTAVEL 200ML - FARDO 6,Descartaveis,VENDA,5,6.0,155.03,118.1,41.25,3.53,12.37,-7.85
2025-03-17,2025-03,50452,TREVO ALIMENTOS S/A,Mercado,Interior Norte,Rogerio Antunes,Balde 20L - Caixa 24,Acessorios,VENDA,2,3.19,26.78,16.32,2.76,0.8,2.76,6.9
2025-03-18,2025-03,50457,Serrano Servicos LTDA ME,Mercado,Interior Norte,Simone Klein,Marmitex Aluminio 800ml - Caixa 24,Descartaveis,VENDA,20,8.89,261.02,209.6,62.89,7.6,18.87,-19.07
2025-03-18,2025-03,50461,Trevo Empreendimentos LTDA,Padaria,Interior Norte,Rogerio Antunes,Embalagem Delivery 750ml - Pacote 100,Descartaveis,VENDA,5,12.39,54.7,54.95,4.54,1.64,4.54,-6.43
2025-03-20,2025-03,50474,Estrela Servicos ME,Hotel,Interior Sul,Tarcisio Bueno,COPO DESCARTAVEL 200ML - FARDO 6,Descartaveis,VENDA,3,4.74,76.71,70.86,5.38,2.15,5.38,-1.68
2025-03-21,2025-03,50483,Estrela Servicos LTDA,Escola,Litoral,Tarcisio Bueno,saco lixo 100l - fardo 12,Descartaveis,VENDA,2,12.58,58.66,59.04,8.28,1.64,8.28,-10.3
2025-03-25,2025-03,50504,Querencia Participacoes EIRELI,Mercado,Regiao Metropolitana,Tarcisio Bueno,Limpador Multiuso 5L - Fardo 6,Quimicos,DEVOLUCAO,-3,5.18,-91.49,-77.97,29.33,-3.14,8.8,-39.71
2025-03-26,2025-03,50511,Serrano Servicos LTDA ME,Mercado,Interior Norte,Simone Klein,Luva Plastica Descartavel - Pacote 100,Descartaveis,VENDA,1,2.48,50.49,16.94,45.31,0.66,13.59,-12.42
2025-03-27,2025-03,50530,Pampa Alimentos ME,Padaria,Regiao Metropolitana,Rogerio Antunes,Bobina Papel Toalha 200m - Caixa 24,Papel,VENDA,3,2.7,215.29,148.14,21.58,6.01,6.48,39.56
2025-03-28,2025-03,50533,Luminar Participacoes LTDA,Condominio,Litoral,Simone Klein,REMOVEDOR 1L - CAIXA 24,Quimicos,VENDA,10,7.64,166.28,100.7,36.26,4.93,10.88,24.39
2025-03-29,2025-03,50540,Serrano Alimentos EIRELI,Padaria,Regiao Metropolitana,Simone Klein,Papel Higienico Rolao 300m - Fardo 12,Papel,VENDA,1,0.73,102.8,66.53,15.81,3.21,4.74,17.25
2025-03-29,2025-03,50541,Querencia Negocios LTDA,Industria,Interior Norte,Simone Klein,Balde 20L - Caixa 24,Acessorios,VENDA,1,3.24,21.52,8.16,11.63,0.47,3.49,1.26
2025-03-31,2025-03,50548,querencia negocios me,Restaurante,Litoral,Rogerio Antunes,Alcool 70 1L - Caixa 24,Quimicos,VENDA,3,3.79,165.72,113.7,8.22,4.97,8.22,38.83
2025-04-01,2025-04,50551,Trevo Empreendimentos LTDA,Padaria,Interior Norte,Rogerio Antunes,SACO LIXO 60L - CAIXA 24,Descartaveis,VENDA,1,0.73,11.3,10.01,1.09,0.34,1.09,-0.14
2025-04-01,2025-04,50552,Serrano Servicos LTDA ME,Mercado,Interior Norte,Simone Klein,Cera Liquida Incolor 5L - Fardo 6,Quimicos,VENDA,3,1.51,106.23,71.19,10.36,3.72,10.36,20.96
2025-04-02,2025-04,50563,BOREAL SERVICOS LTDA ME,Escola,Regiao Metropolitana,Tarcisio Bueno,Prato Descartavel 15cm - Caixa 24,Descartaveis,VENDA,3,14.93,108.29,92.49,26.99,2.5,8.1,-13.69
2025-04-03,2025-04,50565,Boreal Industria LTDA,Hotel,Litoral,Tarcisio Bueno,Guardanapo 24x24 - Caixa 24,Papel,VENDA,3,4.44,194.7,146.7,10.85,5.45,10.85,31.7
2025-04-04,2025-04,50573,Luminar Alimentos S/A,Restaurante,Interior Sul,Rogerio Antunes,Limpa Vidros 500ml - Caixa 24,Quimicos,VENDA,5,3.16,208.26,125.9,33.66,5.54,10.1,43.16
2025-04-04,2025-04,50578,Uniao Negocios LTDA,Hotel,Interior Norte,Rogerio Antunes,Copo Descartavel 50ml - Fardo 6,Descartaveis,VENDA,5,7.61,138.85,132.25,13.26,4.17,13.26,-10.83
2025-04-04,2025-04,50578,Uniao Negocios LTDA,Hotel,Interior Norte,Rogerio Antunes,Embalagem Delivery 750ml - Pacote 100,Descartaveis,VENDA,1,1.22,12.34,10.99,1.18,0.37,1.18,-0.2
2025-04-07,2025-04,50583,Serrano Servicos LTDA ME,Mercado,Interior Norte,Simone Klein,Alcool 70 1L - Caixa 24,Quimicos,VENDA,5,0.11,317.14,189.5,43.33,10.04,12.99,74.27
2025-04-09,2025-04,50603,Horizonte Distribuidora S/A,Condominio,Regiao Metropolitana,Rogerio Antunes,Mascara Descartavel,EPI,VENDA,2,1.91,34.58,19.08,6.26,0.91,1.88,8.33
2025-04-09,2025-04,50604,BOREAL SERVICOS LTDA ME,Escola,Regiao Metropolitana,Tarcisio Bueno,Talher Descartavel Misto - Caixa 24,Descartaveis,VENDA,3,8.24,119.61,93.99,30.85,2.74,9.25,-7.97
2025-04-11,2025-04,50613,Imperial Distribuidora S/A,Clinica,Interior Norte,Rogerio Antunes,removedor 1l,Quimicos,VENDA,5,0.03,292.95,193.4,35.58,8.79,35.58,55.18
2025-04-12,2025-04,50618,Serrano Servicos LTDA ME,Mercado,Interior Norte,Simone Klein,Cera Liquida Incolor 5L - Fardo 6,Quimicos,VENDA,1,2.33,41.3,21.98,12.54,1.14,3.76,5.64
2025-04-12,2025-04,50619,BOREAL SERVICOS LTDA ME,Escola,Regiao Metropolitana,Tarcisio Bueno,AVENTAL PVC - CAIXA 24,EPI,VENDA,10,0.43,229.33,126.6,37.18,5.69,11.15,59.86
2025-04-14,2025-04,50623,Horizonte Negocios LTDA ME,Mercado,Litoral,Simone Klein,Papel Higienico Folha Dupla 30m - Fardo 12,Papel,VENDA,2,4.49,55.64,36.96,9.43,1.72,2.83,7.53
2025-04-15,2025-04,50628,Imperial Servicos EIRELI,Condominio,Interior Norte,Rogerio Antunes,Papel Toalha Rolo 100f - Pacote 100,Papel,VENDA,1,4.2,82.35,54.89,13.31,2.19,4.0,11.96
2025-04-17,2025-04,50639,Uniao Servicos LTDA,Industria,Interior Sul,Tarcisio Bueno,Prato Descartavel 15cm,Descartaveis,VENDA,20,5.66,600.6,560.2,42.69,16.82,42.69,-19.11
2025-04-17,2025-04,50642,Querencia Participacoes EIRELI,Mercado,Regiao Metropolitana,Tarcisio Bueno,removedor 1l,Quimicos,VENDA,10,0.96,580.5,386.8,20.24,16.25,20.24,157.21
2025-04-17,2025-04,50646,Serrano Servicos LTDA ME,Mercado,Interior Norte,Simone Klein,Vassoura Nylon - Pacote 100,Acessorios,VENDA,3,0.1,85.11,45.48,11.61,2.69,3.48,25.33
2025-04-17,2025-04,50647,Serrano Servicos LTDA ME,Mercado,Interior Norte,Simone Klein,REMOVEDOR 1L - CAIXA 24,Quimicos,VENDA,2,4.03,33.24,20.14,5.63,1.03,1.69,6.44
2025-04-17,2025-04,50647,Serrano Servicos LTDA ME,Mercado,Interior Norte,Simone Klein,Embalagem Delivery 750ml - Fardo 6,Descartaveis,VENDA,5,0.3,100.24,77.95,16.99,3.09,5.1,2.21
2025-04-18,2025-04,50655,Serrano Servicos LTDA ME,Mercado,Interior Norte,Simone Klein,Alcool 70 1L - Caixa 24,Quimicos,VENDA,3,2.0,138.57,81.66,24.73,4.24,7.42,27.94
2025-04-23,2025-04,50672,Serrano Servicos LTDA ME,Mercado,Interior Norte,Simone Klein,LUVA PLASTICA DESCARTAVEL,Descartaveis,VENDA,1,8.53,58.3,32.22,35.45,1.17,10.64,-10.54
2025-04-24,2025-04,50678,Horizonte Distribuidora S/A,Condominio,Regiao Metropolitana,Rogerio Antunes,limpador multiuso 5l - pacote 100,Quimicos,VENDA,2,1.82,44.4,23.58,13.34,1.05,4.0,6.43
2025-05-01,2025-05,50710,Boreal Empreendimentos LTDA,Industria,Regiao Metropolitana,Tarcisio Bueno,LUVA PLASTICA DESCARTAVEL,Descartaveis,VENDA,3,13.03,116.47,96.66,29.92,2.67,8.97,-12.78
2025-05-06,2025-05,50728,Horizonte Distribuidora S/A,Condominio,Regiao Metropolitana,Rogerio Antunes,Copo Descartavel 50ml,Descartaveis,VENDA,10,9.1,336.2,325.5,29.88,10.09,29.88,-29.27
2025-05-07,2025-05,50744,Imperial Servicos S/A,Clinica,Regiao Metropolitana,Rogerio Antunes,Escova Sanitaria - Fardo 12,Acessorios,VENDA,1,2.63,29.2,14.48,7.58,0.72,2.27,6.42
2025-05-08,2025-05,50749,Trevo Alimentos EIRELI,Condominio,Interior Norte,Simone Klein,Desinfetante Lavanda 5L - Fardo 6,Quimicos,VENDA,3,3.3,153.77,92.37,26.35,4.74,7.91,30.31
2025-05-08,2025-05,50749,Trevo Alimentos EIRELI,Condominio,Interior Norte,Simone Klein,Luva Plastica Descartavel - Fardo 6,Descartaveis,VENDA,5,6.13,92.44,76.25,15.84,2.85,4.75,-2.5
2025-05-09,2025-05,50756,Querencia Participacoes EIRELI,Mercado,Regiao Metropolitana,Tarcisio Bueno,Cera Liquida Incolor 5L,Quimicos,VENDA,10,8.58,502.92,346.8,32.17,13.45,9.65,110.5
2025-05-09,2025-05,50758,Jangada Comercio ME,Padaria,Regiao Metropolitana,Simone Klein,Limpador Multiuso 5L - Fardo 6,Quimicos,VENDA,1,2.29,62.39,33.91,17.42,1.76,5.23,9.3
2025-05-12,2025-05,50763,Boreal Negocios ME,Padaria,Interior Norte,Rogerio Antunes,removedor 1l - pacote 100,Quimicos,VENDA,10,2.26,297.1,177.0,50.0,7.86,15.0,62.24
2025-05-12,2025-05,50766,Serrano Servicos LTDA ME,Mercado,Interior Norte,Simone Klein,Bobina Papel Toalha 200m,Papel,VENDA,10,0.12,488.4,352.1,48.28,17.09,48.28,70.93
2025-05-12,2025-05,50768,Serrano Servicos LTDA ME,Mercado,Interior Norte,Simone Klein,MOP UMIDO - CAIXA 24,Acessorios,VENDA,5,2.48,232.9,140.9,15.08,8.15,15.08,68.77
2025-05-14,2025-05,50780,Serrano Servicos LTDA ME,Mercado,Interior Norte,Simone Klein,saco lixo 100l - fardo 12,Descartaveis,VENDA,1,5.16,46.04,29.52,20.31,1.11,6.09,-4.9
2025-05-14,2025-05,50787,Guarani Servicos LTDA ME,Escola,Litoral,Tarcisio Bueno,Alvejante 5L - Fardo 12,Quimicos,VENDA,1,6.62,41.52,21.58,15.68,0.86,4.7,3.4
2025-05-16,2025-05,50791,Pampa Alimentos ME,Padaria,Regiao Metropolitana,Rogerio Antunes,Alcool 70 1L - Caixa 24,Quimicos,VENDA,3,6.15,78.17,37.35,35.82,1.59,10.75,3.41
2025-05-21,2025-05,50804,Serrano Alimentos EIRELI,Padaria,Regiao Metropolitana,Simone Klein,Marmitex Aluminio 800ml - Caixa 24,Descartaveis,VENDA,20,13.58,674.6,687.0,98.9,23.61,98.9,-134.91
2025-05-21,2025-05,50804,Serrano Alimentos EIRELI,Padaria,Regiao Metropolitana,Simone Klein,Sabao Liquido 5L - Fardo 12,Quimicos,VENDA,5,4.04,75.65,52.05,11.09,2.65,11.09,9.86
2025-05-21,2025-05,50806,Vitoria Distribuidora LTDA ME,Hotel,Interior Sul,Tarcisio Bueno,Avental PVC - Pacote 100,EPI,VENDA,2,0.59,58.37,30.08,14.47,1.35,4.34,12.47
2025-05-22,2025-05,50813,Oriente Negocios LTDA ME,Industria,Litoral,Rogerio Antunes,Pano Multiuso - Caixa 24,Acessorios,VENDA,1,1.97,29.72,12.97,11.68,0.65,3.51,4.42
2025-05-22,2025-05,50813,Oriente Negocios LTDA ME,Industria,Litoral,Rogerio Antunes,Saco Lixo 30L - Fardo 6,Descartaveis,VENDA,2,6.88,74.43,50.98,29.24,1.62,8.77,-7.41
2025-05-23,2025-05,50817,Estrela Servicos ME,Hotel,Interior Sul,Tarcisio Bueno,Papel Toalha Interfolha 1000f - Caixa 24,Papel,VENDA,2,7.97,101.87,68.62,20.24,2.46,6.07,10.55
2025-05-23,2025-05,50819,Central Negocios LTDA ME,Clinica,Interior Sul,Simone Klein,COPO DESCARTAVEL 200ML - FARDO 6,Descartaveis,VENDA,2,4.69,57.61,47.24,9.21,1.79,2.76,-0.63
2025-05-26,2025-05,50829,Xavante Distribuidora LTDA ME,Clinica,Interior Sul,Rogerio Antunes,Bota PVC,EPI,VENDA,10,1.63,216.1,136.2,34.88,6.48,34.88,38.54
2025-05-26,2025-05,50835,Luminar Participacoes LTDA,Condominio,Litoral,Simone Klein,Bobina Papel Toalha 200m,Papel,VENDA,2,5.21,115.2,70.42,32.15,3.24,9.65,9.39
2025-05-27,2025-05,50838,Zenite Empreendimentos ME,Hotel,Litoral,Tarcisio Bueno,Avental PVC,EPI,VENDA,5,0.56,174.25,95.55,30.01,4.29,9.01,44.4
2025-05-28,2025-05,50846,Xavante Servicos EIRELI,Padaria,Litoral,Rogerio Antunes,Limpa Vidros 500ml,Quimicos,VENDA,5,2.1,150.63,90.9,22.55,4.05,6.77,33.13
2025-05-28,2025-05,50848,Querencia Participacoes EIRELI,Mercado,Regiao Metropolitana,Tarcisio Bueno,SACO LIXO 60L,Descartaveis,VENDA,2,4.53,21.8,13.0,10.96,0.4,3.28,-2.56
2025-05-28,2025-05,50853,Rio Claro Servicos S/A,Industria,Interior Norte,Rogerio Antunes,Removedor 1L - Fardo 6,Quimicos,VENDA,5,0.01,81.95,49.65,9.57,2.26,2.87,20.47
2025-05-30,2025-05,50864,Oriente Alimentos ME,Padaria,Interior Norte,Tarcisio Bueno,Desengordurante 5L,Quimicos,VENDA,3,2.51,175.23,101.79,35.54,4.21,10.67,33.69
2025-05-31,2025-05,50865,Serrano Servicos LTDA ME,Mercado,Interior Norte,Simone Klein,papel higienico rolao 300m - fardo 6,Papel,VENDA,5,1.13,421.3,306.8,26.21,14.75,26.21,73.54
2025-06-03,2025-06,50872,Estrela Servicos ME,Hotel,Interior Sul,Tarcisio Bueno,Copo Descartavel 50ml - Fardo 6,Descartaveis,VENDA,3,11.2,93.54,79.35,19.24,2.24,5.77,-7.29
2025-06-04,2025-06,50882,Serrano Servicos LTDA ME,Mercado,Interior Norte,Simone Klein,Mop Umido - Caixa 24,Acessorios,VENDA,1,2.61,26.06,15.79,2.83,0.91,2.83,6.53
2025-06-04,2025-06,50888,Estrela Servicos LTDA,Escola,Litoral,Tarcisio Bueno,papel higienico folha dupla 30m - fardo 12,Papel,VENDA,2,4.5,162.22,102.08,38.31,3.79,11.49,18.04
2025-06-05,2025-06,50890,Vitoria Distribuidora LTDA ME,Hotel,Interior Sul,Tarcisio Bueno,Copo Descartavel 50ml - Pacote 100,Descartaveis,VENDA,1,8.25,25.02,24.0,3.85,0.7,3.85,-3.53
2025-06-05,2025-06,50891,BOREAL SERVICOS LTDA ME,Escola,Regiao Metropolitana,Tarcisio Bueno,Marmitex Aluminio 800ml,Descartaveis,VENDA,1,12.46,10.58,8.79,2.61,0.25,0.78,-1.06
2025-06-05,2025-06,50896,Alvorada Distribuidora ME,Mercado,Interior Sul,Simone Klein,Guardanapo 24x24 - Caixa 24,Papel,VENDA,20,7.0,1187.6,919.4,81.4,41.57,81.4,145.23
2025-06-05,2025-06,50896,Alvorada Distribuidora ME,Mercado,Interior Sul,Simone Klein,luva plastica descartavel - pacote 100,Descartaveis,VENDA,5,7.89,101.85,97.3,6.98,3.56,6.98,-5.99
2025-06-06,2025-06,50903,Horizonte Distribuidora S/A,Condominio,Regiao Metropolitana,Rogerio Antunes,Bobina Papel Toalha 200m - Caixa 24,Papel,VENDA,2,2.6,147.67,98.76,20.1,4.01,6.03,24.8
2025-06-06,2025-06,50904,Boreal Comercio EIRELI,Mercado,Interior Sul,Simone Klein,Copo Descartavel 200ml - Fardo 12,Descartaveis,VENDA,2,2.09,38.96,35.02,0.99,1.36,0.99,1.59
2025-06-06,2025-06,50904,Boreal Comercio EIRELI,Mercado,Interior Sul,Simone Klein,Cera Liquida Incolor 5L - Fardo 6,Quimicos,VENDA,2,1.56,108.64,72.84,2.76,3.8,2.76,29.24
2025-06-09,2025-06,50908,Estrela Servicos LTDA,Escola,Litoral,Tarcisio Bueno,Cera Liquida Incolor 5L - Fardo 6,Quimicos,VENDA,5,1.21,177.6,118.65,5.11,4.97,5.11,48.87
2025-06-09,2025-06,50909,Xavante Servicos EIRELI,Padaria,Litoral,Rogerio Antunes,Removedor 1L - Fardo 6,Quimicos,VENDA,2,1.71,38.84,19.86,13.22,0.89,3.96,4.87
2025-06-10,2025-06,50912,Querencia Participacoes EIRELI,Mercado,Regiao Metropolitana,Tarcisio Bueno,Desinfetante Lavanda 5L - Pacote 100,Quimicos,VENDA,3,4.15,186.82,112.38,33.75,4.57,10.13,36.12
2025-06-10,2025-06,50914,Querencia Distribuidora LTDA ME,Padaria,Interior Norte,Rogerio Antunes,Luva Latex,EPI,VENDA,1,2.06,28.57,12.41,12.79,0.59,3.83,2.78
2025-06-12,2025-06,50924,Estrela Servicos LTDA,Escola,Litoral,Tarcisio Bueno,Talher Descartavel Misto - Fardo 6,Descartaveis,VENDA,1,5.29,51.0,36.29,17.05,1.09,5.11,-3.43
2025-06-13,2025-06,50928,Horizonte Distribuidora S/A,Condominio,Regiao Metropolitana,Rogerio Antunes,Cera Liquida Incolor 5L - Fardo 6,Quimicos,VENDA,20,0.68,661.4,439.6,76.98,19.84,76.98,124.98
2025-06-13,2025-06,50928,Horizonte Distribuidora S/A,Condominio,Regiao Metropolitana,Rogerio Antunes,Talher Descartavel Misto - Fardo 6,Descartaveis,VENDA,1,5.62,38.92,36.29,4.53,1.17,4.53,-3.07
2025-06-16,2025-06,50940,Imperial Empreendimentos EIRELI,Padaria,Litoral,Rogerio Antunes,Bobina Papel Toalha 200m - Fardo 6,Papel,VENDA,3,4.24,80.85,60.78,5.82,2.43,5.82,11.82
2025-06-17,2025-06,50945,BOREAL SERVICOS LTDA ME,Escola,Regiao Metropolitana,Tarcisio Bueno,Desengordurante 5L - Pacote 100,Quimicos,VENDA,1,4.12,22.67,12.37,6.72,0.5,2.02,3.08
2025-06-17,2025-06,50945,BOREAL SERVICOS LTDA ME,Escola,Regiao Metropolitana,Tarcisio Bueno,Talher Descartavel Misto - Fardo 6,Descartaveis,VENDA,2,16.53,86.86,72.58,25.74,1.93,7.72,-13.39
2025-06-17,2025-06,50946,Serrano Alimentos EIRELI,Padaria,Regiao Metropolitana,Simone Klein,borrifador 500ml - fardo 6,Acessorios,VENDA,10,0.04,343.59,187.2,37.7,11.1,11.31,107.59
2025-06-19,2025-06,50965,Boreal Empreendimentos LTDA,Industria,Regiao Metropolitana,Tarcisio Bueno,Copo Descartavel 50ml - Pacote 100,Descartaveis,VENDA,1,5.53,25.76,24.0,2.1,0.72,2.1,-1.06
2025-06-20,2025-06,50967,querencia negocios me,Restaurante,Litoral,Rogerio Antunes,Alcool 70 1L - Caixa 24,Quimicos,VENDA,2,4.03,85.76,54.44,9.42,2.37,2.82,19.53
2025-06-20,2025-06,50968,Xavante Servicos EIRELI,Padaria,Litoral,Rogerio Antunes,Alvejante 5L - Fardo 12,Quimicos,VENDA,2,5.32,72.77,43.16,15.5,1.86,4.65,12.25
2025-06-20,2025-06,50971,Aurora Industria LTDA,Clinica,Regiao Metropolitana,Tarcisio Bueno,Alvejante 5L - Fardo 12,Quimicos,VENDA,2,7.58,56.12,34.02,12.11,1.33,3.63,8.66
2025-06-23,2025-06,50978,Horizonte Distribuidora S/A,Condominio,Regiao Metropolitana,Rogerio Antunes,Embalagem Delivery 750ml - Fardo 6,Descartaveis,VENDA,20,3.96,374.37,311.8,48.53,10.21,14.56,3.83
2025-06-25,2025-06,50993,Estrela Servicos LTDA,Escola,Litoral,Tarcisio Bueno,Papel Higienico Folha Dupla 30m - Fardo 12,Papel,VENDA,2,0.62,139.3,100.92,6.23,3.9,6.23,28.25
2025-06-30,2025-06,51010,Trevo Empreendimentos LTDA,Padaria,Interior Norte,Rogerio Antunes,limpador multiuso 5l - pacote 100,Quimicos,VENDA,2,2.72,38.9,23.58,5.94,1.04,1.78,8.34
2025-07-01,2025-07,51017,Oriente Participacoes LTDA,Clinica,Regiao Metropolitana,Simone Klein,Prato Descartavel 15cm - Caixa 24,Descartaveis,VENDA,1,1.48,24.9,19.37,4.6,0.76,1.38,0.17
2025-07-02,2025-07,51024,Nortao Alimentos S/A,Escola,Interior Norte,Simone Klein,Alcool 70 1L - Caixa 24,Quimicos,VENDA,2,1.98,112.56,75.8,11.77,3.94,11.77,21.05
2025-07-03,2025-07,51031,Uniao Servicos LTDA,Industria,Interior Sul,Tarcisio Bueno,Embalagem Delivery 750ml,Descartaveis,VENDA,1,9.35,24.75,24.02,6.61,0.69,6.61,-6.57
2025-07-03,2025-07,51034,Querencia Negocios LTDA,Industria,Interior Norte,Simone Klein,Copo Descartavel 200ml - Fardo 12,Descartaveis,VENDA,3,5.33,101.34,94.2,3.62,3.55,3.62,-0.03
2025-07-08,2025-07,51048,Uniao Negocios LTDA,Hotel,Interior Norte,Rogerio Antunes,borrifador 500ml - fardo 6,Acessorios,VENDA,3,0.8,94.44,56.16,6.09,2.83,6.09,29.36
2025-07-10,2025-07,51055,Estrela Comercio S/A,Restaurante,Interior Sul,Rogerio Antunes,Luva Plastica Descartavel - Fardo 12,Descartaveis,VENDA,10,5.16,424.87,362.5,48.96,11.72,14.69,1.69
2025-07-15,2025-07,51070,Horizonte Distribuidora S/A,Condominio,Regiao Metropolitana,Rogerio Antunes,Esponja Dupla Face - Caixa 24,Acessorios,VENDA,1,0.81,48.63,26.74,5.26,1.35,1.58,15.28
2025-07-17,2025-07,51085,Xavante Servicos EIRELI,Padaria,Litoral,Rogerio Antunes,Talher Descartavel Misto - Pacote 100,Descartaveis,VENDA,1,6.67,27.91,26.31,3.25,0.84,3.25,-2.49
2025-07-17,2025-07,51087,Serrano Servicos LTDA ME,Mercado,Interior Norte,Simone Klein,saco lixo 30l - fardo 6,Descartaveis,VENDA,3,5.93,41.43,38.76,1.41,1.45,1.41,-0.19
2025-07-18,2025-07,51092,Horizonte Distribuidora S/A,Condominio,Regiao Metropolitana,Rogerio Antunes,Talher Descartavel Misto - Pacote 100,Descartaveis,VENDA,2,8.09,60.0,52.62,7.21,1.65,2.17,-1.48
2025-07-18,2025-07,51096,BOREAL SERVICOS LTDA ME,Escola,Regiao Metropolitana,Tarcisio Bueno,Copo Descartavel 200ml - Fardo 12,Descartaveis,VENDA,3,5.79,113.56,94.2,18.19,2.82,5.46,-1.65
2025-07-18,2025-07,51100,Uniao Negocios LTDA,Hotel,Interior Norte,Rogerio Antunes,SABAO LIQUIDO 5L - FARDO 6,Quimicos,VENDA,2,1.34,90.62,56.02,9.83,2.51,2.95,22.26
2025-07-22,2025-07,51112,Oriente Alimentos ME,Padaria,Interior Norte,Tarcisio Bueno,Luva Plastica Descartavel - Fardo 12,Descartaveis,VENDA,1,1.2,61.04,36.25,29.06,1.14,8.72,-5.41
2025-07-22,2025-07,51116,Pampa Alimentos ME,Padaria,Regiao Metropolitana,Rogerio Antunes,Bobina Papel Toalha 200m - Caixa 24,Papel,VENDA,2,8.98,124.84,98.76,10.88,3.75,10.88,11.45
2025-07-23,2025-07,51121,Estrela Servicos LTDA,Escola,Litoral,Tarcisio Bueno,saco lixo 30l - fardo 6,Descartaveis,VENDA,5,2.23,105.29,64.6,47.92,2.01,14.38,-9.24
2025-07-28,2025-07,51145,Zenite Empreendimentos ME,Hotel,Litoral,Tarcisio Bueno,Limpador Multiuso 5L,Quimicos,VENDA,10,3.02,457.02,293.3,37.17,12.07,11.15,114.48
2025-07-28,2025-07,51147,Pampa Alimentos ME,Padaria,Regiao Metropolitana,Rogerio Antunes,Papel Toalha Rolo 100f - Fardo 6,Papel,VENDA,2,3.84,198.91,129.96,36.21,5.21,10.86,27.53
2025-07-28,2025-07,51149,Serrano Servicos LTDA ME,Mercado,Interior Norte,Simone Klein,Copo Descartavel 200ml,Descartaveis,VENDA,10,5.89,351.47,298.6,45.95,11.18,13.78,-4.26
2025-07-31,2025-07,51165,Alvorada Servicos LTDA,Hotel,Interior Norte,Rogerio Antunes,Saco Lixo 100L - Fardo 6,Descartaveis,VENDA,2,10.67,56.71,49.38,9.38,1.5,2.81,-3.55
2025-08-02,2025-08,51173,BOREAL SERVICOS LTDA ME,Escola,Regiao Metropolitana,Tarcisio Bueno,Desinfetante Lavanda 5L,Quimicos,VENDA,10,6.98,318.49,202.1,48.13,7.97,14.44,60.29
2025-08-02,2025-08,51173,BOREAL SERVICOS LTDA ME,Escola,Regiao Metropolitana,Tarcisio Bueno,removedor 1l - pacote 100,Quimicos,VENDA,3,2.1,88.1,53.1,13.31,2.21,3.99,19.48
2025-08-04,2025-08,51175,Zenite Participacoes ME,Padaria,Interior Norte,Simone Klein,Alvejante 5L,Quimicos,VENDA,1,1.77,69.83,41.64,11.22,2.17,3.36,14.8
2025-08-06,2025-08,51189,Nortao Industria ME,Padaria,Interior Norte,Simone Klein,Alcool 70 1L - Caixa 24,Quimicos,VENDA,10,0.01,188.6,124.5,15.62,6.6,15.62,41.88
2025-08-07,2025-08,51194,Rio Claro Servicos EIRELI,Mercado,Interior Norte,Tarcisio Bueno,removedor 1l,Quimicos,DEVOLUCAO,-3,0.83,-174.36,-116.04,10.99,-4.88,10.99,-64.43
2025-08-08,2025-08,51197,TREVO ALIMENTOS S/A,Mercado,Interior Norte,Rogerio Antunes,Copo Descartavel 200ml,Descartaveis,VENDA,2,6.47,75.37,59.72,17.01,1.9,5.1,-3.26
2025-08-11,2025-08,51207,Serrano Alimentos EIRELI,Padaria,Regiao Metropolitana,Simone Klein,SACO LIXO 60L - PACOTE 100,Descartaveis,VENDA,50,11.17,673.0,666.5,42.92,23.56,42.92,-59.98
2025-08-12,2025-08,51212,Nortao Industria ME,Padaria,Interior Norte,Simone Klein,Embalagem Delivery 750ml - Pacote 100,Descartaveis,VENDA,2,2.58,28.23,21.98,5.55,0.85,1.66,-0.15
2025-08-12,2025-08,51212,Nortao Industria ME,Padaria,Interior Norte,Simone Klein,Copo Descartavel 200ml - Pacote 100,Descartaveis,VENDA,1,0.03,38.07,28.9,7.49,1.15,2.25,0.53
2025-08-14,2025-08,51217,Serrano Servicos LTDA ME,Mercado,Interior Norte,Simone Klein,Limpa Vidros 500ml - Caixa 24,Quimicos,VENDA,2,0.4,76.0,50.36,13.66,2.66,13.66,9.32
2025-08-15,2025-08,51228,Pampa Alimentos ME,Padaria,Regiao Metropolitana,Rogerio Antunes,MOP UMIDO - CAIXA 24,Acessorios,VENDA,5,2.54,264.04,140.9,44.69,6.98,13.4,71.47
2025-08-15,2025-08,51229,BOREAL SERVICOS LTDA ME,Escola,Regiao Metropolitana,Tarcisio Bueno,Mop Umido - Caixa 24,Acessorios,VENDA,1,4.81,41.34,20.82,11.07,0.94,3.32,8.51
2025-08-16,2025-08,51230,Aurora Industria LTDA,Clinica,Regiao Metropolitana,Tarcisio Bueno,Copo Descartavel 200ml - Fardo 12,Descartaveis,VENDA,1,12.24,33.86,31.4,3.64,0.88,1.09,-2.06
2025-08-18,2025-08,51235,Serrano Servicos LTDA ME,Mercado,Interior Norte,Simone Klein,Borrifador 500ml,Acessorios,VENDA,3,2.24,142.32,61.71,57.26,3.58,17.18,19.77
2025-08-18,2025-08,51238,Serrano Servicos LTDA ME,Mercado,Interior Norte,Simone Klein,Marmitex Aluminio 800ml,Descartaveis,VENDA,5,4.97,54.46,43.95,10.01,1.66,3.0,-1.16
2025-08-19,2025-08,51241,Querencia Participacoes EIRELI,Mercado,Regiao Metropolitana,Tarcisio Bueno,Saco Lixo 100L - Fardo 6,Descartaveis,VENDA,3,7.75,95.61,74.07,25.63,2.17,7.69,-6.26
2025-08-20,2025-08,51250,Luminar Participacoes LTDA,Condominio,Litoral,Simone Klein,Sabao Liquido 5L - Fardo 12,Quimicos,VENDA,5,1.0,87.89,52.05,14.06,2.73,4.22,19.05
2025-08-21,2025-08,51261,Luminar Alimentos S/A,Restaurante,Interior Sul,Rogerio Antunes,Papel Toalha Rolo 100f - Fardo 6,Papel,VENDA,5,7.02,448.37,324.9,41.16,12.59,12.34,69.72
2025-08-22,2025-08,51263,Nortao Alimentos S/A,Escola,Interior Norte,Simone Klein,Copo Descartavel 50ml - Fardo 6,Descartaveis,VENDA,10,3.15,291.1,264.5,41.86,10.19,41.86,-25.45
2025-08-22,2025-08,51265,Central Negocios LTDA ME,Clinica,Interior Sul,Simone Klein,Luva Plastica Descartavel - Pacote 100,Descartaveis,VENDA,2,0.7,41.13,33.88,4.13,1.34,1.24,1.78
2025-08-22,2025-08,51267,Nortao Empreendimentos LTDA ME,Padaria,Interior Sul,Tarcisio Bueno,Guardanapo 24x24 - Fardo 12,Papel,VENDA,1,4.21,86.94,49.68,29.78,1.85,8.94,5.63
2025-08-25,2025-08,51271,Central Negocios ME,Mercado,Interior Sul,Tarcisio Bueno,Copo Descartavel 50ml - Pacote 100,Descartaveis,VENDA,10,7.07,253.4,240.0,14.51,7.1,14.51,-8.21
2025-08-25,2025-08,51276,Estrela Servicos LTDA,Escola,Litoral,Tarcisio Bueno,BOBINA PAPEL TOALHA 200M - PACOTE 100,Papel,DEVOLUCAO,-50,9.19,-1378.0,-1092.5,46.59,-38.58,46.59,-293.51
2025-08-25,2025-08,51276,Estrela Servicos LTDA,Escola,Litoral,Tarcisio Bueno,COPO DESCARTAVEL 200ML - FARDO 6,Descartaveis,VENDA,10,2.68,261.2,236.2,8.83,7.31,8.83,8.86
2025-08-26,2025-08,51282,Vitoria Distribuidora LTDA ME,Hotel,Interior Sul,Tarcisio Bueno,Marmitex Aluminio 800ml,Descartaveis,VENDA,2,10.01,28.75,17.58,15.39,0.5,4.62,-4.72
2025-08-27,2025-08,51289,TREVO ALIMENTOS S/A,Mercado,Interior Norte,Rogerio Antunes,Rodo 40cm - Pacote 100,Acessorios,VENDA,1,2.23,61.81,27.85,22.37,1.38,6.71,10.21
2025-08-28,2025-08,51297,Guarani Participacoes LTDA ME,Condominio,Litoral,Rogerio Antunes,Esponja Dupla Face - Fardo 6,Acessorios,VENDA,10,4.65,318.6,197.1,24.14,9.56,24.14,87.8
2025-08-29,2025-08,51302,Central Alimentos LTDA ME,Clinica,Litoral,Tarcisio Bueno,Sabao Liquido 5L - Fardo 12,Quimicos,VENDA,1,1.04,15.61,10.41,2.15,0.44,2.15,2.61
2025-09-01,2025-09,51314,horizonte distribuidora me,Condominio,Regiao Metropolitana,Rogerio Antunes,Rodo 40cm - Pacote 100,Acessorios,DEVOLUCAO,-2,0.33,-75.08,-55.7,27.14,-2.82,8.14,-43.7
2025-09-03,2025-09,51326,Pampa Alimentos ME,Padaria,Regiao Metropolitana,Rogerio Antunes,BOTA PVC - FARDO 6,EPI,VENDA,1,1.47,7.01,4.41,1.08,0.21,1.08,1.31
2025-09-03,2025-09,51329,Trevo Empreendimentos LTDA,Padaria,Interior Norte,Rogerio Antunes,papel toalha rolo 100f - fardo 6,Papel,VENDA,3,10.41,134.32,92.43,27.57,3.45,8.27,10.87
2025-09-05,2025-09,51350,Serrano Servicos LTDA ME,Mercado,Interior Norte,Simone Klein,Papel Higienico Folha Dupla 30m - Fardo 12,Papel,VENDA,3,4.96,91.32,55.44,25.89,2.56,7.77,7.43
2025-09-08,2025-09,51353,Horizonte Distribuidora S/A,Condominio,Regiao Metropolitana,Rogerio Antunes,DESINFETANTE LAVANDA 5L - FARDO 6,Quimicos,VENDA,3,3.55,137.77,82.89,23.8,3.63,7.14,27.45
2025-09-08,2025-09,51357,Imperial Servicos S/A,Clinica,Regiao Metropolitana,Rogerio Antunes,Saco Lixo 100L - Fardo 6,Descartaveis,VENDA,3,7.85,99.3,74.07,31.03,2.33,9.31,-8.13
2025-09-08,2025-09,51359,Xavante Industria EIRELI,Escola,Regiao Metropolitana,Tarcisio Bueno,Copo Descartavel 200ml,Descartaveis,DEVOLUCAO,-2,5.21,-56.73,-59.72,10.84,-1.8,3.25,-6.05
2025-09-10,2025-09,51368,Oriente Participacoes LTDA,Clinica,Regiao Metropolitana,Simone Klein,Detergente Neutro 5L,Quimicos,VENDA,10,4.82,513.65,332.1,49.64,16.76,14.89,115.15
2025-09-10,2025-09,51369,Central Alimentos LTDA ME,Clinica,Litoral,Tarcisio Bueno,Cera Liquida Incolor 5L - Fardo 6,Quimicos,VENDA,5,0.91,273.4,182.1,32.05,7.66,32.05,51.59
2025-09-10,2025-09,51370,Uniao Servicos LTDA,Industria,Interior Sul,Tarcisio Bueno,Copo Descartavel 50ml,Descartaveis,VENDA,3,3.11,143.89,97.65,51.95,3.01,15.58,-8.72
2025-09-10,2025-09,51370,Uniao Servicos LTDA,Industria,Interior Sul,Tarcisio Bueno,Luva Latex - Fardo 6,EPI,VENDA,1,3.84,24.8,11.95,8.95,0.52,2.68,3.38
2025-09-11,2025-09,51377,Guarani Servicos S/A,Restaurante,Regiao Metropolitana,Simone Klein,Papel Toalha Interfolha 1000f - Caixa 24,Papel,VENDA,1,4.98,76.21,50.05,14.51,2.31,4.35,9.34
2025-09-12,2025-09,51384,Querencia Participacoes EIRELI,Mercado,Regiao Metropolitana,Tarcisio Bueno,Bobina Papel Toalha 200m - Caixa 24,Papel,VENDA,1,4.43,65.54,49.38,5.41,1.84,5.41,8.91
2025-09-12,2025-09,51386,Central Negocios ME,Mercado,Interior Sul,Tarcisio Bueno,Papel Toalha Interfolha 1000f - Pacote 100,Papel,VENDA,20,6.14,1505.2,1154.6,77.51,42.15,77.51,230.94
2025-09-15,2025-09,51391,Imperial Servicos S/A,Clinica,Regiao Metropolitana,Rogerio Antunes,Papel Higienico Folha Dupla 30m,Papel,VENDA,50,17.71,1032.5,903.5,41.9,30.98,41.9,56.13
2025-09-16,2025-09,51398,Serrano Servicos LTDA ME,Mercado,Interior Norte,Simone Klein,Balde 20L,Acessorios,VENDA,3,0.92,114.21,68.01,2.48,4.0,2.48,39.72
2025-09-16,2025-09,51398,Serrano Servicos LTDA ME,Mercado,Interior Norte,Simone Klein,Escova Sanitaria - Caixa 24,Acessorios,VENDA,3,1.1,24.24,14.46,0.53,0.85,0.53,8.4
2025-09-17,2025-09,51403,Alvorada Distribuidora ME,Mercado,Interior Sul,Simone Klein,Vassoura Nylon - Pacote 100,Acessorios,VENDA,20,1.07,508.4,303.2,34.12,17.79,34.12,153.29
2025-09-17,2025-09,51404,Nortao Alimentos S/A,Escola,Interior Norte,Simone Klein,Papel Higienico Folha Dupla 30m,Papel,VENDA,1,1.75,28.02,18.07,4.8,0.86,1.44,4.29
2025-09-17,2025-09,51408,Zenite Participacoes ME,Padaria,Interior Norte,Simone Klein,Guardanapo 24x24 - Caixa 24,Papel,VENDA,1,1.4,93.12,48.9,37.36,2.34,11.21,4.52
2025-09-18,2025-09,51413,Querencia Empreendimentos LTDA,Clinica,Interior Sul,Simone Klein,Alcool 70 1L - Caixa 24,Quimicos,VENDA,10,5.32,390.5,272.2,28.95,13.67,28.95,75.68
2025-09-18,2025-09,51417,Imperial Empreendimentos EIRELI,Padaria,Litoral,Rogerio Antunes,SACO LIXO 60L - CAIXA 24,Descartaveis,VENDA,3,3.02,38.08,30.03,7.08,0.99,2.12,-0.02
2025-09-18,2025-09,51417,Imperial Empreendimentos EIRELI,Padaria,Litoral,Rogerio Antunes,papel higienico rolao 300m - fardo 6,Papel,VENDA,5,5.19,464.45,306.8,86.36,12.12,25.91,59.17
2025-09-18,2025-09,51418,Imperial Empreendimentos EIRELI,Padaria,Litoral,Rogerio Antunes,Marmitex Aluminio 800ml - Pacote 100,Descartaveis,VENDA,3,3.05,91.65,83.19,9.4,2.75,9.4,-3.69
2025-09-25,2025-09,51436,Aurora Industria LTDA,Clinica,Regiao Metropolitana,Tarcisio Bueno,Alvejante 5L,Quimicos,VENDA,10,4.56,602.1,416.4,42.05,16.86,42.05,126.79
2025-09-29,2025-09,51459,Luminar Participacoes LTDA,Condominio,Litoral,Simone Klein,Pano Multiuso - Fardo 6,Acessorios,VENDA,1,5.39,6.74,4.2,0.5,0.24,0.5,1.8
2025-10-02,2025-10,51474,Uniao Servicos S/A,Condominio,Litoral,Rogerio Antunes,Marmitex Aluminio 800ml - Pacote 100,Descartaveis,VENDA,2,4.64,84.18,55.46,34.41,1.8,10.33,-7.49
2025-10-03,2025-10,51488,Vitoria Distribuidora LTDA ME,Hotel,Interior Sul,Tarcisio Bueno,Embalagem Delivery 750ml - Pacote 100,Descartaveis,VENDA,2,3.61,24.08,21.98,1.36,0.67,1.36,0.07
2025-10-04,2025-10,51491,Serrano Servicos LTDA ME,Mercado,Interior Norte,Simone Klein,REMOVEDOR 1L - CAIXA 24,Quimicos,VENDA,2,3.87,29.34,20.14,1.85,1.03,1.85,6.32
2025-10-06,2025-10,51492,Uniao Servicos S/A,Condominio,Litoral,Rogerio Antunes,Saco Lixo 30L,Descartaveis,VENDA,1,1.67,19.61,17.55,3.27,0.59,3.27,-1.8
2025-10-06,2025-10,51492,Uniao Servicos S/A,Condominio,Litoral,Rogerio Antunes,Papel Toalha Interfolha 1000f,Papel,VENDA,10,10.48,260.1,209.2,43.4,7.8,43.4,-0.3
2025-10-08,2025-10,51512,Querencia Distribuidora LTDA ME,Padaria,Interior Norte,Rogerio Antunes,Luva Plastica Descartavel - Fardo 6,Descartaveis,VENDA,10,2.58,186.93,152.5,25.9,5.06,7.77,3.47
2025-10-10,2025-10,51527,Zenite Empreendimentos ME,Hotel,Litoral,Tarcisio Bueno,Talher Descartavel Misto - Caixa 24,Descartaveis,VENDA,2,3.94,80.78,62.66,17.68,1.92,5.3,-1.48
2025-10-13,2025-10,51530,Rio Claro Servicos EIRELI,Mercado,Interior Norte,Tarcisio Bueno,Marmitex Aluminio 800ml - Caixa 24,Descartaveis,VENDA,20,24.78,587.2,687.0,27.71,16.44,27.71,-143.95
2025-10-14,2025-10,51540,BOREAL SERVICOS LTDA ME,Escola,Regiao Metropolitana,Tarcisio Bueno,Oculos Protecao - Caixa 24,EPI,VENDA,5,1.26,141.45,88.8,12.85,3.96,12.85,35.84
2025-10-14,2025-10,51542,Serrano Servicos LTDA ME,Mercado,Interior Norte,Simone Klein,Cera Liquida Incolor 5L - Fardo 6,Quimicos,VENDA,2,2.5,107.6,72.84,5.93,3.77,5.93,25.06
2025-10-14,2025-10,51542,Serrano Servicos LTDA ME,Mercado,Interior Norte,Simone Klein,Talher Descartavel Misto - Fardo 6,Descartaveis,VENDA,20,14.33,706.6,725.8,38.92,24.73,38.92,-82.85
2025-10-15,2025-10,51544,Nortao Industria ME,Padaria,Interior Norte,Simone Klein,Desengordurante 5L - Pacote 100,Quimicos,DEVOLUCAO,-1,4.65,-15.63,-12.37,3.2,-0.63,0.96,-5.83
2025-10-15,2025-10,51544,Nortao Industria ME,Padaria,Interior Norte,Simone Klein,Copo Descartavel 50ml - Pacote 100,Descartaveis,VENDA,1,15.98,25.78,24.0,4.1,0.8,1.23,-3.12
2025-10-16,2025-10,51548,Vitoria Distribuidora LTDA ME,Hotel,Interior Sul,Tarcisio Bueno,limpador multiuso 5l - pacote 100,Quimicos,VENDA,2,1.78,35.08,23.58,2.85,0.98,2.85,7.67
2025-10-16,2025-10,51549,BOREAL SERVICOS LTDA ME,Escola,Regiao Metropolitana,Tarcisio Bueno,Copo Descartavel 50ml,Descartaveis,VENDA,5,15.93,194.71,162.75,56.02,4.35,16.81,-28.41
2025-10-17,2025-10,51564,Vitoria Comercio LTDA,Industria,Interior Sul,Simone Klein,Prato Descartavel 15cm - Caixa 24,Descartaveis,VENDA,5,5.17,195.49,154.15,41.98,5.81,12.59,-6.45
2025-10-21,2025-10,51569,BOREAL SERVICOS LTDA ME,Escola,Regiao Metropolitana,Tarcisio Bueno,papel higienico folha dupla 30m - fardo 12,Papel,VENDA,2,5.34,161.35,102.08,38.78,3.76,11.63,16.73
2025-10-22,2025-10,51573,Estrela Servicos ME,Hotel,Interior Sul,Tarcisio Bueno,Luva Plastica Descartavel - Fardo 12,Descartaveis,VENDA,2,1.5,90.54,72.5,13.43,2.27,4.03,2.34
2025-10-22,2025-10,51577,Horizonte Distribuidora S/A,Condominio,Regiao Metropolitana,Rogerio Antunes,limpador multiuso 5l - pacote 100,Quimicos,VENDA,1,1.6,17.57,11.79,1.59,0.53,1.59,3.66
2025-10-22,2025-10,51579,Horizonte Distribuidora S/A,Condominio,Regiao Metropolitana,Rogerio Antunes,BOTA PVC - FARDO 6,EPI,VENDA,1,0.27,7.09,4.41,0.61,0.21,0.61,1.86
2025-10-22,2025-10,51579,Horizonte Distribuidora S/A,Condominio,Regiao Metropolitana,Rogerio Antunes,Papel Toalha Interfolha 1000f - Pacote 100,Papel,VENDA,3,4.32,230.16,173.19,19.9,6.9,19.9,30.17
2025-10-23,2025-10,51584,Alvorada Servicos LTDA,Hotel,Interior Norte,Rogerio Antunes,Limpa Vidros 500ml,Quimicos,VENDA,20,2.13,566.18,363.6,38.54,16.18,11.56,147.86
2025-10-23,2025-10,51585,Vitoria Distribuidora LTDA ME,Hotel,Interior Sul,Tarcisio Bueno,Rodo 40cm - Pacote 100,Acessorios,VENDA,1,1.04,22.36,12.46,2.08,0.59,0.62,7.23
2025-10-23,2025-10,51589,Nortao Industria LTDA,Industria,Interior Sul,Rogerio Antunes,Luva Plastica Descartavel - Pacote 100,Descartaveis,VENDA,1,3.91,25.6,16.94,10.15,0.55,3.05,-2.05
2025-10-23,2025-10,51590,Aurora Industria LTDA,Clinica,Regiao Metropolitana,Tarcisio Bueno,Saco Lixo 30L,Descartaveis,VENDA,1,10.08,24.95,17.55,10.03,0.5,3.01,-3.13
2025-10-24,2025-10,51594,BOREAL SERVICOS LTDA ME,Escola,Regiao Metropolitana,Tarcisio Bueno,Saco Lixo 100L,Descartaveis,VENDA,2,2.98,69.83,53.82,14.99,1.66,4.5,-0.64
2025-10-24,2025-10,51596,Boreal Industria LTDA,Hotel,Litoral,Tarcisio Bueno,Alvejante 5L - Fardo 12,Quimicos,VENDA,1,0.12,32.6,17.01,9.8,0.72,2.94,5.07
2025-10-27,2025-10,51599,BOREAL SERVICOS LTDA ME,Escola,Regiao Metropolitana,Tarcisio Bueno,Papel Higienico Rolao 300m - Fardo 12,Papel,DEVOLUCAO,-3,6.65,-216.4,-187.02,37.23,-6.79,11.17,-59.82
2025-10-28,2025-10,51612,TREVO ALIMENTOS S/A,Mercado,Interior Norte,Rogerio Antunes,Copo Descartavel 50ml,Descartaveis,VENDA,10,6.25,369.86,325.5,32.95,10.4,9.89,1.01
2025-10-28,2025-10,51616,Horizonte Distribuidora S/A,Condominio,Regiao Metropolitana,Rogerio Antunes,Alcool 70 1L,Quimicos,VENDA,10,3.65,584.1,400.1,25.76,17.52,25.76,140.72
2025-10-30,2025-10,51629,TREVO ALIMENTOS S/A,Mercado,Interior Norte,Rogerio Antunes,DESINFETANTE LAVANDA 5L - PACOTE 100,Quimicos,VENDA,20,2.36,1215.8,821.8,19.14,36.47,19.14,338.39
2025-10-31,2025-10,51638,Querencia Alimentos LTDA,Mercado,Interior Norte,Simone Klein,Detergente Neutro 5L - Pacote 100,Quimicos,VENDA,3,3.66,87.82,44.28,33.15,2.26,9.95,8.13
2025-10-31,2025-10,51640,Boreal Industria LTDA,Hotel,Litoral,Tarcisio Bueno,BORRIFADOR 500ML - FARDO 12,Acessorios,VENDA,1,1.68,35.81,17.51,9.48,0.82,2.85,8.0
2025-11-01,2025-11,51642,TREVO ALIMENTOS S/A,Mercado,Interior Norte,Rogerio Antunes,luva plastica descartavel - pacote 100,Descartaveis,VENDA,1,2.76,26.66,19.46,7.38,0.65,2.22,-0.83
2025-11-03,2025-11,51644,BOREAL SERVICOS LTDA ME,Escola,Regiao Metropolitana,Tarcisio Bueno,PRATO DESCARTAVEL 15CM - PACOTE 100,Descartaveis,VENDA,10,10.55,381.6,330.4,65.28,9.41,19.58,-23.49
2025-11-03,2025-11,51648,Querencia Participacoes EIRELI,Mercado,Regiao Metropolitana,Tarcisio Bueno,Guardanapo 24x24 - Fardo 12,Papel,VENDA,10,8.77,629.5,496.8,29.67,17.63,29.67,85.4
2025-11-04,2025-11,51652,BANDEIRANTE NEGOCIOS S/A,Condominio,Interior Sul,Simone Klein,Papel Toalha Interfolha 1000f,Papel,VENDA,50,9.83,1310.0,1046.0,95.26,45.85,95.26,122.89
2025-11-04,2025-11,51652,BANDEIRANTE NEGOCIOS S/A,Condominio,Interior Sul,Simone Klein,Embalagem Delivery 750ml - Pacote 100,Descartaveis,VENDA,2,1.78,24.54,21.98,1.78,0.86,1.78,-0.08
2025-11-06,2025-11,51660,Luminar Distribuidora EIRELI,Clinica,Litoral,Rogerio Antunes,Saco Lixo 100L - Fardo 6,Descartaveis,VENDA,1,8.62,28.59,24.69,4.21,0.77,1.26,-1.08
2025-11-08,2025-11,51666,BOREAL SERVICOS LTDA ME,Escola,Regiao Metropolitana,Tarcisio Bueno,Copo Descartavel 200ml - Fardo 12,Descartaveis,VENDA,5,12.95,86.6,87.55,8.61,2.42,8.61,-11.98
2025-11-11,2025-11,51682,Oriente Participacoes LTDA,Clinica,Regiao Metropolitana,Simone Klein,Alvejante 5L - Caixa 24,Quimicos,VENDA,10,2.48,558.5,378.0,49.53,19.55,49.53,111.42
2025-11-12,2025-11,51686,Horizonte Distribuidora S/A,Condominio,Regiao Metropolitana,Rogerio Antunes,papel higienico rolao 300m - fardo 6,Papel,VENDA,3,3.16,247.59,184.08,23.77,7.43,23.77,32.31
2025-11-12,2025-11,51688,Serrano Servicos LTDA ME,Mercado,Interior Norte,Simone Klein,papel higienico rolao 300m - fardo 6,Papel,VENDA,3,4.96,271.39,184.08,40.6,8.5,12.18,38.21
2025-11-12,2025-11,51691,Zenite Industria LTDA,Mercado,Litoral,Simone Klein,Cera Liquida Incolor 5L,Quimicos,VENDA,5,1.65,258.4,173.4,8.56,9.04,8.56,67.4
2025-11-13,2025-11,51694,Guarani Servicos LTDA ME,Escola,Litoral,Tarcisio Bueno,Marmitex Aluminio 800ml - Caixa 24,Descartaveis,VENDA,3,8.41,36.04,31.44,4.73,0.92,1.42,-1.05
2025-11-13,2025-11,51696,Guarani Servicos S/A,Restaurante,Regiao Metropolitana,Simone Klein,Mascara Descartavel,EPI,VENDA,1,0.14,17.12,9.54,2.49,0.54,0.74,4.55
2025-11-14,2025-11,51703,Aurora Alimentos S/A,Escola,Litoral,Simone Klein,BOBINA PAPEL TOALHA 200M - PACOTE 100,Papel,VENDA,1,2.14,35.1,21.85,7.71,1.04,2.31,4.5
2025-11-15,2025-11,51707,Querencia Participacoes EIRELI,Mercado,Regiao Metropolitana,Tarcisio Bueno,papel higienico rolao 300m - fardo 6,Papel,VENDA,2,5.59,190.31,122.72,41.98,4.51,12.59,21.1
2025-11-24,2025-11,51750,Imperial Servicos S/A,Clinica,Regiao Metropolitana,Rogerio Antunes,Papel Higienico Rolao 300m - Fardo 12,Papel,VENDA,2,3.19,191.29,124.68,33.79,5.03,10.14,27.79
2025-11-25,2025-11,51761,Estrela Servicos LTDA,Escola,Litoral,Tarcisio Bueno,Guardanapo 24x24 - Caixa 24,Papel,VENDA,2,5.73,142.6,97.8,20.76,3.59,6.22,20.45
2025-11-26,2025-11,51763,Querencia Participacoes EIRELI,Mercado,Regiao Metropolitana,Tarcisio Bueno,Limpador Multiuso 5L - Fardo 6,Quimicos,VENDA,1,6.78,58.26,33.91,14.81,1.34,4.45,8.2
2025-11-27,2025-11,51766,XAVANTE EMPREENDIMENTOS LTDA ME,Mercado,Interior Norte,Simone Klein,Saco Lixo 30L - Fardo 6,Descartaveis,VENDA,1,9.1,26.33,25.49,2.01,0.92,2.01,-2.09
2025-11-28,2025-11,51770,Imperial Empreendimentos EIRELI,Padaria,Litoral,Rogerio Antunes,Embalagem Delivery 750ml - Pacote 100,Descartaveis,VENDA,2,3.35,29.61,21.98,7.81,0.72,2.34,-0.9
2025-11-28,2025-11,51776,Horizonte Negocios EIRELI,Escola,Litoral,Simone Klein,ALCOOL 70 1L - FARDO 6,Quimicos,VENDA,1,7.08,77.19,41.95,25.91,2.07,7.78,7.26
2025-11-28,2025-11,51778,Serrano Alimentos EIRELI,Padaria,Regiao Metropolitana,Simone Klein,Avental PVC,EPI,VENDA,2,2.02,68.33,38.22,11.32,2.11,3.39,16.68
2025-11-28,2025-11,51779,Querencia Participacoes EIRELI,Mercado,Regiao Metropolitana,Tarcisio Bueno,saco lixo 100l - fardo 12,Descartaveis,VENDA,2,2.51,90.09,59.04,35.25,1.83,10.58,-6.03
2025-12-01,2025-12,51783,Trevo Comercio ME,Clinica,Regiao Metropolitana,Tarcisio Bueno,Esponja Dupla Face - Caixa 24,Acessorios,VENDA,5,2.89,220.05,133.7,21.33,6.16,21.33,58.86
2025-12-02,2025-12,51789,Serrano Servicos LTDA ME,Mercado,Interior Norte,Simone Klein,Cera Liquida Incolor 5L,Quimicos,VENDA,5,0.28,290.86,173.4,41.23,9.17,12.37,67.06
2025-12-02,2025-12,51795,Aurora Negocios EIRELI,Hotel,Regiao Metropolitana,Rogerio Antunes,MASCARA DESCARTAVEL - CAIXA 24,EPI,VENDA,1,0.42,25.89,13.22,6.66,0.64,2.0,5.37
2025-12-02,2025-12,51797,BANDEIRANTE NEGOCIOS S/A,Condominio,Interior Sul,Simone Klein,Pano Multiuso - Caixa 24,Acessorios,VENDA,1,2.12,21.51,12.97,2.12,0.75,2.12,5.67
2025-12-03,2025-12,51801,Serrano Servicos LTDA ME,Mercado,Interior Norte,Simone Klein,Oculos Protecao - Caixa 24,EPI,VENDA,1,0.81,31.36,17.76,4.19,0.99,1.25,8.42
2025-12-03,2025-12,51801,Serrano Servicos LTDA ME,Mercado,Interior Norte,Simone Klein,saco lixo 100l - fardo 12,Descartaveis,DEVOLUCAO,-10,7.16,-279.32,-295.2,45.98,-10.9,13.8,-19.2
2025-12-04,2025-12,51810,Horizonte Distribuidora S/A,Condominio,Regiao Metropolitana,Rogerio Antunes,LUVA PLASTICA DESCARTAVEL,Descartaveis,VENDA,5,9.38,185.7,161.1,28.29,4.98,8.49,-8.67
2025-12-04,2025-12,51810,Horizonte Distribuidora S/A,Condominio,Regiao Metropolitana,Rogerio Antunes,Desengordurante 5L - Pacote 100,Quimicos,VENDA,2,3.8,40.36,24.74,6.15,1.08,1.85,8.39
2025-12-05,2025-12,51821,BOREAL SERVICOS LTDA ME,Escola,Regiao Metropolitana,Tarcisio Bueno,Desengordurante 5L - Pacote 100,Quimicos,VENDA,3,6.93,52.32,37.11,3.18,1.46,3.18,10.57
2025-12-06,2025-12,51826,Trevo Comercio LTDA,Restaurante,Interior Norte,Simone Klein,Copo Descartavel 200ml - Fardo 12,Descartaveis,VENDA,1,11.28,21.07,17.51,4.87,0.62,1.46,-1.93
2025-12-06,2025-12,51827,BOREAL SERVICOS LTDA ME,Escola,Regiao Metropolitana,Tarcisio Bueno,Alcool 70 1L,Quimicos,VENDA,5,4.52,317.77,200.05,40.53,8.1,12.16,69.09
2025-12-09,2025-12,51846,Pampa Alimentos ME,Padaria,Regiao Metropolitana,Rogerio Antunes,Mascara Descartavel - Fardo 6,EPI,VENDA,3,3.17,29.58,18.93,2.22,0.89,2.22,7.54
2025-12-10,2025-12,51855,BOREAL SERVICOS LTDA ME,Escola,Regiao Metropolitana,Tarcisio Bueno,ALCOOL 70 1L - FARDO 6,Quimicos,VENDA,3,0.02,190.65,125.85,9.63,5.34,9.63,49.83
2025-12-12,2025-12,51865,Luminar Alimentos S/A,Restaurante,Interior Sul,Rogerio Antunes,Vassoura Nylon,Acessorios,VENDA,2,2.84,42.71,20.18,13.55,1.0,4.06,7.98
2025-12-12,2025-12,51876,Zenite Participacoes ME,Padaria,Interior Norte,Simone Klein,Alvejante 5L - Fardo 6,Quimicos,VENDA,10,1.64,235.3,157.9,7.25,8.24,7.25,61.91
2025-12-13,2025-12,51879,Aurora Alimentos S/A,Escola,Litoral,Simone Klein,PRATO DESCARTAVEL 15CM - PACOTE 100,Descartaveis,VENDA,1,7.24,34.83,33.04,4.09,1.22,4.09,-3.52
2025-12-15,2025-12,51887,Serrano Servicos LTDA ME,Mercado,Interior Norte,Simone Klein,Esponja Dupla Face - Caixa 24,Acessorios,VENDA,10,4.1,434.6,267.4,23.49,15.21,23.49,128.5
2025-12-16,2025-12,51892,missoes empreendimentos me,Clinica,Regiao Metropolitana,Rogerio Antunes,Copo Descartavel 50ml - Pacote 100,Descartaveis,VENDA,10,1.56,162.58,128.7,26.68,4.32,8.0,2.88
2025-12-16,2025-12,51898,Imperial Servicos S/A,Clinica,Regiao Metropolitana,Rogerio Antunes,Copo Descartavel 50ml - Pacote 100,Descartaveis,VENDA,5,8.2,125.15,120.0,6.6,3.75,6.6,-5.2
2025-12-17,2025-12,51899,Boreal Empreendimentos LTDA,Industria,Regiao Metropolitana,Tarcisio Bueno,Desengordurante 5L - Pacote 100,Quimicos,VENDA,2,2.13,36.68,24.74,2.99,1.03,2.99,7.92
2025-12-19,2025-12,51912,Vitoria Distribuidora LTDA ME,Hotel,Interior Sul,Tarcisio Bueno,luva plastica descartavel - pacote 100,Descartaveis,VENDA,3,10.37,67.37,58.38,11.31,1.66,3.4,-3.98
2025-12-19,2025-12,51912,Vitoria Distribuidora LTDA ME,Hotel,Interior Sul,Tarcisio Bueno,Pano Multiuso - Caixa 24,Acessorios,VENDA,2,3.08,48.27,25.94,8.1,1.19,2.43,13.04
2025-12-19,2025-12,51917,BOREAL SERVICOS LTDA ME,Escola,Regiao Metropolitana,Tarcisio Bueno,Luva Latex - Fardo 12,EPI,VENDA,2,3.16,26.29,12.24,10.24,0.54,3.07,3.27
2025-12-22,2025-12,51926,Querencia Negocios LTDA,Industria,Interior Norte,Simone Klein,DESINFETANTE LAVANDA 5L - FARDO 6,Quimicos,VENDA,2,2.67,94.0,55.26,17.89,2.85,5.37,18.0
2025-12-22,2025-12,51926,Querencia Negocios LTDA,Industria,Interior Norte,Simone Klein,Papel Toalha Rolo 100f - Pacote 100,Papel,VENDA,2,8.97,160.13,109.78,30.48,4.86,9.15,15.01
2025-12-23,2025-12,51935,Aurora Distribuidora LTDA ME,Clinica,Litoral,Simone Klein,Bota PVC - Fardo 12,EPI,VENDA,20,2.51,570.6,362.8,37.89,19.97,37.89,149.94
2025-12-23,2025-12,51937,Querencia Participacoes EIRELI,Mercado,Regiao Metropolitana,Tarcisio Bueno,Limpa Vidros 500ml,Quimicos,VENDA,2,3.97,52.92,36.36,8.64,1.48,8.64,6.44
2025-12-24,2025-12,51943,Jangada Comercio ME,Padaria,Regiao Metropolitana,Simone Klein,Desinfetante Lavanda 5L - Fardo 6,Quimicos,VENDA,2,1.05,92.32,61.58,11.24,3.23,11.24,16.27
2025-12-26,2025-12,51974,Luminar Participacoes LTDA,Condominio,Litoral,Simone Klein,Pano Multiuso - Caixa 24,Acessorios,VENDA,5,5.97,119.97,64.85,23.74,3.62,7.12,27.76
2025-12-26,2025-12,51976,Oriente Participacoes LTDA,Clinica,Regiao Metropolitana,Simone Klein,Marmitex Aluminio 800ml - Caixa 24,Descartaveis,VENDA,1,3.76,46.01,10.48,49.35,0.4,14.8,-14.22
2025-12-26,2025-12,51977,Oriente Participacoes LTDA,Clinica,Regiao Metropolitana,Simone Klein,removedor 1l,Quimicos,VENDA,3,1.46,186.51,116.04,18.95,6.06,5.69,45.46
2025-12-27,2025-12,51979,Jangada Empreendimentos ME,Condominio,Litoral,Rogerio Antunes,Copo Descartavel 50ml,Descartaveis,VENDA,2,5.19,84.75,65.1,20.88,2.1,6.27,-3.33
2025-12-27,2025-12,51981,Zenite Industria LTDA,Mercado,Litoral,Simone Klein,Papel Higienico Rolao 300m - Fardo 12,Papel,VENDA,2,3.74,119.3,89.24,5.88,4.18,5.88,20.0
2025-12-30,2025-12,51995,Imperial Servicos EIRELI,Condominio,Interior Norte,Rogerio Antunes,Removedor 1L - Fardo 6,Quimicos,VENDA,3,1.19,44.61,29.79,5.13,1.34,5.13,8.35
2025-12-30,2025-12,51996,Aurora Alimentos S/A,Escola,Litoral,Simone Klein,Copo Descartavel 200ml - Fardo 12,Descartaveis,VENDA,5,7.89,110.22,87.55,26.52,3.21,7.95,-7.06
2025-12-31,2025-12,52005,Xavante Servicos EIRELI,Padaria,Litoral,Rogerio Antunes,Prato Descartavel 15cm,Descartaveis,VENDA,2,9.3,66.48,56.02,12.49,1.73,3.75,-3.76
2025-01-02,2025-01,50014,Luminar Alimentos S/A,Restaurante,Interior Sul,Rogerio Antunes,Papel Higienico Folha Dupla 30m,Papel,VENDA,3,6.24,78.36,54.21,11.1,2.12,3.33,10.93
2025-01-06,2025-01,50023,Imperial Servicos EIRELI,Condominio,Interior Norte,Rogerio Antunes,Papel Higienico Rolao 300m - Fardo 12,Papel,VENDA,3,2.63,287.0,187.02,48.71,7.59,14.61,43.68
2025-01-06,2025-01,50026,Xavante Negocios ME,Hotel,Regiao Metropolitana,Simone Klein,Desengordurante 5L,Quimicos,VENDA,2,3.65,108.72,67.86,13.79,3.47,4.13,23.6
2025-01-07,2025-01,50035,Horizonte Distribuidora S/A,Condominio,Regiao Metropolitana,Rogerio Antunes,Embalagem Delivery 750ml,Descartaveis,VENDA,1,5.42,31.71,24.02,8.42,0.77,2.53,-1.5
2025-01-09,2025-01,50042,Imperial Servicos S/A,Clinica,Regiao Metropolitana,Rogerio Antunes,Esponja Dupla Face - Caixa 24,Acessorios,DEVOLUCAO,-2,4.31,-72.87,-53.48,19.82,-2.6,5.95,-36.61
2025-01-09,2025-01,50042,Imperial Servicos S/A,Clinica,Regiao Metropolitana,Rogerio Antunes,Luva Plastica Descartavel - Fardo 12,Descartaveis,VENDA,1,16.41,39.94,36.25,7.87,1.03,2.36,-5.21
2025-01-10,2025-01,50051,Aurora Industria LTDA,Clinica,Regiao Metropolitana,Tarcisio Bueno,Saco Lixo 60L - Fardo 6,Descartaveis,VENDA,10,18.64,90.51,83.9,18.59,2.17,5.58,-14.15
2025-01-15,2025-01,50077,Xavante Negocios ME,Hotel,Regiao Metropolitana,Simone Klein,Papel Higienico Rolao 300m - Fardo 12,Papel,VENDA,1,1.77,60.87,44.62,1.76,2.13,1.76,12.36
2025-01-16,2025-01,50081,Oriente Participacoes LTDA,Clinica,Regiao Metropolitana,Simone Klein,Papel Toalha Interfolha 1000f - Pacote 100,Papel,VENDA,2,3.28,175.45,115.46,29.07,5.43,8.72,25.49
2025-01-17,2025-01,50084,Serrano Alimentos EIRELI,Padaria,Regiao Metropolitana,Simone Klein,Saco Lixo 100L - Fardo 6,Descartaveis,VENDA,10,4.4,306.0,246.9,53.86,9.39,16.16,-4.15
2025-01-18,2025-01,50091,BOREAL SERVICOS LTDA ME,Escola,Regiao Metropolitana,Tarcisio Bueno,sabao liquido 5l - pacote 100,Quimicos,VENDA,1,3.69,43.36,22.9,14.19,0.94,4.25,5.33
2025-01-21,2025-01,50106,Serrano Servicos LTDA ME,Mercado,Interior Norte,Simone Klein,Papel Higienico Rolao 300m - Fardo 12,Papel,VENDA,10,5.41,874.0,665.3,37.07,30.59,37.07,141.04
2025-01-22,2025-01,50109,Estrela Servicos ME,Hotel,Interior Sul,Tarcisio Bueno,Alcool 70 1L,Quimicos,VENDA,2,4.34,127.48,80.02,16.42,3.25,4.92,27.79
2025-01-22,2025-01,50110,Boreal Participacoes EIRELI,Clinica,Litoral,Rogerio Antunes,Papel Toalha Interfolha 1000f,Papel,VENDA,5,3.12,173.68,104.6,47.05,4.22,14.12,17.81
2025-01-23,2025-01,50120,Guarani Servicos LTDA ME,Escola,Litoral,Tarcisio Bueno,PRATO DESCARTAVEL 15CM - PACOTE 100,Descartaveis,VENDA,1,0.74,44.79,33.04,10.74,1.04,3.22,-0.03
2025-01-24,2025-01,50131,Oriente Negocios ME,Restaurante,Interior Sul,Rogerio Antunes,Copo Descartavel 200ml - Fardo 12,Descartaveis,VENDA,50,27.72,719.0,875.5,53.4,21.57,53.4,-231.47
2025-01-27,2025-01,50138,Boreal Comercio EIRELI,Mercado,Interior Sul,Simone Klein,Embalagem Delivery 750ml - Fardo 6,Descartaveis,VENDA,2,5.88,37.87,31.18,6.44,1.17,1.93,-0.92
2025-01-28,2025-01,50141,Serrano Servicos LTDA ME,Mercado,Interior Norte,Simone Klein,Bota PVC - Caixa 24,EPI,VENDA,20,3.16,163.65,85.2,43.78,4.66,13.13,30.02
2025-01-30,2025-01,50153,Querencia Distribuidora LTDA ME,Padaria,Interior Norte,Rogerio Antunes,Saco Lixo 30L,Descartaveis,VENDA,1,3.86,26.37,17.55,10.29,0.58,3.09,-2.05
2025-01-30,2025-01,50153,Querencia Distribuidora LTDA ME,Padaria,Interior Norte,Rogerio Antunes,SACO LIXO 60L,Descartaveis,VENDA,1,1.87,9.97,6.5,3.89,0.22,1.17,-0.64
2025-01-30,2025-01,50158,Serrano Servicos LTDA ME,Mercado,Interior Norte,Simone Klein,Bota PVC - Fardo 12,EPI,VENDA,10,1.56,318.79,181.4,43.98,10.08,13.19,83.33
2025-01-30,2025-01,50159,Luminar Alimentos S/A,Restaurante,Interior Sul,Rogerio Antunes,Sabao Liquido 5L,Quimicos,VENDA,5,6.71,269.57,168.4,45.02,7.14,13.5,49.01
2025-01-30,2025-01,50159,Luminar Alimentos S/A,Restaurante,Interior Sul,Rogerio Antunes,Copo Descartavel 50ml,Descartaveis,VENDA,1,14.26,35.92,32.55,6.0,0.95,1.8,-3.58
2025-02-03,2025-02,50174,Querencia Participacoes EIRELI,Mercado,Regiao Metropolitana,Tarcisio Bueno,papel higienico folha dupla 30m - fardo 12,Papel,VENDA,20,6.97,1319.0,1020.8,38.27,36.93,38.27,223.0
2025-02-04,2025-02,50184,Central Negocios LTDA ME,Clinica,Interior Sul,Simone Klein,Papel Higienico Folha Dupla 30m - Fardo 12,Papel,VENDA,1,0.52,86.5,50.46,23.98,2.44,7.2,9.62
2025-02-04,2025-02,50189,Jangada Comercio ME,Padaria,Regiao Metropolitana,Simone Klein,saco lixo 100l - fardo 12,Descartaveis,VENDA,2,5.43,77.71,59.04,20.35,2.22,6.1,-3.9
2025-02-04,2025-02,50189,Jangada Comercio ME,Padaria,Regiao Metropolitana,Simone Klein,Embalagem Delivery 750ml - Pacote 100,Descartaveis,VENDA,2,0.88,30.32,21.98,7.94,0.87,2.38,-0.47
2025-02-10,2025-02,50215,Oriente Alimentos ME,Padaria,Interior Norte,Tarcisio Bueno,ESCOVA SANITARIA - CAIXA 24,Acessorios,VENDA,2,0.2,75.91,35.22,23.33,1.67,7.0,15.69
2025-02-13,2025-02,50230,Estrela Comercio S/A,Restaurante,Interior Sul,Rogerio Antunes,Bobina Papel Toalha 200m,Papel,VENDA,1,3.01,52.84,35.21,7.72,1.42,2.31,8.49
2025-02-14,2025-02,50241,Pampa Alimentos ME,Padaria,Regiao Metropolitana,Rogerio Antunes,Saco Lixo 100L,Descartaveis,VENDA,2,4.72,64.86,53.82,9.4,1.75,2.82,-0.11
2025-02-18,2025-02,50251,UNIAO ALIMENTOS EIRELI,Industria,Litoral,Simone Klein,OCULOS PROTECAO - FARDO 6,EPI,VENDA,1,1.77,8.1,4.46,1.49,0.25,0.45,1.9
2025-02-18,2025-02,50256,BOREAL SERVICOS LTDA ME,Escola,Regiao Metropolitana,Tarcisio Bueno,Prato Descartavel 15cm - Caixa 24,Descartaveis,VENDA,3,1.81,72.47,58.11,10.92,1.82,3.28,1.62
2025-02-19,2025-02,50259,BOREAL SERVICOS LTDA ME,Escola,Regiao Metropolitana,Tarcisio Bueno,Bota PVC,EPI,VENDA,2,2.96,54.18,27.24,16.48,1.19,4.94,9.27
2025-02-19,2025-02,50259,BOREAL SERVICOS LTDA ME,Escola,Regiao Metropolitana,Tarcisio Bueno,Luva Plastica Descartavel - Fardo 6,Descartaveis,VENDA,2,5.8,41.47,30.5,12.61,0.91,3.78,-2.55
2025-02-19,2025-02,50260,Trevo Empreendimentos LTDA,Padaria,Interior Norte,Rogerio Antunes,SACO LIXO 60L - CAIXA 24,Descartaveis,VENDA,2,9.79,20.54,20.02,2.41,0.62,2.41,-2.51
2025-02-19,2025-02,50266,Luminar Alimentos S/A,Restaurante,Interior Sul,Rogerio Antunes,Saco Lixo 30L - Fardo 6,Descartaveis,VENDA,3,0.71,94.04,76.47,11.09,2.59,3.33,3.89
2025-02-20,2025-02,50278,Estrela Servicos LTDA,Escola,Litoral,Tarcisio Bueno,Bobina Papel Toalha 200m - Caixa 24,Papel,VENDA,3,4.74,231.1,148.14,50.16,5.49,15.05,27.31
2025-02-21,2025-02,50283,Aurora Industria LTDA,Clinica,Regiao Metropolitana,Tarcisio Bueno,Embalagem Delivery 750ml - Pacote 100,Descartaveis,VENDA,2,11.49,34.24,21.98,17.34,0.62,5.2,-5.7
2025-02-21,2025-02,50284,Vitoria Distribuidora LTDA ME,Hotel,Interior Sul,Tarcisio Bueno,Prato Descartavel 15cm - Caixa 24,Descartaveis,VENDA,5,4.96,179.61,154.15,18.8,4.66,5.64,2.0
2025-02-21,2025-02,50286,Trevo Comercio ME,Clinica,Regiao Metropolitana,Tarcisio Bueno,papel higienico folha dupla 30m - fardo 12,Papel,VENDA,2,1.17,140.12,102.08,5.65,3.92,5.65,28.47
2025-02-22,2025-02,50287,Uniao Servicos LTDA,Industria,Interior Sul,Tarcisio Bueno,Desinfetante Lavanda 5L,Quimicos,VENDA,20,12.14,538.0,404.2,50.21,15.06,50.21,68.53
2025-02-22,2025-02,50288,BOREAL SERVICOS LTDA ME,Escola,Regiao Metropolitana,Tarcisio Bueno,Bota PVC - Caixa 24,EPI,VENDA,3,0.45,22.38,12.78,2.66,0.57,0.8,6.37
2025-02-22,2025-02,50288,BOREAL SERVICOS LTDA ME,Escola,Regiao Metropolitana,Tarcisio Bueno,Saco Lixo 30L,Descartaveis,VENDA,10,11.88,191.63,175.5,22.76,4.92,6.83,-11.55
2025-02-24,2025-02,50292,BOREAL SERVICOS LTDA ME,Escola,Regiao Metropolitana,Tarcisio Bueno,Limpa Vidros 500ml - Fardo 12,Quimicos,VENDA,2,1.1,99.62,66.48,9.08,2.79,9.08,21.27
2025-02-24,2025-02,50296,Nortao Alimentos S/A,Escola,Interior Norte,Simone Klein,PAPEL HIGIENICO ROLAO 300M,Papel,VENDA,2,4.15,37.8,25.08,6.29,1.17,1.89,5.26
2025-02-25,2025-02,50300,Imperial Distribuidora LTDA,Industria,Litoral,Tarcisio Bueno,Papel Higienico Folha Dupla 30m - Fardo 12,Papel,VENDA,2,3.01,49.8,36.96,2.11,1.39,2.11,9.34
2025-02-28,2025-02,50317,Aurora Distribuidora LTDA,Escola,Regiao Metropolitana,Rogerio Antunes,papel higienico folha dupla 30m - fardo 12,Papel,VENDA,1,6.57,75.3,51.04,12.96,1.99,3.89,9.31
2025-03-03,2025-03,50332,Boreal Comercio EIRELI,Mercado,Interior Sul,Simone Klein,Desinfetante Lavanda 5L - Fardo 6,Quimicos,VENDA,5,4.37,251.01,153.95,39.94,7.81,11.98,49.31
2025-03-04,2025-03,50335,Uniao Servicos LTDA,Industria,Interior Sul,Tarcisio Bueno,Papel Higienico Rolao 300m - Fardo 12,Papel,VENDA,1,7.24,89.71,62.34,13.43,2.25,4.03,11.69
2025-03-04,2025-03,50336,Uniao Negocios LTDA,Hotel,Interior Norte,Rogerio Antunes,Marmitex Aluminio 800ml - Caixa 24,Descartaveis,VENDA,2,10.43,32.07,20.96,15.33,0.64,4.6,-4.86
2025-03-05,2025-03,50344,Luminar Participacoes LTDA,Condominio,Litoral,Simone Klein,Prato Descartavel 15cm - Caixa 24,Descartaveis,VENDA,2,1.27,84.07,61.66,21.28,2.42,6.39,-1.29
2025-03-05,2025-03,50347,Nortao Alimentos S/A,Escola,Interior Norte,Simone Klein,papel toalha rolo 100f,Papel,VENDA,1,2.16,50.24,36.97,0.97,1.76,0.97,10.54
2025-03-05,2025-03,50350,BOREAL SERVICOS LTDA ME,Escola,Regiao Metropolitana,Tarcisio Bueno,SACO LIXO 60L,Descartaveis,VENDA,1,11.75,7.54,6.5,1.45,0.18,0.43,-0.59
2025-03-06,2025-03,50357,Imperial Servicos EIRELI,Condominio,Interior Norte,Rogerio Antunes,Papel Toalha Interfolha 1000f,Papel,VENDA,2,2.48,66.79,41.84,14.44,1.7,4.33,8.81
2025-03-06,2025-03,50363,Oriente Participacoes LTDA,Clinica,Regiao Metropolitana,Simone Klein,Saco Lixo 100L,Descartaveis,VENDA,5,9.06,155.36,134.55,23.31,4.87,7.0,-7.37
2025-03-10,2025-03,50384,Luminar Participacoes LTDA,Condominio,Litoral,Simone Klein,Cera Liquida Incolor 5L - Fardo 6,Quimicos,VENDA,10,2.24,351.4,237.3,36.19,12.3,36.19,65.61
2025-03-10,2025-03,50388,Trevo Empreendimentos LTDA,Padaria,Interior Norte,Rogerio Antunes,ALCOOL 70 1L - FARDO 6,Quimicos,VENDA,1,4.88,66.09,41.95,8.04,1.81,2.41,14.29
2025-03-10,2025-03,50389,Aurora Distribuidora LTDA ME,Clinica,Litoral,Simone Klein,Embalagem Delivery 750ml - Pacote 100,Descartaveis,VENDA,3,1.35,41.8,32.97,6.91,1.29,2.07,0.63
2025-03-11,2025-03,50394,Trevo Alimentos EIRELI,Condominio,Interior Norte,Simone Klein,Guardanapo 24x24 - Fardo 12,Papel,VENDA,1,5.6,93.46,49.68,40.45,2.28,12.13,1.05
2025-03-11,2025-03,50396,Querencia Empreendimentos LTDA,Clinica,Interior Sul,Simone Klein,Papel Toalha Interfolha 1000f,Papel,VENDA,20,2.8,565.0,418.4,52.57,19.78,52.57,74.25
2025-03-12,2025-03,50406,Guarani Servicos LTDA ME,Escola,Litoral,Tarcisio Bueno,PRATO DESCARTAVEL 15CM - PACOTE 100,Descartaveis,VENDA,10,18.59,305.7,330.4,70.23,8.56,70.23,-103.49
2025-03-12,2025-03,50412,Uniao Servicos LTDA,Industria,Interior Sul,Tarcisio Bueno,Cera Liquida Incolor 5L - Fardo 6,Quimicos,VENDA,3,6.6,154.62,109.26,14.35,4.33,14.35,26.68
2025-03-12,2025-03,50412,Uniao Servicos LTDA,Industria,Interior Sul,Tarcisio Bueno,Desengordurante 5L,Quimicos,VENDA,10,0.4,512.0,339.3,47.53,14.34,47.53,110.83
2025-03-13,2025-03,50414,Zenite Participacoes ME,Padaria,Interior Norte,Simone Klein,Vassoura Nylon - Fardo 12,Acessorios,VENDA,3,3.24,126.66,77.22,5.36,4.43,5.36,39.65
2025-03-13,2025-03,50419,Uniao Servicos S/A,Condominio,Litoral,Rogerio Antunes,Copo Descartavel 50ml - Fardo 6,Descartaveis,VENDA,2,12.24,68.1,52.9,21.92,1.58,6.58,-8.3
2025-03-13,2025-03,50422,Boreal Negocios ME,Padaria,Interior Norte,Rogerio Antunes,Cera Liquida Incolor 5L - Fardo 6,Quimicos,VENDA,1,1.1,42.24,23.73,9.55,1.07,2.86,7.89
2025-03-14,2025-03,50427,Imperial Servicos S/A,Clinica,Regiao Metropolitana,Rogerio Antunes,Saco Lixo 100L - Fardo 6,Descartaveis,VENDA,3,14.1,90.03,74.07,25.33,2.17,7.6,-11.54
2025-03-14,2025-03,50434,Querencia Participacoes EIRELI,Mercado,Regiao Metropolitana,Tarcisio Bueno,COPO DESCARTAVEL 200ML - FARDO 6,Descartaveis,VENDA,50,0.24,1339.0,1181.0,37.73,37.49,37.73,82.78
2025-03-14,2025-03,50434,Querencia Participacoes EIRELI,Mercado,Regiao Metropolitana,Tarcisio Bueno,borrifador 500ml - fardo 6,Acessorios,VENDA,3,0.68,94.53,56.16,2.66,2.65,2.66,33.06
2025-03-17,2025-03,50451,Querencia Distribuidora LTDA ME,Padaria,Interior Norte,Rogerio Antunes,SABAO LIQUIDO 5L - FARDO 6,Quimicos,VENDA,50,1.02,2100.5,1400.5,27.23,63.02,27.23,609.76
2025-03-18,2025-03,50455,Pampa Alimentos ME,Padaria,Regiao Metropolitana,Rogerio Antunes,Luva Plastica Descartavel - Fardo 12,Descartaveis,VENDA,20,0.33,821.0,725.0,68.28,24.63,68.28,3.09
2025-03-18,2025-03,50455,Pampa Alimentos ME,Padaria,Regiao Metropolitana,Rogerio Antunes,REMOVEDOR 1L - CAIXA 24,Quimicos,VENDA,3,7.4,42.39,30.21,3.53,1.27,3.53,7.38
2025-03-19,2025-03,50466,Boreal Industria LTDA,Hotel,Litoral,Tarcisio Bueno,Oculos Protecao - Fardo 6,EPI,VENDA,1,0.59,31.99,19.95,1.38,0.9,1.38,9.76
2025-03-20,2025-03,50476,Rio Claro Negocios LTDA,Restaurante,Regiao Metropolitana,Simone Klein,Copo Descartavel 200ml - Fardo 12,Descartaveis,VENDA,2,6.0,79.16,62.8,17.25,2.35,5.17,-3.24
2025-03-20,2025-03,50476,Rio Claro Negocios LTDA,Restaurante,Regiao Metropolitana,Simone Klein,Saco Lixo 100L,Descartaveis,VENDA,1,1.7,35.47,26.91,7.73,1.05,2.32,-0.22
2025-03-20,2025-03,50478,Imperial Servicos S/A,Clinica,Regiao Metropolitana,Rogerio Antunes,Saco Lixo 30L,Descartaveis,VENDA,3,2.4,82.62,52.65,34.64,1.75,10.4,-6.42
2025-03-20,2025-03,50478,Imperial Servicos S/A,Clinica,Regiao Metropolitana,Rogerio Antunes,Luva Plastica Descartavel - Fardo 6,Descartaveis,VENDA,1,3.39,23.69,15.25,9.93,0.5,2.98,-1.99
2025-03-21,2025-03,50484,BOREAL SERVICOS LTDA ME,Escola,Regiao Metropolitana,Tarcisio Bueno,Limpador Multiuso 5L,Quimicos,VENDA,3,1.2,143.47,87.99,16.76,3.69,5.02,35.03
2025-03-22,2025-03,50492,Horizonte Distribuidora S/A,Condominio,Regiao Metropolitana,Rogerio Antunes,Bobina Papel Toalha 200m - Fardo 6,Papel,VENDA,2,0.68,89.82,40.52,48.46,1.68,14.54,-0.84
2025-03-24,2025-03,50497,Estrela Negocios EIRELI,Padaria,Interior Norte,Rogerio Antunes,Esponja Dupla Face - Caixa 24,Acessorios,VENDA,1,0.25,49.61,26.74,6.28,1.36,1.88,15.23
2025-03-24,2025-03,50498,Pampa Alimentos ME,Padaria,Regiao Metropolitana,Rogerio Antunes,saco lixo 30l - fardo 6,Descartaveis,VENDA,1,10.17,13.19,12.92,0.34,0.4,0.34,-0.47
2025-03-25,2025-03,50505,Luminar Alimentos S/A,Restaurante,Interior Sul,Rogerio Antunes,Papel Toalha Rolo 100f - Fardo 6,Papel,DEVOLUCAO,-20,4.53,-1723.2,-1299.6,56.6,-51.7,56.6,-428.5
2025-03-25,2025-03,50508,Jangada Comercio ME,Padaria,Regiao Metropolitana,Simone Klein,Guardanapo 24x24,Papel,VENDA,3,3.01,217.62,131.61,57.6,6.21,17.28,22.2
2025-03-26,2025-03,50517,Serrano Servicos LTDA ME,Mercado,Interior Norte,Simone Klein,Rodo 40cm,Acessorios,VENDA,1,0.63,46.73,13.65,33.91,0.8,10.17,-1.63
2025-03-26,2025-03,50520,UNIAO ALIMENTOS EIRELI,Industria,Litoral,Simone Klein,Detergente Neutro 5L - Caixa 24,Quimicos,VENDA,1,2.64,52.92,31.74,8.71,1.64,2.61,10.83
2025-03-27,2025-03,50523,UNIAO ALIMENTOS LTDA ME,Restaurante,Litoral,Simone Klein,Copo Descartavel 200ml - Fardo 12,Descartaveis,VENDA,3,8.98,125.69,94.2,40.35,3.41,12.1,-12.27
2025-03-29,2025-03,50539,Zenite Servicos EIRELI,Industria,Interior Sul,Tarcisio Bueno,Copo Descartavel 50ml - Pacote 100,Descartaveis,VENDA,5,10.27,65.6,64.35,5.64,1.84,5.64,-6.23
2025-03-31,2025-03,50545,Luminar Alimentos S/A,Restaurante,Interior Sul,Rogerio Antunes,BOBINA PAPEL TOALHA 200M - PACOTE 100,Papel,VENDA,2,6.75,84.68,43.7,40.12,1.7,12.04,-0.84
2025-03-31,2025-03,50546,Nortao Industria ME,Padaria,Interior Norte,Simone Klein,OCULOS PROTECAO - FARDO 6,EPI,VENDA,1,0.66,7.94,4.46,1.14,0.25,0.34,2.09
2025-04-01,2025-04,50553,Trevo Comercio LTDA,Restaurante,Interior Norte,Simone Klein,Papel Toalha Interfolha 1000f - Pacote 100,Papel,VENDA,3,8.16,220.92,173.19,3.97,7.73,3.97,36.03
2025-04-01,2025-04,50558,TREVO ALIMENTOS S/A,Mercado,Interior Norte,Rogerio Antunes,Bota PVC - Fardo 12,EPI,VENDA,20,0.55,582.0,362.8,51.89,17.46,51.89,149.85
2025-04-02,2025-04,50559,Serrano Servicos LTDA ME,Mercado,Interior Norte,Simone Klein,Alcool 70 1L - Caixa 24,Quimicos,VENDA,10,1.03,208.97,124.5,31.82,6.53,9.55,46.12
2025-04-02,2025-04,50561,Alvorada Distribuidora ME,Mercado,Interior Sul,Simone Klein,Rodo 40cm - Pacote 100,Acessorios,VENDA,1,1.84,56.04,27.85,13.87,1.62,4.16,12.7
2025-04-03,2025-04,50570,Xavante Distribuidora LTDA ME,Clinica,Interior Sul,Rogerio Antunes,Guardanapo 24x24 - Caixa 24,Papel,VENDA,1,2.35,66.32,48.9,4.65,1.99,4.65,10.78
2025-04-04,2025-04,50575,Querencia Participacoes EIRELI,Mercado,Regiao Metropolitana,Tarcisio Bueno,Desengordurante 5L - Pacote 100,Quimicos,VENDA,10,2.75,207.44,123.7,36.06,5.1,10.82,42.58
2025-04-04,2025-04,50578,Uniao Negocios LTDA,Hotel,Interior Norte,Rogerio Antunes,Esponja Dupla Face - Caixa 24,Acessorios,VENDA,10,3.04,439.4,267.4,41.96,13.18,41.96,116.86
2025-04-08,2025-04,50589,Jangada Empreendimentos ME,Condominio,Litoral,Rogerio Antunes,DESINFETANTE LAVANDA 5L - FARDO 6,Quimicos,VENDA,5,1.71,228.53,138.15,32.62,6.17,9.79,51.59
2025-04-08,2025-04,50592,Horizonte Distribuidora S/A,Condominio,Regiao Metropolitana,Rogerio Antunes,Alvejante 5L - Fardo 6,Quimicos,VENDA,3,2.49,78.71,47.37,12.5,2.1,3.75,16.74
2025-04-11,2025-04,50614,Xavante Servicos EIRELI,Padaria,Litoral,Rogerio Antunes,Pano Multiuso - Fardo 6,Acessorios,VENDA,2,4.13,36.17,8.4,32.16,0.41,9.65,-4.8
2025-04-16,2025-04,50635,BOREAL SERVICOS LTDA ME,Escola,Regiao Metropolitana,Tarcisio Bueno,Bobina Papel Toalha 200m,Papel,VENDA,2,4.21,105.79,70.42,17.3,2.62,5.19,15.45
2025-04-17,2025-04,50640,Aurora Negocios EIRELI,Hotel,Regiao Metropolitana,Rogerio Antunes,Alvejante 5L - Fardo 12,Quimicos,VENDA,20,6.27,613.0,431.6,27.12,18.39,27.12,135.89
2025-04-17,2025-04,50640,Aurora Negocios EIRELI,Hotel,Regiao Metropolitana,Rogerio Antunes,papel toalha rolo 100f,Papel,VENDA,3,0.31,153.57,110.91,6.79,4.61,6.79,31.26
2025-04-17,2025-04,50644,Trevo Alimentos EIRELI,Condominio,Interior Norte,Simone Klein,OCULOS PROTECAO - FARDO 6,EPI,VENDA,3,0.23,21.51,13.38,1.78,0.75,1.78,5.6
2025-04-17,2025-04,50645,Trevo Alimentos EIRELI,Condominio,Interior Norte,Simone Klein,Sabao Liquido 5L - Fardo 12,Quimicos,VENDA,3,3.12,53.0,31.23,10.23,1.6,3.07,9.94
2025-04-22,2025-04,50664,Boreal Comercio EIRELI,Mercado,Interior Sul,Simone Klein,Cera Liquida Incolor 5L - Fardo 6,Quimicos,DEVOLUCAO,-10,4.39,-527.6,-364.2,58.7,-18.47,58.7,-203.63
2025-04-22,2025-04,50666,Nortao Industria LTDA,Industria,Interior Sul,Rogerio Antunes,Cera Liquida Incolor 5L - Fardo 6,Quimicos,VENDA,10,3.01,517.5,352.2,53.45,15.52,53.45,96.33
2025-04-23,2025-04,50671,Vitoria Comercio LTDA,Industria,Interior Sul,Simone Klein,Alcool 70 1L,Quimicos,VENDA,3,2.71,190.27,120.03,19.05,6.19,5.72,45.0
2025-04-23,2025-04,50675,Aurora Industria LTDA,Clinica,Regiao Metropolitana,Tarcisio Bueno,Papel Toalha Interfolha 1000f - Pacote 100,Papel,VENDA,2,5.34,169.67,115.46,25.53,4.25,7.66,24.43
2025-04-25,2025-04,50683,BOREAL SERVICOS LTDA ME,Escola,Regiao Metropolitana,Tarcisio Bueno,Copo Descartavel 50ml,Descartaveis,VENDA,10,3.47,357.1,325.5,24.33,10.0,24.33,-2.73
2025-04-26,2025-04,50684,BOREAL SERVICOS LTDA ME,Escola,Regiao Metropolitana,Tarcisio Bueno,SACO LIXO 60L - PACOTE 100,Descartaveis,VENDA,10,14.64,156.58,133.3,38.97,3.62,11.69,-19.31
2025-04-26,2025-04,50685,Zenite Servicos EIRELI,Industria,Interior Sul,Tarcisio Bueno,Papel Toalha Rolo 100f - Pacote 100,Papel,VENDA,2,3.09,147.76,109.78,6.76,4.14,6.76,27.08
2025-04-28,2025-04,50688,Serrano Servicos LTDA ME,Mercado,Interior Norte,Simone Klein,Alcool 70 1L - Caixa 24,Quimicos,VENDA,20,3.06,1113.2,758.0,45.61,38.96,45.61,270.63
2025-04-28,2025-04,50689,Querencia Participacoes EIRELI,Mercado,Regiao Metropolitana,Tarcisio Bueno,Papel Higienico Folha Dupla 30m,Papel,VENDA,2,5.55,70.89,36.14,33.52,1.33,10.05,-0.1
2025-04-29,2025-04,50690,Uniao Participacoes LTDA,Condominio,Litoral,Rogerio Antunes,Avental PVC - Fardo 6,EPI,VENDA,2,0.56,17.56,9.02,4.43,0.43,1.33,3.68
2025-04-29,2025-04,50693,Querencia Participacoes EIRELI,Mercado,Regiao Metropolitana,Tarcisio Bueno,Oculos Protecao - Caixa 24,EPI,VENDA,5,3.51,164.77,88.8,37.95,3.87,11.38,34.15
2025-05-01,2025-05,50704,Oriente Participacoes LTDA,Clinica,Regiao Metropolitana,Simone Klein,Avental PVC - Pacote 100,EPI,VENDA,2,0.44,24.85,13.38,4.82,0.75,1.45,5.9
2025-05-01,2025-05,50708,Xavante Industria EIRELI,Escola,Regiao Metropolitana,Tarcisio Bueno,Mascara Descartavel - Fardo 6,EPI,VENDA,3,3.01,32.7,18.93,4.41,0.83,1.32,8.53
2025-05-01,2025-05,50711,Uniao Servicos LTDA,Industria,Interior Sul,Tarcisio Bueno,limpador multiuso 5l - pacote 100,Quimicos,VENDA,10,0.3,199.25,117.9,30.21,4.99,9.06,46.15
2025-05-01,2025-05,50711,Uniao Servicos LTDA,Industria,Interior Sul,Tarcisio Bueno,BORRIFADOR 500ML - FARDO 12,Acessorios,VENDA,2,3.13,64.33,35.02,9.75,1.61,2.92,17.95
2025-05-02,2025-05,50713,Central Negocios ME,Mercado,Interior Sul,Tarcisio Bueno,Papel Toalha Rolo 100f - Pacote 100,Papel,VENDA,2,1.56,150.1,109.78,13.43,4.2,13.43,22.69
2025-05-03,2025-05,50717,Aurora Industria LTDA ME,Clinica,Interior Sul,Tarcisio Bueno,Mascara Descartavel,EPI,VENDA,10,3.03,149.2,95.4,12.61,4.18,12.61,37.01
2025-05-05,2025-05,50720,XAVANTE EMPREENDIMENTOS LTDA ME,Mercado,Interior Norte,Simone Klein,Copo Descartavel 50ml - Pacote 100,Descartaveis,VENDA,2,5.82,30.78,25.74,4.63,0.96,1.39,-0.55
2025-05-06,2025-05,50732,Serrano Servicos LTDA ME,Mercado,Interior Norte,Simone Klein,Alcool 70 1L,Quimicos,VENDA,5,2.42,295.75,200.05,20.78,10.35,20.78,64.57
2025-05-06,2025-05,50734,Vitoria Distribuidora LTDA ME,Hotel,Interior Sul,Tarcisio Bueno,Embalagem Delivery 750ml - Fardo 6,Descartaveis,VENDA,10,8.44,331.4,318.5,31.09,9.28,31.09,-27.47
2025-05-06,2025-05,50735,Horizonte Negocios LTDA ME,Mercado,Litoral,Simone Klein,Papel Higienico Rolao 300m - Fardo 12,Papel,VENDA,2,2.51,143.0,89.24,31.68,4.23,9.5,17.85
2025-05-09,2025-05,50759,Horizonte Distribuidora S/A,Condominio,Regiao Metropolitana,Rogerio Antunes,DETERGENTE NEUTRO 5L - PACOTE 100,Quimicos,VENDA,1,0.71,16.49,10.96,1.22,0.49,1.22,3.82
2025-05-09,2025-05,50759,Horizonte Distribuidora S/A,Condominio,Regiao Metropolitana,Rogerio Antunes,Embalagem Delivery 750ml,Descartaveis,VENDA,3,2.76,79.65,72.06,5.91,2.39,5.91,-0.71
2025-05-12,2025-05,50766,Serrano Servicos LTDA ME,Mercado,Interior Norte,Simone Klein,Saco Lixo 100L - Fardo 6,Descartaveis,VENDA,5,0.95,138.95,123.45,13.74,4.86,13.74,-3.1
2025-05-12,2025-05,50766,Serrano Servicos LTDA ME,Mercado,Interior Norte,Simone Klein,ALCOOL 70 1L - FARDO 6,Quimicos,VENDA,2,3.87,122.2,83.9,12.08,4.28,12.08,21.94
2025-05-13,2025-05,50773,Trevo Empreendimentos LTDA,Padaria,Interior Norte,Rogerio Antunes,Cera Liquida Incolor 5L - Fardo 6,Quimicos,VENDA,5,9.34,162.95,118.65,14.4,4.89,14.4,25.01
2025-05-13,2025-05,50774,Central Alimentos LTDA ME,Clinica,Litoral,Tarcisio Bueno,Papel Higienico Folha Dupla 30m,Papel,VENDA,2,5.07,54.0,36.14,9.06,1.33,2.72,7.47
2025-05-14,2025-05,50781,Imperial Servicos S/A,Clinica,Regiao Metropolitana,Rogerio Antunes,Bota PVC,EPI,VENDA,50,6.07,1032.0,681.0,32.52,30.96,32.52,287.52
2025-05-16,2025-05,50793,Querencia Participacoes EIRELI,Mercado,Regiao Metropolitana,Tarcisio Bueno,Limpa Vidros 500ml - Fardo 12,Quimicos,VENDA,1,7.33,46.67,33.24,0.99,1.31,0.99,11.13
2025-05-16,2025-05,50793,Querencia Participacoes EIRELI,Mercado,Regiao Metropolitana,Tarcisio Bueno,Copo Descartavel 50ml - Pacote 100,Descartaveis,VENDA,3,2.38,79.86,72.0,1.69,2.24,1.69,3.93
2025-05-17,2025-05,50795,Central Negocios ME,Mercado,Interior Sul,Tarcisio Bueno,Embalagem Delivery 750ml - Fardo 6,Descartaveis,VENDA,3,7.57,113.05,95.55,18.15,2.81,5.45,-3.46
2025-05-19,2025-05,50799,Uniao Comercio EIRELI,Escola,Interior Sul,Rogerio Antunes,removedor 1l,Quimicos,VENDA,2,0.55,143.15,77.36,37.95,3.5,11.38,24.34
2025-05-20,2025-05,50800,Zenite Servicos EIRELI,Industria,Interior Sul,Tarcisio Bueno,Marmitex Aluminio 800ml,Descartaveis,VENDA,10,6.13,101.53,87.9,11.04,2.63,3.31,-0.04
2025-05-20,2025-05,50800,Zenite Servicos EIRELI,Industria,Interior Sul,Tarcisio Bueno,Prato Descartavel 15cm - Caixa 24,Descartaveis,VENDA,1,2.13,37.1,30.83,4.03,0.96,1.21,1.28
2025-05-21,2025-05,50804,Serrano Alimentos EIRELI,Padaria,Regiao Metropolitana,Simone Klein,Avental PVC - Fardo 6,EPI,VENDA,3,2.38,21.3,13.53,3.12,0.75,3.12,3.9
2025-05-22,2025-05,50811,Querencia Participacoes EIRELI,Mercado,Regiao Metropolitana,Tarcisio Bueno,Balde 20L - Pacote 100,Acessorios,VENDA,3,1.49,99.93,59.85,14.12,2.8,14.12,23.16
2025-05-23,2025-05,50814,Xavante Distribuidora LTDA ME,Clinica,Interior Sul,Rogerio Antunes,Alvejante 5L - Fardo 12,Quimicos,VENDA,3,3.62,109.33,51.03,49.72,2.24,14.91,6.34
2025-05-23,2025-05,50821,BOREAL SERVICOS LTDA ME,Escola,Regiao Metropolitana,Tarcisio Bueno,Limpa Vidros 500ml - Fardo 12,Quimicos,VENDA,10,1.76,494.7,332.4,32.87,13.85,32.87,115.58
2025-05-26,2025-05,50827,BOREAL SERVICOS LTDA ME,Escola,Regiao Metropolitana,Tarcisio Bueno,Bobina Papel Toalha 200m,Papel,VENDA,20,3.96,939.2,704.2,39.21,26.3,39.21,169.49
2025-05-26,2025-05,50833,Luminar Alimentos S/A,Restaurante,Interior Sul,Rogerio Antunes,Papel Toalha Interfolha 1000f - Caixa 24,Papel,VENDA,3,3.32,238.47,150.15,52.67,6.05,15.8,29.6
2025-05-27,2025-05,50836,Imperial Servicos S/A,Clinica,Regiao Metropolitana,Rogerio Antunes,Prato Descartavel 15cm - Caixa 24,Descartaveis,VENDA,5,5.88,189.26,154.15,34.87,4.95,10.46,-4.71
2025-05-28,2025-05,50846,Xavante Servicos EIRELI,Padaria,Litoral,Rogerio Antunes,Bobina Papel Toalha 200m - Fardo 6,Papel,VENDA,2,4.7,59.92,40.52,8.97,1.61,2.69,8.82
2025-05-31,2025-05,50866,Estrela Servicos ME,Hotel,Interior Sul,Tarcisio Bueno,Oculos Protecao - Fardo 6,EPI,VENDA,1,1.97,13.41,7.71,1.74,0.34,0.52,3.62
2025-05-31,2025-05,50867,Boreal Participacoes EIRELI,Clinica,Litoral,Rogerio Antunes,Copo Descartavel 50ml - Pacote 100,Descartaveis,VENDA,3,0.25,92.03,72.0,14.9,2.45,4.47,2.68
2025-06-02,2025-06,50869,Horizonte Negocios LTDA ME,Mercado,Litoral,Simone Klein,Alvejante 5L,Quimicos,VENDA,1,3.19,61.08,41.64,0.99,2.14,0.99,16.31
2025-06-02,2025-06,50870,Oriente Participacoes LTDA,Clinica,Regiao Metropolitana,Simone Klein,SACO LIXO 60L - CAIXA 24,Descartaveis,VENDA,5,7.34,61.23,50.05,12.19,1.84,3.66,-2.85
2025-06-02,2025-06,50870,Oriente Participacoes LTDA,Clinica,Regiao Metropolitana,Simone Klein,Borrifador 500ml,Acessorios,VENDA,1,2.6,39.45,20.57,7.85,1.19,2.35,9.84
2025-06-03,2025-06,50872,Estrela Servicos ME,Hotel,Interior Sul,Tarcisio Bueno,COPO DESCARTAVEL 200ML - FARDO 6,Descartaveis,VENDA,5,9.06,142.58,118.1,29.33,3.42,8.8,-8.27
2025-06-03,2025-06,50874,Nortao Industria ME,Padaria,Interior Norte,Simone Klein,Copo Descartavel 50ml - Pacote 100,Descartaveis,VENDA,3,3.87,45.9,38.61,5.36,1.48,1.61,0.45
2025-06-03,2025-06,50878,Luminar Participacoes LTDA,Condominio,Litoral,Simone Klein,Bobina Papel Toalha 200m,Papel,VENDA,3,4.2,140.55,105.63,6.1,4.92,6.1,23.9
2025-06-03,2025-06,50880,Uniao Servicos LTDA,Industria,Interior Sul,Tarcisio Bueno,Escova Sanitaria - Caixa 24,Acessorios,VENDA,1,0.93,8.09,4.82,0.7,0.23,0.7,2.34
2025-06-04,2025-06,50885,Luminar Alimentos S/A,Restaurante,Interior Sul,Rogerio Antunes,Mascara Descartavel - Fardo 12,EPI,VENDA,5,4.36,103.19,58.5,18.49,2.71,5.55,23.49
2025-06-05,2025-06,50890,Vitoria Distribuidora LTDA ME,Hotel,Interior Sul,Tarcisio Bueno,Saco Lixo 100L,Descartaveis,VENDA,2,4.58,58.36,53.82,8.98,1.63,8.98,-6.07
2025-06-06,2025-06,50899,Serrano Servicos LTDA ME,Mercado,Interior Norte,Simone Klein,Bobina Papel Toalha 200m,Papel,VENDA,1,3.53,47.17,35.21,7.08,1.65,7.08,3.23
2025-06-06,2025-06,50899,Serrano Servicos LTDA ME,Mercado,Interior Norte,Simone Klein,papel higienico folha dupla 30m - fardo 12,Papel,VENDA,2,3.18,137.28,102.08,20.6,4.8,20.6,9.8
2025-06-06,2025-06,50900,Serrano Servicos LTDA ME,Mercado,Interior Norte,Simone Klein,Marmitex Aluminio 800ml,Descartaveis,VENDA,5,2.5,53.94,43.95,7.48,1.7,2.24,0.81
2025-06-07,2025-06,50906,Trevo Comercio LTDA,Restaurante,Interior Norte,Simone Klein,Embalagem Delivery 750ml - Pacote 100,Descartaveis,DEVOLUCAO,-1,12.46,-9.44,-10.99,2.13,-0.38,0.64,-0.2
2025-06-07,2025-06,50906,Trevo Comercio LTDA,Restaurante,Interior Norte,Simone Klein,Saco Lixo 30L,Descartaveis,VENDA,2,4.21,43.41,35.1,7.45,1.34,2.24,-0.48
2025-06-11,2025-06,50918,Querencia Distribuidora LTDA ME,Padaria,Interior Norte,Rogerio Antunes,Balde 20L - Pacote 100,Acessorios,VENDA,1,2.96,32.81,19.95,2.24,0.98,2.24,9.64
2025-06-11,2025-06,50918,Querencia Distribuidora LTDA ME,Padaria,Interior Norte,Rogerio Antunes,Vassoura Nylon,Acessorios,VENDA,5,2.74,83.15,50.45,5.66,2.49,5.66,24.55
2025-06-11,2025-06,50919,Estrela Servicos ME,Hotel,Interior Sul,Tarcisio Bueno,escova sanitaria,Acessorios,VENDA,2,0.13,88.62,52.36,7.31,2.48,7.31,26.47
2025-06-11,2025-06,50922,Horizonte Distribuidora S/A,Condominio,Regiao Metropolitana,Rogerio Antunes,Balde 20L - Fardo 12,Acessorios,VENDA,3,2.17,91.61,44.31,25.91,2.2,7.77,19.19
2025-06-13,2025-06,50931,Estrela Negocios EIRELI,Padaria,Interior Norte,Rogerio Antunes,Cera Liquida Incolor 5L - Fardo 6,Quimicos,VENDA,10,2.75,349.6,237.3,22.5,10.49,22.5,79.31
2025-06-16,2025-06,50937,BOREAL SERVICOS LTDA ME,Escola,Regiao Metropolitana,Tarcisio Bueno,Copo Descartavel 50ml - Pacote 100,Descartaveis,VENDA,5,4.04,142.13,120.0,16.11,3.66,4.83,2.36
2025-06-16,2025-06,50938,Horizonte Distribuidora S/A,Condominio,Regiao Metropolitana,Rogerio Antunes,Rodo 40cm - Pacote 100,Acessorios,VENDA,5,2.51,230.1,139.25,27.5,6.9,27.5,56.45
2025-06-16,2025-06,50938,Horizonte Distribuidora S/A,Condominio,Regiao Metropolitana,Rogerio Antunes,Saco Lixo 30L,Descartaveis,VENDA,3,7.09,55.59,52.65,6.64,1.67,6.64,-5.37
2025-06-16,2025-06,50941,BOREAL SERVICOS LTDA ME,Escola,Regiao Metropolitana,Tarcisio Bueno,luva plastica descartavel - pacote 100,Descartaveis,VENDA,2,1.57,48.73,38.92,7.44,1.22,2.23,1.15
2025-06-18,2025-06,50960,Boreal Comercio EIRELI,Mercado,Interior Sul,Simone Klein,ALCOOL 70 1L - FARDO 6,Quimicos,VENDA,1,1.56,71.75,41.95,13.12,2.19,3.94,14.49
2025-06-19,2025-06,50961,Luminar Alimentos S/A,Restaurante,Interior Sul,Rogerio Antunes,Luva Plastica Descartavel - Fardo 6,Descartaveis,VENDA,5,10.64,77.45,76.25,4.02,2.32,4.02,-5.14
2025-06-19,2025-06,50962,Querencia Participacoes EIRELI,Mercado,Regiao Metropolitana,Tarcisio Bueno,Avental PVC,EPI,VENDA,5,2.57,175.38,95.55,36.04,4.2,10.81,39.59
2025-06-19,2025-06,50966,Oriente Negocios LTDA ME,Industria,Litoral,Rogerio Antunes,papel toalha rolo 100f - fardo 6,Papel,VENDA,1,4.72,40.77,30.81,4.73,1.22,4.73,4.01
2025-06-20,2025-06,50973,Serrano Servicos LTDA ME,Mercado,Interior Norte,Simone Klein,Copo Descartavel 50ml - Fardo 6,Descartaveis,VENDA,1,7.2,30.43,26.45,3.61,0.98,1.08,-0.61
2025-06-23,2025-06,50979,Querencia Participacoes EIRELI,Mercado,Regiao Metropolitana,Tarcisio Bueno,Avental PVC - Fardo 6,EPI,VENDA,3,1.85,28.17,13.53,9.64,0.6,2.89,4.4
2025-06-25,2025-06,50992,Aurora Industria LTDA ME,Clinica,Interior Sul,Tarcisio Bueno,borrifador 500ml - fardo 6,Acessorios,VENDA,2,2.51,61.86,37.44,7.33,1.73,7.33,15.36
2025-06-27,2025-06,50998,Imperial Servicos S/A,Clinica,Regiao Metropolitana,Rogerio Antunes,Papel Higienico Folha Dupla 30m,Papel,VENDA,3,8.53,73.35,54.21,6.39,2.07,1.92,10.68
2025-06-27,2025-06,50998,Imperial Servicos S/A,Clinica,Regiao Metropolitana,Rogerio Antunes,Limpador Multiuso 5L - Fardo 6,Quimicos,VENDA,10,4.62,399.99,259.9,34.84,11.27,10.45,93.98
2025-06-27,2025-06,50999,Aurora Industria LTDA ME,Clinica,Interior Sul,Tarcisio Bueno,Oculos Protecao - Caixa 24,EPI,VENDA,1,2.12,30.5,17.76,3.51,0.79,1.05,8.44
2025-06-27,2025-06,51000,Querencia Distribuidora LTDA ME,Padaria,Interior Norte,Rogerio Antunes,Alcool 70 1L - Caixa 24,Quimicos,VENDA,5,1.18,301.06,189.5,24.79,8.51,7.43,78.26
2025-06-27,2025-06,51002,Pampa Alimentos ME,Padaria,Regiao Metropolitana,Rogerio Antunes,SACO LIXO 60L,Descartaveis,VENDA,3,15.94,18.63,19.5,3.43,0.56,3.43,-4.86
2025-07-02,2025-07,51026,Pampa Alimentos ME,Padaria,Regiao Metropolitana,Rogerio Antunes,Saco Lixo 100L - Fardo 6,Descartaveis,VENDA,2,15.55,72.46,49.38,35.81,1.42,10.75,-14.15
2025-07-03,2025-07,51029,Querencia Participacoes EIRELI,Mercado,Regiao Metropolitana,Tarcisio Bueno,Prato Descartavel 15cm,Descartaveis,VENDA,2,16.84,77.66,56.02,35.31,1.48,10.59,-15.15
2025-07-03,2025-07,51035,Serrano Servicos LTDA ME,Mercado,Interior Norte,Simone Klein,Saco Lixo 30L,Descartaveis,VENDA,2,5.55,56.72,35.1,27.23,1.32,8.17,-6.93
2025-07-07,2025-07,51040,BOREAL SERVICOS LTDA ME,Escola,Regiao Metropolitana,Tarcisio Bueno,Prato Descartavel 15cm,Descartaveis,VENDA,1,11.2,28.27,28.01,1.53,0.79,1.53,-2.06
2025-07-07,2025-07,51043,BOREAL SERVICOS LTDA ME,Escola,Regiao Metropolitana,Tarcisio Bueno,Borrifador 500ml - Fardo 12,Acessorios,VENDA,2,2.87,57.72,24.42,25.02,1.13,7.5,7.15
2025-07-09,2025-07,51050,Querencia Participacoes EIRELI,Mercado,Regiao Metropolitana,Tarcisio Bueno,Embalagem Delivery 750ml - Fardo 6,Descartaveis,VENDA,3,6.04,55.15,46.77,7.43,1.4,2.23,-0.45
2025-07-10,2025-07,51053,Uniao Servicos LTDA,Industria,Interior Sul,Tarcisio Bueno,Papel Higienico Rolao 300m - Fardo 12,Papel,VENDA,3,12.4,259.15,187.02,45.18,6.37,13.55,20.58
2025-07-10,2025-07,51054,Serrano Servicos LTDA ME,Mercado,Interior Norte,Simone Klein,Papel Higienico Rolao 300m - Fardo 12,Papel,VENDA,3,4.05,211.25,133.86,46.95,6.24,14.08,24.2
2025-07-12,2025-07,51061,Aurora Distribuidora LTDA,Escola,Regiao Metropolitana,Rogerio Antunes,DETERGENTE NEUTRO 5L - PACOTE 100,Quimicos,VENDA,2,7.4,32.55,21.92,2.55,0.92,0.76,7.16
2025-07-12,2025-07,51061,Aurora Distribuidora LTDA,Escola,Regiao Metropolitana,Rogerio Antunes,DESINFETANTE LAVANDA 5L - FARDO 6,Quimicos,VENDA,5,5.03,210.29,138.15,16.49,5.96,4.95,49.69
2025-07-14,2025-07,51062,Uniao Comercio EIRELI,Escola,Interior Sul,Rogerio Antunes,Vassoura Nylon,Acessorios,VENDA,2,3.3,33.08,20.18,2.92,0.99,2.92,8.99
2025-07-14,2025-07,51068,Nortao Industria ME,Padaria,Interior Norte,Simone Klein,Saco Lixo 100L - Fardo 6,Descartaveis,VENDA,1,9.2,25.48,24.69,1.22,0.89,1.22,-1.32
2025-07-14,2025-07,51068,Nortao Industria ME,Padaria,Interior Norte,Simone Klein,Papel Higienico Folha Dupla 30m - Fardo 12,Papel,VENDA,5,7.97,118.1,92.4,5.65,4.13,5.65,15.92
2025-07-15,2025-07,51071,Horizonte Negocios LTDA ME,Mercado,Litoral,Simone Klein,Talher Descartavel Misto - Pacote 100,Descartaveis,VENDA,5,3.34,165.56,131.55,30.08,5.06,9.02,-1.13
2025-07-21,2025-07,51103,Zenite Industria LTDA,Mercado,Litoral,Simone Klein,Alvejante 5L,Quimicos,VENDA,1,1.92,78.41,41.64,23.62,2.17,7.09,10.98
2025-07-21,2025-07,51109,Alvorada Distribuidora ME,Mercado,Interior Sul,Simone Klein,Papel Toalha Interfolha 1000f - Caixa 24,Papel,VENDA,10,1.08,471.4,343.1,60.87,16.5,60.87,50.93
2025-07-23,2025-07,51119,Imperial Servicos EIRELI,Condominio,Interior Norte,Rogerio Antunes,SACO LIXO 60L - CAIXA 24,Descartaveis,VENDA,2,4.54,21.72,20.02,0.45,0.65,0.45,0.6
2025-07-24,2025-07,51127,BOREAL SERVICOS LTDA ME,Escola,Regiao Metropolitana,Tarcisio Bueno,BOBINA PAPEL TOALHA 200M - PACOTE 100,Papel,VENDA,2,2.52,74.99,43.7,22.59,1.66,6.78,7.04
2025-07-24,2025-07,51127,BOREAL SERVICOS LTDA ME,Escola,Regiao Metropolitana,Tarcisio Bueno,Talher Descartavel Misto - Caixa 24,Descartaveis,VENDA,1,3.77,43.41,31.33,13.08,0.96,3.93,-1.96
2025-07-28,2025-07,51143,Aurora Alimentos S/A,Escola,Litoral,Simone Klein,PRATO DESCARTAVEL 15CM - PACOTE 100,Descartaveis,VENDA,3,1.39,130.99,99.12,28.43,3.89,8.53,-0.45
2025-07-30,2025-07,51154,Zenite Industria LTDA,Mercado,Litoral,Simone Klein,Alvejante 5L - Caixa 24,Quimicos,VENDA,2,0.45,137.93,75.6,34.17,3.99,10.26,24.17
2025-07-30,2025-07,51158,Guarani Participacoes LTDA ME,Condominio,Litoral,Rogerio Antunes,Copo Descartavel 50ml,Descartaveis,VENDA,5,12.58,161.7,162.75,4.34,4.85,4.34,-10.24
2025-07-31,2025-07,51167,UNIAO ALIMENTOS EIRELI,Industria,Litoral,Simone Klein,Luva Latex - Fardo 12,EPI,VENDA,2,0.12,26.4,12.24,9.54,0.69,2.86,3.93
2025-08-01,2025-08,51171,TREVO ALIMENTOS S/A,Mercado,Interior Norte,Rogerio Antunes,Alvejante 5L - Fardo 6,Quimicos,VENDA,5,3.72,115.15,78.95,18.4,3.45,18.4,14.35
2025-08-04,2025-08,51176,Trevo Comercio ME,Clinica,Regiao Metropolitana,Tarcisio Bueno,Marmitex Aluminio 800ml,Descartaveis,VENDA,20,8.55,225.4,175.8,60.86,5.12,18.26,-16.38
2025-08-06,2025-08,51189,Nortao Industria ME,Padaria,Interior Norte,Simone Klein,Cera Liquida Incolor 5L - Fardo 6,Quimicos,VENDA,1,5.3,50.53,35.22,4.19,1.77,4.19,9.35
2025-08-06,2025-08,51189,Nortao Industria ME,Padaria,Interior Norte,Simone Klein,Cera Liquida Incolor 5L - Fardo 6,Quimicos,VENDA,1,0.24,55.05,36.42,4.56,1.93,4.56,12.14
2025-08-06,2025-08,51191,Luminar Alimentos S/A,Restaurante,Interior Sul,Rogerio Antunes,Copo Descartavel 50ml - Fardo 6,Descartaveis,VENDA,1,12.75,26.23,26.45,0.66,0.79,0.66,-1.67
2025-08-08,2025-08,51196,Querencia Participacoes EIRELI,Mercado,Regiao Metropolitana,Tarcisio Bueno,Sabao Liquido 5L,Quimicos,VENDA,20,0.81,1012.4,673.6,47.08,28.35,47.08,263.37
2025-08-08,2025-08,51198,Serrano Servicos LTDA ME,Mercado,Interior Norte,Simone Klein,BORRIFADOR 500ML - FARDO 12,Acessorios,VENDA,2,2.03,102.63,57.44,10.36,3.34,3.11,31.49
2025-08-08,2025-08,51201,Pampa Alimentos ME,Padaria,Regiao Metropolitana,Rogerio Antunes,DETERGENTE NEUTRO 5L - PACOTE 100,Quimicos,VENDA,3,7.32,50.77,32.88,6.58,1.39,1.98,9.92
2025-08-13,2025-08,51213,BANDEIRANTE NEGOCIOS S/A,Condominio,Interior Sul,Simone Klein,Alcool 70 1L - Caixa 24,Quimicos,VENDA,10,2.1,585.24,379.0,33.06,19.67,9.92,153.51
2025-08-13,2025-08,51214,Nortao Alimentos S/A,Escola,Interior Norte,Simone Klein,Copo Descartavel 200ml - Pacote 100,Descartaveis,VENDA,3,9.27,104.43,86.7,21.47,3.13,6.44,-6.87
2025-08-14,2025-08,51218,Serrano Servicos LTDA ME,Mercado,Interior Norte,Simone Klein,papel toalha rolo 100f,Papel,VENDA,1,1.9,50.37,36.97,2.55,1.76,2.55,9.09
2025-08-14,2025-08,51218,Serrano Servicos LTDA ME,Mercado,Interior Norte,Simone Klein,escova sanitaria,Acessorios,VENDA,1,2.37,43.32,26.18,2.19,1.52,2.19,13.43
2025-08-19,2025-08,51247,Horizonte Negocios EIRELI,Escola,Litoral,Simone Klein,Escova Sanitaria - Caixa 24,Acessorios,VENDA,1,5.58,8.97,4.82,1.8,0.27,0.54,2.08
2025-09-01,2025-09,51309,Horizonte Negocios LTDA ME,Mercado,Litoral,Simone Klein,SACO LIXO 60L - CAIXA 24,Descartaveis,VENDA,2,9.5,20.6,20.02,1.14,0.72,1.14,-1.28
2025-09-01,2025-09,51309,Horizonte Negocios LTDA ME,Mercado,Litoral,Simone Klein,Papel Toalha Rolo 100f - Fardo 6,Papel,VENDA,5,5.15,428.0,324.9,23.67,14.98,23.67,64.45
2025-09-01,2025-09,51311,Vitoria Distribuidora LTDA ME,Hotel,Interior Sul,Tarcisio Bueno,Copo Descartavel 200ml,Descartaveis,VENDA,2,4.71,64.66,59.72,11.61,1.81,11.61,-8.48
2025-09-01,2025-09,51312,Vitoria Distribuidora LTDA ME,Hotel,Interior Sul,Tarcisio Bueno,Alvejante 5L - Fardo 12,Quimicos,VENDA,1,3.0,36.2,21.58,6.41,0.89,1.93,7.32
2025-09-02,2025-09,51321,Serrano Servicos LTDA ME,Mercado,Interior Norte,Simone Klein,Desinfetante Lavanda 5L - Pacote 100,Quimicos,VENDA,3,0.93,192.83,112.38,34.48,5.9,10.34,40.07
2025-09-02,2025-09,51322,Pampa Alimentos ME,Padaria,Regiao Metropolitana,Rogerio Antunes,papel higienico rolao 300m - fardo 6,Papel,VENDA,1,2.81,91.32,61.36,12.13,2.48,3.64,15.35
2025-09-02,2025-09,51323,Uniao Negocios LTDA,Hotel,Interior Norte,Rogerio Antunes,Guardanapo 24x24 - Caixa 24,Papel,VENDA,2,1.59,166.06,97.8,46.25,4.01,13.87,18.0
2025-09-05,2025-09,51349,Oriente Alimentos ME,Padaria,Interior Norte,Tarcisio Bueno,Alvejante 5L - Fardo 12,Quimicos,VENDA,1,0.73,29.78,17.01,5.99,0.72,1.79,6.06
2025-09-08,2025-09,51355,Serrano Servicos LTDA ME,Mercado,Interior Norte,Simone Klein,Bobina Papel Toalha 200m - Caixa 24,Papel,VENDA,3,0.04,222.7,148.14,24.36,7.2,7.31,43.0
2025-09-09,2025-09,51363,Oriente Negocios LTDA ME,Industria,Litoral,Rogerio Antunes,Guardanapo 24x24 - Caixa 24,Papel,VENDA,1,1.53,73.7,45.97,15.47,1.89,4.64,10.37
2025-09-09,2025-09,51365,Vitoria Comercio LTDA,Industria,Interior Sul,Simone Klein,ALCOOL 70 1L - FARDO 6,Quimicos,VENDA,5,1.94,333.92,209.75,31.82,10.91,9.55,81.44
2025-09-11,2025-09,51376,TREVO ALIMENTOS S/A,Mercado,Interior Norte,Rogerio Antunes,Copo Descartavel 50ml,Descartaveis,VENDA,3,8.71,114.65,97.65,19.06,3.04,5.72,-5.1
2025-09-11,2025-09,51376,TREVO ALIMENTOS S/A,Mercado,Interior Norte,Rogerio Antunes,Copo Descartavel 200ml,Descartaveis,VENDA,10,3.05,372.33,298.6,61.91,9.87,18.58,1.95
2025-09-12,2025-09,51382,Oriente Participacoes LTDA,Clinica,Regiao Metropolitana,Simone Klein,Alvejante 5L - Fardo 12,Quimicos,VENDA,10,4.69,245.6,170.1,20.54,8.6,20.54,46.36
2025-09-15,2025-09,51392,Uniao Negocios LTDA,Hotel,Interior Norte,Rogerio Antunes,Papel Higienico Folha Dupla 30m,Papel,VENDA,1,2.21,30.63,18.07,8.69,0.74,2.61,3.13
2025-09-16,2025-09,51394,Trevo Empreendimentos LTDA,Padaria,Interior Norte,Rogerio Antunes,Cera Liquida Incolor 5L - Fardo 6,Quimicos,VENDA,2,1.77,125.97,70.44,30.18,3.15,9.05,22.2
2025-09-16,2025-09,51401,Bandeirante Comercio ME,Condominio,Litoral,Rogerio Antunes,Removedor 1L - Fardo 6,Quimicos,VENDA,50,1.21,743.5,496.5,50.26,22.31,50.26,174.44
2025-09-16,2025-09,51402,Trevo Empreendimentos LTDA,Padaria,Interior Norte,Rogerio Antunes,Saco Lixo 30L - Fardo 6,Descartaveis,VENDA,2,14.07,58.37,50.98,12.28,1.49,3.69,-6.38
2025-09-17,2025-09,51405,Estrela Servicos LTDA,Escola,Litoral,Tarcisio Bueno,removedor 1l,Quimicos,VENDA,10,0.55,582.9,386.8,43.21,16.32,43.21,136.57
2025-09-17,2025-09,51412,Horizonte Distribuidora S/A,Condominio,Regiao Metropolitana,Rogerio Antunes,Luva Plastica Descartavel - Pacote 100,Descartaveis,VENDA,10,9.45,198.1,169.4,34.0,5.23,10.2,-10.53
2025-09-22,2025-09,51424,Serrano Servicos LTDA ME,Mercado,Interior Norte,Simone Klein,Guardanapo 24x24 - Caixa 24,Papel,VENDA,3,2.49,186.78,137.91,12.53,6.54,12.53,29.8
2025-09-22,2025-09,51424,Serrano Servicos LTDA ME,Mercado,Interior Norte,Simone Klein,Alcool 70 1L,Quimicos,VENDA,10,0.57,602.7,400.1,40.43,21.09,40.43,141.08
2025-09-25,2025-09,51439,Serrano Servicos LTDA ME,Mercado,Interior Norte,Simone Klein,removedor 1l - pacote 100,Quimicos,VENDA,3,1.71,96.33,53.1,24.64,2.77,7.39,15.82
2025-09-26,2025-09,51447,Nortao Alimentos S/A,Escola,Interior Norte,Simone Klein,saco lixo 30l - fardo 6,Descartaveis,VENDA,1,7.58,13.57,12.92,1.35,0.47,1.35,-1.17
2025-09-26,2025-09,51448,Trevo Comercio LTDA,Restaurante,Interior Norte,Simone Klein,Alvejante 5L - Caixa 24,Quimicos,VENDA,2,3.94,110.02,75.6,4.46,3.85,4.46,26.11
2025-09-27,2025-09,51451,BOREAL SERVICOS LTDA ME,Escola,Regiao Metropolitana,Tarcisio Bueno,Balde 20L - Pacote 100,Acessorios,VENDA,20,5.41,617.0,384.8,47.82,17.28,47.82,167.1
2025-09-29,2025-09,51453,BOREAL SERVICOS LTDA ME,Escola,Regiao Metropolitana,Tarcisio Bueno,Sabao Liquido 5L,Quimicos,VENDA,20,2.53,994.8,673.6,41.01,27.85,41.01,252.34
2025-09-29,2025-09,51457,XAVANTE EMPREENDIMENTOS LTDA ME,Mercado,Interior Norte,Simone Klein,sabao liquido 5l - pacote 100,Quimicos,VENDA,2,2.42,67.72,45.8,1.75,2.37,1.75,17.8
2025-09-29,2025-09,51458,Boreal Negocios ME,Padaria,Interior Norte,Rogerio Antunes,Prato Descartavel 15cm - Caixa 24,Descartaveis,VENDA,5,6.37,184.64,154.15,29.49,4.92,8.85,-3.92
2025-09-29,2025-09,51460,Oriente Negocios ME,Restaurante,Interior Sul,Rogerio Antunes,Alvejante 5L - Fardo 12,Quimicos,VENDA,3,0.17,87.95,51.03,15.37,2.32,4.61,19.23
2025-10-01,2025-10,51471,Imperial Empreendimentos EIRELI,Padaria,Litoral,Rogerio Antunes,papel toalha rolo 100f - fardo 6,Papel,VENDA,2,3.08,106.51,61.62,33.67,2.49,10.1,8.73
2025-10-01,2025-10,51471,Imperial Empreendimentos EIRELI,Padaria,Litoral,Rogerio Antunes,Esponja Dupla Face - Caixa 24,Acessorios,VENDA,3,0.16,112.57,51.81,35.58,2.63,10.67,22.55
2025-10-01,2025-10,51472,missoes empreendimentos me,Clinica,Regiao Metropolitana,Rogerio Antunes,Papel Higienico Folha Dupla 30m - Fardo 12,Papel,VENDA,3,0.4,244.56,151.38,50.23,6.28,15.07,36.67
2025-10-03,2025-10,51484,Luminar Alimentos S/A,Restaurante,Interior Sul,Rogerio Antunes,Papel Toalha Rolo 100f - Pacote 100,Papel,VENDA,3,7.14,237.07,164.67,35.25,6.37,10.58,30.78
2025-10-03,2025-10,51484,Luminar Alimentos S/A,Restaurante,Interior Sul,Rogerio Antunes,Marmitex Aluminio 800ml - Pacote 100,Descartaveis,VENDA,2,9.56,63.62,55.46,9.46,1.71,2.84,-3.01
2025-10-07,2025-10,51504,UNIAO ALIMENTOS EIRELI,Industria,Litoral,Simone Klein,Copo Descartavel 200ml - Fardo 12,Descartaveis,VENDA,2,9.38,66.36,35.02,43.29,1.26,12.99,-13.21
2025-10-08,2025-10,51508,Oriente Participacoes LTDA,Clinica,Regiao Metropolitana,Simone Klein,Limpador Multiuso 5L - Fardo 6,Quimicos,DEVOLUCAO,-10,0.81,-509.6,-339.1,49.3,-17.84,49.3,-201.96
2025-10-08,2025-10,51509,Guarani Servicos S/A,Restaurante,Regiao Metropolitana,Simone Klein,Bobina Papel Toalha 200m,Papel,VENDA,20,0.73,970.8,704.2,41.4,33.98,41.4,191.22
2025-10-09,2025-10,51517,Querencia Participacoes EIRELI,Mercado,Regiao Metropolitana,Tarcisio Bueno,Desinfetante Lavanda 5L - Fardo 6,Quimicos,VENDA,3,0.51,150.08,92.37,15.5,3.9,4.65,38.31
2025-10-13,2025-10,51532,Boreal Industria LTDA,Hotel,Litoral,Tarcisio Bueno,Esponja Dupla Face - Fardo 6,Acessorios,VENDA,2,2.44,65.18,39.42,8.22,1.83,8.22,15.71
2025-10-13,2025-10,51532,Boreal Industria LTDA,Hotel,Litoral,Tarcisio Bueno,Guardanapo 24x24,Papel,VENDA,10,5.75,574.3,438.7,72.46,16.08,72.46,47.06
2025-10-14,2025-10,51537,Horizonte Distribuidora S/A,Condominio,Regiao Metropolitana,Rogerio Antunes,removedor 1l - pacote 100,Quimicos,VENDA,5,1.61,147.09,88.5,21.63,3.96,6.49,33.0
2025-10-14,2025-10,51539,Horizonte Negocios LTDA ME,Mercado,Litoral,Simone Klein,saco lixo 100l - fardo 12,Descartaveis,VENDA,5,2.1,164.25,147.6,37.07,5.75,37.07,-26.17
2025-10-14,2025-10,51541,Aurora Industria LTDA,Clinica,Regiao Metropolitana,Tarcisio Bueno,Detergente Neutro 5L - Caixa 24,Quimicos,VENDA,2,3.59,109.42,63.48,23.85,2.6,7.15,19.49
2025-10-15,2025-10,51545,BOREAL SERVICOS LTDA ME,Escola,Regiao Metropolitana,Tarcisio Bueno,Papel Higienico Folha Dupla 30m - Fardo 12,Papel,VENDA,1,2.82,31.7,18.48,9.64,0.7,2.89,2.88
2025-10-17,2025-10,51563,Querencia Participacoes EIRELI,Mercado,Regiao Metropolitana,Tarcisio Bueno,Detergente Neutro 5L - Pacote 100,Quimicos,VENDA,2,2.29,65.79,29.52,31.56,1.22,9.47,3.49
2025-10-20,2025-10,51566,Imperial Servicos S/A,Clinica,Regiao Metropolitana,Rogerio Antunes,Cera Liquida Incolor 5L,Quimicos,VENDA,1,4.99,67.85,34.68,25.59,1.5,7.67,6.08
2025-10-21,2025-10,51570,Imperial Servicos S/A,Clinica,Regiao Metropolitana,Rogerio Antunes,Papel Higienico Rolao 300m - Fardo 12,Papel,VENDA,3,2.53,293.3,199.59,33.02,8.11,9.9,52.58
2025-10-23,2025-10,51583,Aurora Distribuidora LTDA,Escola,Regiao Metropolitana,Rogerio Antunes,Talher Descartavel Misto - Pacote 100,Descartaveis,VENDA,2,3.03,71.61,52.62,19.47,1.74,5.84,-2.22
2025-10-23,2025-10,51583,Aurora Distribuidora LTDA,Escola,Regiao Metropolitana,Rogerio Antunes,Prato Descartavel 15cm - Caixa 24,Descartaveis,VENDA,1,14.63,23.21,19.37,6.31,0.56,1.89,-3.03
2025-10-24,2025-10,51593,BOREAL SERVICOS LTDA ME,Escola,Regiao Metropolitana,Tarcisio Bueno,COPO DESCARTAVEL 200ML - FARDO 6,Descartaveis,VENDA,1,0.12,33.21,23.62,9.14,0.75,2.74,-0.3
2025-10-24,2025-10,51595,Estrela Servicos LTDA,Escola,Litoral,Tarcisio Bueno,Balde 20L - Caixa 24,Acessorios,VENDA,2,2.24,30.21,16.32,4.53,0.76,1.36,8.6
2025-10-27,2025-10,51606,Imperial Servicos EIRELI,Condominio,Interior Norte,Rogerio Antunes,Rodo 40cm,Acessorios,VENDA,2,2.04,45.34,27.3,2.76,1.36,2.76,13.92
2025-10-27,2025-10,51606,Imperial Servicos EIRELI,Condominio,Interior Norte,Rogerio Antunes,Saco Lixo 30L - Fardo 6,Descartaveis,VENDA,1,5.24,27.45,25.49,1.67,0.82,1.67,-0.53
2025-10-29,2025-10,51622,Horizonte Distribuidora S/A,Condominio,Regiao Metropolitana,Rogerio Antunes,papel higienico folha dupla 30m - fardo 12,Papel,VENDA,10,3.42,684.7,510.4,40.52,20.54,40.52,113.24
2025-10-29,2025-10,51625,Rio Claro Servicos EIRELI,Mercado,Interior Norte,Tarcisio Bueno,Papel Toalha Interfolha 1000f - Caixa 24,Papel,VENDA,2,0.85,107.35,68.62,18.39,2.65,5.52,17.69
2025-10-30,2025-10,51628,Trevo Alimentos EIRELI,Condominio,Interior Norte,Simone Klein,Marmitex Aluminio 800ml - Caixa 24,Descartaveis,VENDA,1,1.47,38.46,34.35,5.47,1.35,5.47,-2.71
2025-10-30,2025-10,51629,TREVO ALIMENTOS S/A,Mercado,Interior Norte,Rogerio Antunes,Guardanapo 24x24 - Fardo 12,Papel,VENDA,50,11.76,3044.5,2484.0,47.94,91.34,47.94,421.23
2025-10-31,2025-10,51634,Central Negocios ME,Mercado,Interior Sul,Tarcisio Bueno,Papel Higienico Rolao 300m - Fardo 12,Papel,VENDA,1,0.82,105.91,66.53,20.39,2.57,6.12,16.42
2025-10-31,2025-10,51635,Horizonte Distribuidora S/A,Condominio,Regiao Metropolitana,Rogerio Antunes,Papel Higienico Folha Dupla 30m - Fardo 12,Papel,DEVOLUCAO,-2,3.64,-116.03,-100.92,27.19,-4.05,8.16,-38.25
2025-10-31,2025-10,51636,Luminar Alimentos S/A,Restaurante,Interior Sul,Rogerio Antunes,papel higienico folha dupla 30m - fardo 12,Papel,VENDA,2,2.28,165.67,102.08,38.76,4.16,11.63,20.67
2025-11-01,2025-11,51641,Trevo Empreendimentos LTDA,Padaria,Interior Norte,Rogerio Antunes,LUVA PLASTICA DESCARTAVEL,Descartaveis,VENDA,1,12.76,48.16,32.22,23.17,0.96,6.95,-8.19
2025-11-07,2025-11,51665,Uniao Negocios LTDA,Hotel,Interior Norte,Rogerio Antunes,saco lixo 100l - fardo 12,Descartaveis,VENDA,1,9.34,30.42,29.52,1.32,0.91,1.32,-1.33
2025-11-10,2025-11,51667,Pampa Alimentos ME,Padaria,Regiao Metropolitana,Rogerio Antunes,MOP UMIDO - CAIXA 24,Acessorios,VENDA,3,0.55,176.48,84.54,48.54,4.27,14.56,39.13
2025-11-10,2025-11,51671,Missoes Participacoes LTDA ME,Restaurante,Litoral,Tarcisio Bueno,Alvejante 5L - Fardo 12,Quimicos,VENDA,1,0.93,42.48,21.58,14.4,0.91,4.32,5.59
2025-11-11,2025-11,51680,Horizonte Industria S/A,Escola,Interior Norte,Rogerio Antunes,Copo Descartavel 50ml,Descartaveis,VENDA,1,2.36,45.39,32.55,13.24,1.08,3.97,-1.48
2025-11-11,2025-11,51681,Estrela Negocios S/A,Padaria,Litoral,Tarcisio Bueno,papel higienico folha dupla 30m - fardo 12,Papel,VENDA,5,4.51,362.47,255.2,34.32,9.48,10.3,63.47
2025-11-14,2025-11,51701,Vitoria Distribuidora LTDA ME,Hotel,Interior Sul,Tarcisio Bueno,Avental PVC - Pacote 100,EPI,VENDA,3,0.88,72.15,45.12,7.73,2.02,7.73,17.28
2025-11-14,2025-11,51701,Vitoria Distribuidora LTDA ME,Hotel,Interior Sul,Tarcisio Bueno,Limpador Multiuso 5L - Fardo 6,Quimicos,VENDA,10,0.21,512.7,339.1,54.91,14.36,54.91,104.33
2025-11-17,2025-11,51710,UNIAO ALIMENTOS LTDA ME,Restaurante,Litoral,Simone Klein,Limpa Vidros 500ml - Fardo 12,Quimicos,VENDA,2,0.94,118.82,66.48,27.21,3.49,8.17,21.64
2025-11-17,2025-11,51712,Aurora Alimentos S/A,Escola,Litoral,Simone Klein,BORRIFADOR 500ML - FARDO 12,Acessorios,VENDA,5,0.89,272.99,143.6,45.34,8.44,13.6,75.61
2025-11-18,2025-11,51718,Boreal Comercio EIRELI,Mercado,Interior Sul,Simone Klein,Alvejante 5L - Fardo 6,Quimicos,VENDA,5,1.45,117.85,78.95,8.48,4.12,8.48,26.3
2025-11-18,2025-11,51718,Boreal Comercio EIRELI,Mercado,Interior Sul,Simone Klein,Copo Descartavel 50ml - Pacote 100,Descartaveis,VENDA,1,3.89,14.05,12.87,1.01,0.49,1.01,-0.32
2025-11-19,2025-11,51719,Zenite Servicos EIRELI,Industria,Interior Sul,Tarcisio Bueno,Saco Lixo 100L - Fardo 6,Descartaveis,VENDA,1,6.17,31.77,24.69,7.77,0.74,2.33,-1.43
2025-11-19,2025-11,51724,BOREAL SERVICOS LTDA ME,Escola,Regiao Metropolitana,Tarcisio Bueno,Sabao Liquido 5L,Quimicos,VENDA,5,0.43,279.14,168.4,35.85,7.11,10.76,67.78
2025-11-20,2025-11,51727,Vitoria Distribuidora LTDA ME,Hotel,Interior Sul,Tarcisio Bueno,LUVA PLASTICA DESCARTAVEL,Descartaveis,VENDA,2,9.26,73.32,64.44,9.83,1.86,2.95,-2.81
2025-11-21,2025-11,51739,Vitoria Distribuidora LTDA ME,Hotel,Interior Sul,Tarcisio Bueno,Marmitex Aluminio 800ml - Pacote 100,Descartaveis,VENDA,5,6.17,147.85,138.65,16.52,4.14,16.52,-11.46
2025-11-22,2025-11,51741,Oriente Negocios LTDA ME,Industria,Litoral,Rogerio Antunes,Desengordurante 5L,Quimicos,VENDA,2,1.14,101.64,67.86,3.65,3.05,3.65,27.08
2025-11-24,2025-11,51743,Trevo Empreendimentos LTDA,Padaria,Interior Norte,Rogerio Antunes,Bobina Papel Toalha 200m - Caixa 24,Papel,VENDA,10,0.01,685.7,493.8,36.27,20.57,36.27,135.06
2025-11-24,2025-11,51747,Central Negocios LTDA ME,Clinica,Interior Sul,Simone Klein,BOBINA PAPEL TOALHA 200M - PACOTE 100,Papel,VENDA,5,3.91,169.66,109.25,34.09,5.1,10.23,21.22
2025-11-27,2025-11,51767,Vitoria Comercio LTDA,Industria,Interior Sul,Simone Klein,Vassoura Nylon,Acessorios,VENDA,2,2.16,39.47,20.18,8.59,1.17,2.58,9.53
2025-12-01,2025-12,51786,Alvorada Distribuidora ME,Mercado,Interior Sul,Simone Klein,Papel Higienico Rolao 300m - Fardo 12,Papel,VENDA,2,0.88,201.85,133.06,26.66,6.41,7.99,35.72
2025-12-02,2025-12,51798,Xavante Servicos EIRELI,Padaria,Litoral,Rogerio Antunes,Copo Descartavel 200ml,Descartaveis,VENDA,1,3.88,38.8,29.86,8.84,0.98,2.65,-0.88
2025-12-03,2025-12,51804,BOREAL SERVICOS LTDA ME,Escola,Regiao Metropolitana,Tarcisio Bueno,Talher Descartavel Misto - Caixa 24,Descartaveis,VENDA,1,13.28,63.12,31.33,46.06,0.86,13.81,-15.13
2025-12-03,2025-12,51805,Imperial Servicos S/A,Clinica,Regiao Metropolitana,Rogerio Antunes,Marmitex Aluminio 800ml,Descartaveis,VENDA,3,1.7,29.46,26.37,3.08,0.88,3.08,-0.87
2025-12-04,2025-12,51811,Boreal Comercio EIRELI,Mercado,Interior Sul,Simone Klein,Desinfetante Lavanda 5L - Fardo 6,Quimicos,VENDA,5,3.58,224.9,153.95,22.1,7.87,22.1,40.98
2025-12-04,2025-12,51814,BOREAL SERVICOS LTDA ME,Escola,Regiao Metropolitana,Tarcisio Bueno,Cera Liquida Incolor 5L - Fardo 6,Quimicos,VENDA,2,4.13,89.31,43.96,36.38,1.79,10.91,7.18
2025-12-06,2025-12,51829,BOREAL SERVICOS LTDA ME,Escola,Regiao Metropolitana,Tarcisio Bueno,papel higienico folha dupla 30m - fardo 12,Papel,VENDA,1,7.41,65.64,51.04,4.7,1.84,4.7,8.06
2025-12-08,2025-12,51839,Vitoria Distribuidora LTDA ME,Hotel,Interior Sul,Tarcisio Bueno,Papel Toalha Rolo 100f - Pacote 100,Papel,VENDA,3,2.43,245.03,164.67,31.23,6.25,9.37,42.88
2025-12-09,2025-12,51845,Guarani Servicos LTDA ME,Escola,Litoral,Tarcisio Bueno,Cera Liquida Incolor 5L - Fardo 6,Quimicos,VENDA,2,2.44,124.34,72.84,23.83,3.01,7.15,24.66
2025-12-09,2025-12,51847,Serrano Servicos LTDA ME,Mercado,Interior Norte,Simone Klein,SABAO LIQUIDO 5L - FARDO 6,Quimicos,VENDA,20,6.24,795.8,560.2,40.06,27.85,40.06,167.69
2025-12-09,2025-12,51848,Serrano Servicos LTDA ME,Mercado,Interior Norte,Simone Klein,OCULOS PROTECAO - FARDO 6,EPI,VENDA,2,1.97,14.1,8.92,2.04,0.49,2.04,2.65
2025-12-11,2025-12,51862,Nortao Alimentos S/A,Escola,Interior Norte,Simone Klein,Papel Toalha Rolo 100f - Caixa 24,Papel,VENDA,5,0.35,243.8,176.15,11.93,8.53,11.93,47.19
2025-12-12,2025-12,51867,Nortao Alimentos S/A,Escola,Interior Norte,Simone Klein,Alvejante 5L - Caixa 24,Quimicos,VENDA,2,1.28,130.81,75.6,25.33,3.96,7.6,25.92
2025-12-12,2025-12,51868,Luminar Alimentos S/A,Restaurante,Interior Sul,Rogerio Antunes,Pano Multiuso - Fardo 6,Acessorios,VENDA,2,0.22,14.2,8.4,1.49,0.43,1.49,3.88
2025-12-12,2025-12,51868,Luminar Alimentos S/A,Restaurante,Interior Sul,Rogerio Antunes,Papel Toalha Rolo 100f - Caixa 24,Papel,VENDA,5,1.51,240.95,176.15,25.36,7.23,25.36,32.21
2025-12-12,2025-12,51873,Central Negocios LTDA ME,Clinica,Interior Sul,Simone Klein,Mascara Descartavel,EPI,VENDA,2,0.72,55.75,19.08,35.99,1.07,10.8,-0.39
2025-12-12,2025-12,51875,Querencia Participacoes EIRELI,Mercado,Regiao Metropolitana,Tarcisio Bueno,Alvejante 5L - Fardo 12,Quimicos,VENDA,2,5.92,48.48,34.02,0.8,1.36,0.8,12.3
2025-12-13,2025-12,51878,Luminar Participacoes LTDA,Condominio,Litoral,Simone Klein,Avental PVC - Pacote 100,EPI,VENDA,2,3.59,46.78,30.08,2.26,1.64,2.26,12.8
2025-12-13,2025-12,51878,Luminar Participacoes LTDA,Condominio,Litoral,Simone Klein,Alcool 70 1L - Caixa 24,Quimicos,DEVOLUCAO,-20,10.26,-338.4,-249.0,16.32,-11.84,16.32,-93.88
2025-12-13,2025-12,51880,Oriente Participacoes LTDA,Clinica,Regiao Metropolitana,Simone Klein,papel higienico folha dupla 30m - fardo 12,Papel,VENDA,1,1.1,95.57,51.04,36.37,2.45,10.91,5.71
2025-12-16,2025-12,51891,Aurora Distribuidora LTDA,Escola,Regiao Metropolitana,Rogerio Antunes,Desinfetante Lavanda 5L - Fardo 6,Quimicos,VENDA,20,8.95,849.4,615.8,40.1,25.48,40.1,168.02
2025-12-16,2025-12,51896,Xavante Servicos EIRELI,Padaria,Litoral,Rogerio Antunes,Sabao Liquido 5L - Fardo 12,Quimicos,VENDA,1,2.92,18.04,10.41,3.9,0.46,1.17,3.27
2025-12-16,2025-12,51898,Imperial Servicos S/A,Clinica,Regiao Metropolitana,Rogerio Antunes,COPO DESCARTAVEL 200ML - FARDO 6,Descartaveis,VENDA,2,5.45,50.76,47.24,2.68,1.52,2.68,-0.68
2025-12-17,2025-12,51905,Querencia Participacoes EIRELI,Mercado,Regiao Metropolitana,Tarcisio Bueno,PAPEL HIGIENICO ROLAO 300M,Papel,VENDA,2,8.31,31.94,25.08,2.82,0.89,2.82,3.15
2025-12-19,2025-12,51911,Uniao Servicos S/A,Condominio,Litoral,Rogerio Antunes,Desengordurante 5L - Pacote 100,Quimicos,VENDA,10,0.2,187.0,123.7,24.52,5.61,24.52,33.17
2025-12-19,2025-12,51911,Uniao Servicos S/A,Condominio,Litoral,Rogerio Antunes,Bobina Papel Toalha 200m - Caixa 24,Papel,VENDA,3,4.98,195.48,148.14,25.63,5.86,25.63,15.85
2025-12-19,2025-12,51914,Luminar Alimentos S/A,Restaurante,Interior Sul,Rogerio Antunes,Detergente Neutro 5L,Quimicos,VENDA,1,0.88,64.68,33.21,21.14,1.5,6.34,8.83
2025-12-20,2025-12,51920,Xavante Servicos EIRELI,Padaria,Litoral,Rogerio Antunes,saco lixo 100l - fardo 12,Descartaveis,VENDA,1,3.29,47.44,29.52,21.42,0.97,6.43,-4.47
2025-12-22,2025-12,51923,Nortao Industria LTDA,Industria,Interior Sul,Rogerio Antunes,Papel Higienico Folha Dupla 30m - Fardo 12,Papel,VENDA,1,3.91,81.27,50.46,19.9,2.02,5.97,8.89
2025-12-22,2025-12,51929,Uniao Servicos LTDA,Industria,Interior Sul,Tarcisio Bueno,Copo Descartavel 50ml - Pacote 100,Descartaveis,VENDA,3,15.19,37.2,38.61,2.09,1.04,2.09,-4.54
2025-12-22,2025-12,51929,Uniao Servicos LTDA,Industria,Interior Sul,Tarcisio Bueno,Alvejante 5L - Fardo 12,Quimicos,VENDA,10,9.9,294.6,215.8,16.58,8.25,16.58,53.97
2025-12-24,2025-12,51947,Zenite Participacoes ME,Padaria,Interior Norte,Simone Klein,Prato Descartavel 15cm - Caixa 24,Descartaveis,VENDA,2,1.63,68.92,61.66,4.31,2.41,4.31,0.54
2025-12-24,2025-12,51950,Querencia Empreendimentos LTDA,Clinica,Interior Sul,Simone Klein,Luva Plastica Descartavel - Fardo 12,Descartaveis,VENDA,1,4.29,70.57,36.25,44.5,1.38,13.35,-11.56
2025-12-24,2025-12,51954,Querencia Participacoes EIRELI,Mercado,Regiao Metropolitana,Tarcisio Bueno,Detergente Neutro 5L - Pacote 100,Quimicos,VENDA,2,6.8,48.4,29.52,9.6,1.17,2.88,8.11
2025-12-25,2025-12,51955,Serrano Servicos LTDA ME,Mercado,Interior Norte,Simone Klein,Prato Descartavel 15cm - Caixa 24,Descartaveis,VENDA,1,6.29,40.73,30.83,11.28,1.15,3.38,-2.53
2025-12-25,2025-12,51962,Horizonte Negocios LTDA ME,Mercado,Litoral,Simone Klein,Alvejante 5L - Fardo 12,Quimicos,VENDA,20,5.63,486.4,340.2,47.86,17.02,47.86,81.32
2025-12-29,2025-12,51988,Estrela Servicos LTDA,Escola,Litoral,Tarcisio Bueno,Luva Plastica Descartavel - Fardo 6,Descartaveis,VENDA,5,4.67,110.46,76.25,39.8,2.31,11.94,-7.9
2025-12-31,2025-12,51999,Trevo Empreendimentos LTDA,Padaria,Interior Norte,Rogerio Antunes,Removedor 1L - Fardo 6,Quimicos,VENDA,3,5.52,42.66,29.79,3.67,1.28,3.67,7.92
2025-12-31,2025-12,51999,Trevo Empreendimentos LTDA,Padaria,Interior Norte,Rogerio Antunes,Talher Descartavel Misto - Caixa 24,Descartaveis,VENDA,1,12.28,31.23,31.33,2.69,0.94,2.69,-3.73
2025-12-31,2025-12,52001,Boreal Participacoes EIRELI,Clinica,Litoral,Rogerio Antunes,Luva Plastica Descartavel - Fardo 6,Descartaveis,VENDA,1,2.12,19.43,15.25,3.53,0.51,1.06,0.14
2025-12-31,2025-12,52001,Boreal Participacoes EIRELI,Clinica,Litoral,Rogerio Antunes,Alcool 70 1L - Caixa 24,Quimicos,VENDA,1,5.17,20.48,12.45,3.72,0.54,1.12,3.77
2025-12-31,2025-12,52003,Horizonte Distribuidora S/A,Condominio,Regiao Metropolitana,Rogerio Antunes,Luva Latex - Fardo 6,EPI,VENDA,1,2.47,20.05,11.95,1.8,0.56,0.54,5.74
2025-01-01,2025-01,50001,BOREAL SERVICOS LTDA ME,Escola,Regiao Metropolitana,Tarcisio Bueno,Copo Descartavel 50ml - Pacote 100,Descartaveis,VENDA,10,9.3,247.3,240.0,14.76,6.92,14.76,-14.38
2025-01-02,2025-01,50014,Luminar Alimentos S/A,Restaurante,Interior Sul,Rogerio Antunes,Alvejante 5L - Fardo 12,Quimicos,VENDA,3,3.5,105.1,64.74,14.89,2.84,4.47,22.63
2025-01-06,2025-01,50023,Imperial Servicos EIRELI,Condominio,Interior Norte,Rogerio Antunes,Papel Higienico Folha Dupla 30m - Fardo 12,Papel,VENDA,1,2.54,77.51,50.46,13.15,2.05,3.94,11.85
2025-01-06,2025-01,50027,Estrela Industria EIRELI,Clinica,Interior Norte,Rogerio Antunes,Cera Liquida Incolor 5L - Fardo 6,Quimicos,VENDA,10,3.28,533.7,364.2,30.01,16.01,30.01,123.48
2025-01-06,2025-01,50027,Estrela Industria EIRELI,Clinica,Interior Norte,Rogerio Antunes,Alcool 70 1L,Quimicos,VENDA,10,0.25,604.7,400.1,34.0,18.14,34.0,152.46
2025-01-06,2025-01,50028,Zenite Participacoes ME,Padaria,Interior Norte,Simone Klein,Sabao Liquido 5L,Quimicos,VENDA,2,0.41,101.64,67.36,8.36,3.56,8.36,22.36
2025-01-08,2025-01,50040,Xavante Servicos EIRELI,Padaria,Litoral,Rogerio Antunes,Limpa Vidros 500ml - Fardo 12,Quimicos,VENDA,5,0.15,280.31,166.2,41.31,7.54,12.4,65.26
2025-01-09,2025-01,50042,Imperial Servicos S/A,Clinica,Regiao Metropolitana,Rogerio Antunes,Desinfetante Lavanda 5L,Quimicos,VENDA,3,6.28,99.87,60.63,19.67,2.58,5.9,16.99
2025-01-10,2025-01,50051,Aurora Industria LTDA,Clinica,Regiao Metropolitana,Tarcisio Bueno,Sabao Liquido 5L,Quimicos,DEVOLUCAO,-1,1.15,-41.97,-33.68,12.1,-1.41,3.63,-18.98
2025-01-10,2025-01,50054,Trevo Comercio LTDA,Restaurante,Interior Norte,Simone Klein,saco lixo 30l - fardo 6,Descartaveis,VENDA,1,3.31,14.19,12.92,1.0,0.5,1.0,-0.23
2025-01-13,2025-01,50058,Horizonte Distribuidora S/A,Condominio,Regiao Metropolitana,Rogerio Antunes,Desengordurante 5L - Pacote 100,Quimicos,VENDA,3,3.29,85.47,37.11,44.44,1.63,13.33,2.29
2025-01-14,2025-01,50067,Nortao Empreendimentos LTDA ME,Padaria,Interior Sul,Tarcisio Bueno,Bobina Papel Toalha 200m,Papel,VENDA,3,0.0,173.63,105.63,38.47,4.11,11.54,25.42
2025-01-14,2025-01,50069,Querencia Empreendimentos LTDA,Clinica,Interior Sul,Simone Klein,Removedor 1L - Fardo 6,Quimicos,VENDA,2,6.05,28.28,19.86,1.98,0.99,1.98,5.45
2025-01-18,2025-01,50091,BOREAL SERVICOS LTDA ME,Escola,Regiao Metropolitana,Tarcisio Bueno,Talher Descartavel Misto - Fardo 6,Descartaveis,VENDA,2,13.03,93.07,72.58,30.47,2.01,9.14,-11.99
2025-01-21,2025-01,50100,Aurora Distribuidora LTDA ME,Clinica,Litoral,Simone Klein,Prato Descartavel 15cm - Caixa 24,Descartaveis,VENDA,1,5.69,20.76,19.37,1.13,0.73,1.13,-0.47
2025-01-21,2025-01,50101,Oriente Negocios ME,Restaurante,Interior Sul,Rogerio Antunes,Papel Toalha Interfolha 1000f - Pacote 100,Papel,VENDA,3,7.66,254.21,173.19,45.84,6.66,13.75,28.52
2025-01-21,2025-01,50104,Horizonte Distribuidora S/A,Condominio,Regiao Metropolitana,Rogerio Antunes,Bobina Papel Toalha 200m,Papel,VENDA,20,4.3,936.0,704.2,67.56,28.08,67.56,136.16
2025-01-21,2025-01,50106,Serrano Servicos LTDA ME,Mercado,Interior Norte,Simone Klein,Papel Toalha Rolo 100f - Pacote 100,Papel,VENDA,5,2.68,371.0,274.45,15.73,12.99,15.73,67.84
2025-01-23,2025-01,50117,Horizonte Industria S/A,Escola,Interior Norte,Rogerio Antunes,Papel Toalha Interfolha 1000f - Caixa 24,Papel,VENDA,2,2.57,114.02,68.62,30.23,2.79,9.07,12.38
2025-01-28,2025-01,50144,Nortao Empreendimentos LTDA ME,Padaria,Interior Sul,Tarcisio Bueno,Papel Toalha Rolo 100f - Fardo 6,Papel,VENDA,1,4.9,96.07,64.98,14.63,2.4,4.39,14.06
2025-01-30,2025-01,50153,Querencia Distribuidora LTDA ME,Padaria,Interior Norte,Rogerio Antunes,Luva Plastica Descartavel - Fardo 6,Descartaveis,VENDA,3,7.13,66.41,45.75,25.91,1.45,7.77,-6.7
2025-01-30,2025-01,50154,TREVO ALIMENTOS S/A,Mercado,Interior Norte,Rogerio Antunes,Embalagem Delivery 750ml,Descartaveis,VENDA,10,3.63,295.82,240.2,46.74,7.89,14.02,0.99
2025-01-30,2025-01,50159,Luminar Alimentos S/A,Restaurante,Interior Sul,Rogerio Antunes,OCULOS PROTECAO - FARDO 6,EPI,VENDA,2,3.79,15.67,8.92,2.62,0.42,0.79,3.71
2025-02-04,2025-02,50185,Serrano Servicos LTDA ME,Mercado,Interior Norte,Simone Klein,Luva Latex - Caixa 24,EPI,VENDA,2,0.23,12.6,7.82,0.51,0.44,0.51,3.83
2025-02-04,2025-02,50186,Serrano Servicos LTDA ME,Mercado,Interior Norte,Simone Klein,Papel Toalha Rolo 100f - Caixa 24,Papel,VENDA,2,0.53,112.28,70.46,21.34,3.41,6.4,17.07
2025-02-04,2025-02,50189,Jangada Comercio ME,Padaria,Regiao Metropolitana,Simone Klein,Alcool 70 1L - Caixa 24,Quimicos,VENDA,2,2.63,44.96,24.9,11.78,1.29,3.54,6.99
2025-02-04,2025-02,50190,Vitoria Distribuidora LTDA ME,Hotel,Interior Sul,Tarcisio Bueno,Esponja Dupla Face - Caixa 24,Acessorios,VENDA,5,3.6,164.25,86.35,33.07,3.95,9.92,40.88
2025-02-05,2025-02,50196,Estrela Industria EIRELI,Clinica,Interior Norte,Rogerio Antunes,Desengordurante 5L - Pacote 100,Quimicos,VENDA,2,0.95,61.11,24.74,34.27,1.11,10.28,0.99
2025-02-08,2025-02,50210,Rio Claro Servicos EIRELI,Mercado,Interior Norte,Tarcisio Bueno,Limpador Multiuso 5L - Fardo 6,Quimicos,VENDA,5,4.16,268.49,169.55,31.85,6.89,9.56,60.2
2025-02-10,2025-02,50217,Querencia Participacoes EIRELI,Mercado,Regiao Metropolitana,Tarcisio Bueno,Embalagem Delivery 750ml - Fardo 6,Descartaveis,VENDA,1,2.32,51.85,15.59,49.34,0.48,14.8,-13.56
2025-02-13,2025-02,50230,Estrela Comercio S/A,Restaurante,Interior Sul,Rogerio Antunes,ESCOVA SANITARIA - CAIXA 24,Acessorios,VENDA,10,3.77,319.93,176.1,46.76,8.62,14.03,88.45
2025-02-14,2025-02,50239,Querencia Empreendimentos LTDA,Clinica,Interior Sul,Simone Klein,Prato Descartavel 15cm - Caixa 24,Descartaveis,VENDA,3,7.91,126.19,92.49,42.01,3.39,12.6,-11.7
2025-02-19,2025-02,50259,BOREAL SERVICOS LTDA ME,Escola,Regiao Metropolitana,Tarcisio Bueno,Copo Descartavel 50ml,Descartaveis,VENDA,1,9.37,42.59,32.55,12.95,0.94,3.88,-3.85
2025-02-20,2025-02,50272,Boreal Participacoes EIRELI,Clinica,Litoral,Rogerio Antunes,Alcool 70 1L - Caixa 24,Quimicos,VENDA,10,7.09,533.5,379.0,38.76,16.01,38.76,99.74
2025-02-21,2025-02,50284,Vitoria Distribuidora LTDA ME,Hotel,Interior Sul,Tarcisio Bueno,Avental PVC,EPI,VENDA,3,2.6,97.18,57.33,10.17,2.52,3.05,27.16
2025-02-21,2025-02,50285,Xavante Industria EIRELI,Escola,Regiao Metropolitana,Tarcisio Bueno,Removedor 1L - Fardo 6,Quimicos,VENDA,3,2.56,55.29,29.79,16.16,1.23,4.85,8.11
2025-02-22,2025-02,50288,BOREAL SERVICOS LTDA ME,Escola,Regiao Metropolitana,Tarcisio Bueno,papel higienico rolao 300m - fardo 6,Papel,VENDA,2,4.95,176.69,122.72,20.98,4.54,6.29,28.45
2025-02-25,2025-02,50300,Imperial Distribuidora LTDA,Industria,Litoral,Tarcisio Bueno,Papel Toalha Rolo 100f - Caixa 24,Papel,VENDA,3,4.69,139.92,105.69,5.93,3.92,5.93,24.38
2025-02-28,2025-02,50317,Aurora Distribuidora LTDA,Escola,Regiao Metropolitana,Rogerio Antunes,Prato Descartavel 15cm - Caixa 24,Descartaveis,VENDA,2,10.35,44.86,38.74,7.72,1.18,2.32,-2.78
2025-02-28,2025-02,50317,Aurora Distribuidora LTDA,Escola,Regiao Metropolitana,Rogerio Antunes,Luva Plastica Descartavel - Fardo 12,Descartaveis,DEVOLUCAO,-3,10.95,-94.97,-108.75,21.53,-3.3,6.46,-4.45
2025-03-01,2025-03,50325,Zenite Empreendimentos ME,Hotel,Litoral,Tarcisio Bueno,papel higienico folha dupla 30m - fardo 12,Papel,VENDA,2,3.88,160.88,102.08,35.15,3.82,10.55,19.83
2025-03-03,2025-03,50331,Imperial Servicos S/A,Clinica,Regiao Metropolitana,Rogerio Antunes,Bobina Papel Toalha 200m,Papel,VENDA,1,5.46,57.28,35.21,15.78,1.39,4.73,4.9
2025-03-04,2025-03,50335,Uniao Servicos LTDA,Industria,Interior Sul,Tarcisio Bueno,COPO DESCARTAVEL 200ML - FARDO 6,Descartaveis,VENDA,2,0.63,59.58,47.24,8.92,1.49,2.68,1.93
2025-03-04,2025-03,50336,Uniao Negocios LTDA,Hotel,Interior Norte,Rogerio Antunes,Prato Descartavel 15cm - Caixa 24,Descartaveis,VENDA,1,6.93,30.78,19.37,14.71,0.61,4.41,-3.91
2025-03-05,2025-03,50344,Luminar Participacoes LTDA,Condominio,Litoral,Simone Klein,BORRIFADOR 500ML - FARDO 12,Acessorios,VENDA,3,1.52,106.57,52.53,26.97,3.07,8.09,24.0
2025-03-05,2025-03,50347,Nortao Alimentos S/A,Escola,Interior Norte,Simone Klein,Cera Liquida Incolor 5L - Fardo 6,Quimicos,DEVOLUCAO,-50,6.28,-2585.5,-1821.0,50.08,-90.49,50.08,-724.09
2025-03-05,2025-03,50350,BOREAL SERVICOS LTDA ME,Escola,Regiao Metropolitana,Tarcisio Bueno,sabao liquido 5l - pacote 100,Quimicos,VENDA,3,2.82,116.96,68.7,22.57,2.83,6.77,22.86
2025-03-05,2025-03,50350,BOREAL SERVICOS LTDA ME,Escola,Regiao Metropolitana,Tarcisio Bueno,Alcool 70 1L - Caixa 24,Quimicos,VENDA,2,3.4,42.13,24.9,8.13,1.02,2.44,8.08
2025-03-05,2025-03,50353,Serrano Servicos LTDA ME,Mercado,Interior Norte,Simone Klein,Balde 20L - Pacote 100,Acessorios,VENDA,1,2.98,31.64,19.24,4.13,1.11,4.13,7.16
2025-03-06,2025-03,50363,Oriente Participacoes LTDA,Clinica,Regiao Metropolitana,Simone Klein,Luva Plastica Descartavel - Fardo 6,Descartaveis,VENDA,3,5.41,54.94,45.75,8.24,1.72,2.47,-0.77
2025-03-06,2025-03,50363,Oriente Participacoes LTDA,Clinica,Regiao Metropolitana,Simone Klein,Embalagem Delivery 750ml - Fardo 6,Descartaveis,VENDA,3,6.02,55.81,46.77,8.37,1.75,2.51,-1.08
2025-03-07,2025-03,50372,Boreal Participacoes EIRELI,Clinica,Litoral,Rogerio Antunes,Guardanapo 24x24 - Caixa 24,Papel,VENDA,2,5.72,139.78,97.8,16.75,3.84,5.03,21.39
2025-03-07,2025-03,50374,Imperial Servicos S/A,Clinica,Regiao Metropolitana,Rogerio Antunes,Embalagem Delivery 750ml - Pacote 100,Descartaveis,VENDA,50,22.87,517.77,549.5,51.81,14.45,15.54,-97.98
2025-03-10,2025-03,50388,Trevo Empreendimentos LTDA,Padaria,Interior Norte,Rogerio Antunes,Guardanapo 24x24 - Caixa 24,Papel,VENDA,5,1.43,365.92,244.5,44.52,10.04,13.35,66.86
2025-03-10,2025-03,50388,Trevo Empreendimentos LTDA,Padaria,Interior Norte,Rogerio Antunes,Limpa Vidros 500ml,Quimicos,VENDA,1,9.61,27.22,18.18,3.31,0.75,0.99,4.98
2025-03-10,2025-03,50389,Aurora Distribuidora LTDA ME,Clinica,Litoral,Simone Klein,Limpa Vidros 500ml - Fardo 12,Quimicos,VENDA,2,2.93,110.56,66.48,18.29,3.42,5.49,22.37
2025-03-10,2025-03,50389,Aurora Distribuidora LTDA ME,Clinica,Litoral,Simone Klein,removedor 1l,Quimicos,VENDA,5,2.33,323.68,193.4,53.54,10.02,16.06,66.72
2025-03-11,2025-03,50393,Pampa Alimentos ME,Padaria,Regiao Metropolitana,Rogerio Antunes,Bobina Papel Toalha 200m - Caixa 24,Papel,VENDA,1,0.72,96.98,49.38,41.26,2.04,12.37,4.3
2025-03-11,2025-03,50398,Oriente Negocios LTDA ME,Industria,Litoral,Rogerio Antunes,Marmitex Aluminio 800ml - Pacote 100,Descartaveis,VENDA,5,5.65,148.65,138.65,5.38,4.46,5.38,0.16
2025-03-12,2025-03,50407,Estrela Servicos LTDA,Escola,Litoral,Tarcisio Bueno,Luva Plastica Descartavel - Fardo 12,Descartaveis,VENDA,3,9.79,127.88,108.75,23.43,3.12,7.03,-7.42
2025-03-12,2025-03,50409,Vitoria Distribuidora LTDA ME,Hotel,Interior Sul,Tarcisio Bueno,Prato Descartavel 15cm,Descartaveis,VENDA,1,9.92,34.39,28.01,8.17,0.8,2.45,-2.59
2025-03-12,2025-03,50409,Vitoria Distribuidora LTDA ME,Hotel,Interior Sul,Tarcisio Bueno,Marmitex Aluminio 800ml,Descartaveis,VENDA,20,6.77,223.36,175.8,53.09,5.21,15.93,-10.74
2025-03-12,2025-03,50412,Uniao Servicos LTDA,Industria,Interior Sul,Tarcisio Bueno,Alvejante 5L - Fardo 6,Quimicos,VENDA,2,7.91,44.06,31.58,4.09,1.23,4.09,7.16
2025-03-13,2025-03,50419,Uniao Servicos S/A,Condominio,Litoral,Rogerio Antunes,limpador multiuso 5l - pacote 100,Quimicos,VENDA,2,4.51,44.02,23.58,14.17,1.02,4.25,5.25
2025-03-13,2025-03,50422,Boreal Negocios ME,Padaria,Interior Norte,Rogerio Antunes,Cera Liquida Incolor 5L - Fardo 6,Quimicos,VENDA,1,3.52,41.2,23.73,9.32,1.04,2.8,7.11
2025-03-14,2025-03,50427,Imperial Servicos S/A,Clinica,Regiao Metropolitana,Rogerio Antunes,saco lixo 30l - fardo 6,Descartaveis,VENDA,1,11.91,16.1,12.92,4.53,0.39,1.36,-1.74
2025-03-14,2025-03,50435,BOREAL SERVICOS LTDA ME,Escola,Regiao Metropolitana,Tarcisio Bueno,Guardanapo 24x24 - Fardo 12,Papel,VENDA,2,6.78,141.2,99.36,17.94,3.6,5.38,20.3
2025-03-18,2025-03,50455,Pampa Alimentos ME,Padaria,Regiao Metropolitana,Rogerio Antunes,Papel Toalha Interfolha 1000f,Papel,VENDA,1,3.63,28.01,20.92,2.33,0.84,2.33,3.92
2025-03-18,2025-03,50460,Boreal Industria LTDA,Hotel,Litoral,Tarcisio Bueno,Limpa Vidros 500ml - Caixa 24,Quimicos,VENDA,3,1.45,129.69,75.54,24.13,3.16,7.24,26.86
2025-03-19,2025-03,50465,Luminar Alimentos S/A,Restaurante,Interior Sul,Rogerio Antunes,papel higienico rolao 300m - fardo 6,Papel,VENDA,2,8.97,155.16,122.72,20.98,4.65,20.98,6.81
2025-03-19,2025-03,50466,Boreal Industria LTDA,Hotel,Litoral,Tarcisio Bueno,Papel Toalha Rolo 100f - Fardo 6,Papel,VENDA,5,0.47,449.15,324.9,19.38,12.58,19.38,92.29
2025-03-19,2025-03,50466,Boreal Industria LTDA,Hotel,Litoral,Tarcisio Bueno,Talher Descartavel Misto - Fardo 6,Descartaveis,VENDA,3,2.87,120.18,108.87,5.19,3.37,5.19,2.75
2025-03-20,2025-03,50478,Imperial Servicos S/A,Clinica,Regiao Metropolitana,Rogerio Antunes,Mascara Descartavel,EPI,VENDA,2,0.5,43.34,19.08,18.17,0.92,5.45,5.17
2025-03-21,2025-03,50485,BOREAL SERVICOS LTDA ME,Escola,Regiao Metropolitana,Tarcisio Bueno,COPO DESCARTAVEL 200ML - FARDO 6,Descartaveis,VENDA,1,12.33,27.9,23.62,6.24,0.66,1.87,-2.62
2025-03-21,2025-03,50489,Nortao Alimentos S/A,Escola,Interior Norte,Simone Klein,Alcool 70 1L - Caixa 24,Quimicos,VENDA,2,3.76,127.98,75.8,24.94,3.87,7.48,23.37
2025-03-21,2025-03,50491,Vitoria Distribuidora LTDA ME,Hotel,Interior Sul,Tarcisio Bueno,Guardanapo 24x24 - Caixa 24,Papel,VENDA,1,2.92,76.54,48.9,15.15,1.85,4.55,10.64
2025-03-25,2025-03,50505,Luminar Alimentos S/A,Restaurante,Interior Sul,Rogerio Antunes,Papel Higienico Folha Dupla 30m - Fardo 12,Papel,VENDA,1,0.59,25.52,18.48,0.84,0.77,0.84,5.43
2025-03-25,2025-03,50505,Luminar Alimentos S/A,Restaurante,Interior Sul,Rogerio Antunes,Papel Toalha Interfolha 1000f - Caixa 24,Papel,VENDA,1,7.58,64.24,50.05,2.11,1.93,2.11,10.15
2025-03-25,2025-03,50508,Jangada Comercio ME,Padaria,Regiao Metropolitana,Simone Klein,Copo Descartavel 50ml - Pacote 100,Descartaveis,VENDA,3,5.23,51.04,38.61,13.51,1.46,4.05,-2.54
2025-03-25,2025-03,50509,Nortao Industria ME,Padaria,Interior Norte,Simone Klein,Embalagem Delivery 750ml - Fardo 6,Descartaveis,VENDA,3,15.65,55.8,46.77,15.64,1.57,4.69,-8.18
2025-03-26,2025-03,50512,BOREAL SERVICOS LTDA ME,Escola,Regiao Metropolitana,Tarcisio Bueno,Papel Toalha Interfolha 1000f,Papel,VENDA,1,6.44,39.72,20.92,17.89,0.76,5.36,0.15
2025-03-26,2025-03,50514,BOREAL SERVICOS LTDA ME,Escola,Regiao Metropolitana,Tarcisio Bueno,Papel Toalha Rolo 100f - Pacote 100,Papel,VENDA,20,7.04,1417.4,1097.8,82.3,39.69,82.3,197.61
2025-03-26,2025-03,50520,UNIAO ALIMENTOS EIRELI,Industria,Litoral,Simone Klein,Guardanapo 24x24 - Caixa 24,Papel,VENDA,1,3.05,69.96,45.97,11.51,2.17,3.45,10.31
2025-03-27,2025-03,50528,Imperial Servicos EIRELI,Condominio,Interior Norte,Rogerio Antunes,removedor 1l,Quimicos,VENDA,2,3.76,118.41,77.36,7.98,3.38,2.39,29.69
2025-03-27,2025-03,50531,Vitoria Distribuidora LTDA ME,Hotel,Interior Sul,Tarcisio Bueno,papel toalha rolo 100f,Papel,VENDA,5,4.41,245.45,184.85,22.74,6.87,22.74,30.99
2025-04-01,2025-04,50558,TREVO ALIMENTOS S/A,Mercado,Interior Norte,Rogerio Antunes,Papel Toalha Rolo 100f - Fardo 6,Papel,VENDA,1,1.98,88.46,64.98,7.89,2.65,7.89,12.94
2025-04-03,2025-04,50567,Serrano Servicos LTDA ME,Mercado,Interior Norte,Simone Klein,papel higienico folha dupla 30m - fardo 12,Papel,VENDA,10,1.27,699.9,510.4,56.83,24.5,56.83,108.17
2025-04-03,2025-04,50569,Rio Claro Servicos S/A,Industria,Interior Norte,Rogerio Antunes,Talher Descartavel Misto - Fardo 6,Descartaveis,VENDA,2,6.84,98.07,72.58,30.33,2.31,9.1,-7.15
2025-04-04,2025-04,50575,Querencia Participacoes EIRELI,Mercado,Regiao Metropolitana,Tarcisio Bueno,Papel Toalha Interfolha 1000f - Pacote 100,Papel,VENDA,1,6.81,85.07,57.73,14.79,2.09,4.44,10.46
2025-04-07,2025-04,50585,Querencia Participacoes EIRELI,Mercado,Regiao Metropolitana,Tarcisio Bueno,Marmitex Aluminio 800ml - Pacote 100,Descartaveis,VENDA,5,10.61,140.85,138.65,11.94,3.94,11.94,-13.68
2025-04-08,2025-04,50592,Horizonte Distribuidora S/A,Condominio,Regiao Metropolitana,Rogerio Antunes,Papel Toalha Rolo 100f - Pacote 100,Papel,VENDA,1,1.49,84.49,54.89,13.42,2.25,4.03,13.93
2025-04-08,2025-04,50592,Horizonte Distribuidora S/A,Condominio,Regiao Metropolitana,Rogerio Antunes,Sabao Liquido 5L - Fardo 12,Quimicos,VENDA,3,1.34,52.52,31.23,8.34,1.4,2.5,11.55
2025-04-08,2025-04,50596,horizonte distribuidora me,Condominio,Regiao Metropolitana,Rogerio Antunes,SABAO LIQUIDO 5L - FARDO 6,Quimicos,VENDA,2,0.59,97.05,56.02,18.1,2.53,5.43,20.4
2025-04-09,2025-04,50601,Xavante Negocios ME,Hotel,Regiao Metropolitana,Simone Klein,pano multiuso - caixa 24,Acessorios,VENDA,10,0.67,259.6,154.2,16.64,9.09,16.64,79.67
2025-04-10,2025-04,50608,Serrano Servicos LTDA ME,Mercado,Interior Norte,Simone Klein,Rodo 40cm - Pacote 100,Acessorios,VENDA,3,2.66,75.0,37.38,19.03,2.16,5.71,16.43
2025-04-10,2025-04,50609,Imperial Servicos S/A,Clinica,Regiao Metropolitana,Rogerio Antunes,Papel Toalha Rolo 100f - Caixa 24,Papel,VENDA,5,3.58,235.9,176.15,42.17,7.08,42.17,10.5
2025-04-10,2025-04,50609,Imperial Servicos S/A,Clinica,Regiao Metropolitana,Rogerio Antunes,Saco Lixo 30L,Descartaveis,VENDA,5,13.92,85.8,87.75,15.34,2.57,15.34,-19.86
2025-04-10,2025-04,50610,Pampa Alimentos ME,Padaria,Regiao Metropolitana,Rogerio Antunes,SACO LIXO 60L - CAIXA 24,Descartaveis,VENDA,2,8.52,20.82,20.02,0.92,0.62,0.92,-0.74
2025-04-16,2025-04,50631,Jangada Comercio ME,Padaria,Regiao Metropolitana,Simone Klein,Saco Lixo 100L - Pacote 100,Descartaveis,VENDA,10,7.5,182.46,159.2,21.65,5.86,6.49,-4.25
2025-04-16,2025-04,50631,Jangada Comercio ME,Padaria,Regiao Metropolitana,Simone Klein,Esponja Dupla Face - Caixa 24,Acessorios,VENDA,5,0.57,158.68,86.35,18.83,5.09,5.65,48.41
2025-04-16,2025-04,50637,Vitoria Distribuidora LTDA ME,Hotel,Interior Sul,Tarcisio Bueno,Desinfetante Lavanda 5L,Quimicos,VENDA,1,1.32,34.2,20.21,5.69,0.85,1.71,7.45
2025-04-17,2025-04,50640,Aurora Negocios EIRELI,Hotel,Regiao Metropolitana,Rogerio Antunes,Papel Toalha Interfolha 1000f - Pacote 100,Papel,VENDA,5,0.57,398.6,288.65,17.63,11.96,17.63,80.36
2025-04-17,2025-04,50645,Trevo Alimentos EIRELI,Condominio,Interior Norte,Simone Klein,papel higienico rolao 300m - fardo 6,Papel,VENDA,2,7.67,181.95,122.72,35.13,5.51,10.54,18.59
2025-04-18,2025-04,50648,Boreal Industria LTDA,Hotel,Litoral,Tarcisio Bueno,Saco Lixo 60L - Fardo 6,Descartaveis,VENDA,2,5.22,22.38,16.78,6.17,0.51,1.85,-1.08
2025-04-18,2025-04,50650,TREVO ALIMENTOS S/A,Mercado,Interior Norte,Rogerio Antunes,Desinfetante Lavanda 5L - Pacote 100,Quimicos,VENDA,1,0.47,80.56,37.46,34.39,1.69,10.32,7.02
2025-04-21,2025-04,50657,Uniao Servicos S/A,Condominio,Litoral,Rogerio Antunes,Balde 20L - Fardo 12,Acessorios,VENDA,1,3.34,30.71,14.77,9.32,0.73,2.8,5.89
2025-04-22,2025-04,50664,Boreal Comercio EIRELI,Mercado,Interior Sul,Simone Klein,Escova Sanitaria - Caixa 24,Acessorios,VENDA,3,2.67,23.85,14.46,2.65,0.83,2.65,5.91
2025-04-26,2025-04,50686,Boreal Negocios ME,Padaria,Interior Norte,Rogerio Antunes,limpador multiuso 5l - pacote 100,Quimicos,VENDA,1,2.07,20.5,11.79,4.31,0.52,1.3,3.88
2025-04-28,2025-04,50687,Trevo Empreendimentos LTDA,Padaria,Interior Norte,Rogerio Antunes,Embalagem Delivery 750ml - Fardo 6,Descartaveis,VENDA,2,5.87,45.38,31.18,17.17,1.0,5.15,-3.97
2025-04-29,2025-04,50690,Uniao Participacoes LTDA,Condominio,Litoral,Rogerio Antunes,Alvejante 5L - Fardo 6,Quimicos,VENDA,2,0.88,57.58,31.58,14.52,1.42,4.36,10.06
2025-04-30,2025-04,50701,Horizonte Distribuidora S/A,Condominio,Regiao Metropolitana,Rogerio Antunes,Papel Higienico Rolao 300m - Fardo 12,Papel,VENDA,20,7.11,1151.2,892.4,31.28,34.54,31.28,192.98
2025-05-01,2025-05,50706,XAVANTE EMPREENDIMENTOS LTDA ME,Mercado,Interior Norte,Simone Klein,Alcool 70 1L - Caixa 24,Quimicos,VENDA,2,3.83,97.4,54.44,25.83,2.78,7.75,14.35
2025-05-01,2025-05,50708,Xavante Industria EIRELI,Escola,Regiao Metropolitana,Tarcisio Bueno,Papel Toalha Rolo 100f - Fardo 6,Papel,VENDA,3,0.18,298.44,194.94,40.24,7.57,12.07,55.69
2025-05-01,2025-05,50708,Xavante Industria EIRELI,Escola,Regiao Metropolitana,Tarcisio Bueno,Mascara Descartavel,EPI,VENDA,10,1.82,166.85,95.4,22.5,4.23,6.75,44.72
2025-05-01,2025-05,50711,Uniao Servicos LTDA,Industria,Interior Sul,Tarcisio Bueno,Saco Lixo 30L - Fardo 6,Descartaveis,VENDA,2,8.06,59.61,50.98,9.04,1.49,2.71,-1.9
2025-05-03,2025-05,50717,Aurora Industria LTDA ME,Clinica,Interior Sul,Tarcisio Bueno,Copo Descartavel 200ml - Fardo 12,Descartaveis,VENDA,2,3.83,68.62,62.8,5.8,1.92,5.8,-1.9
2025-05-03,2025-05,50717,Aurora Industria LTDA ME,Clinica,Interior Sul,Tarcisio Bueno,Guardanapo 24x24,Papel,VENDA,10,5.4,576.4,438.7,48.73,16.14,48.73,72.83
2025-05-05,2025-05,50718,Imperial Distribuidora LTDA,Industria,Litoral,Tarcisio Bueno,borrifador 500ml - fardo 6,Acessorios,VENDA,2,3.36,84.76,37.44,33.48,1.72,10.04,12.12
2025-05-05,2025-05,50725,BOREAL SERVICOS LTDA ME,Escola,Regiao Metropolitana,Tarcisio Bueno,Papel Higienico Rolao 300m - Fardo 12,Papel,VENDA,1,8.01,87.94,62.34,11.86,2.23,3.56,11.51
2025-05-06,2025-05,50730,BOREAL SERVICOS LTDA ME,Escola,Regiao Metropolitana,Tarcisio Bueno,papel toalha rolo 100f,Papel,VENDA,10,6.87,478.2,369.7,41.51,13.39,41.51,53.6
2025-05-06,2025-05,50733,Horizonte Distribuidora S/A,Condominio,Regiao Metropolitana,Rogerio Antunes,Embalagem Delivery 750ml,Descartaveis,VENDA,5,9.44,153.25,120.1,42.36,3.71,12.71,-12.92
2025-05-06,2025-05,50734,Vitoria Distribuidora LTDA ME,Hotel,Interior Sul,Tarcisio Bueno,Copo Descartavel 50ml - Fardo 6,Descartaveis,VENDA,3,9.38,81.72,79.35,7.67,2.29,7.67,-7.59
2025-05-06,2025-05,50734,Vitoria Distribuidora LTDA ME,Hotel,Interior Sul,Tarcisio Bueno,Copo Descartavel 200ml - Pacote 100,Descartaveis,VENDA,2,9.27,59.6,57.8,5.59,1.67,5.59,-5.46
2025-05-06,2025-05,50735,Horizonte Negocios LTDA ME,Mercado,Litoral,Simone Klein,Papel Toalha Interfolha 1000f - Caixa 24,Papel,VENDA,2,2.87,109.55,68.62,24.27,3.24,7.28,13.42
2025-05-06,2025-05,50735,Horizonte Negocios LTDA ME,Mercado,Litoral,Simone Klein,Luva Latex - Fardo 12,EPI,VENDA,5,2.29,57.05,30.6,12.64,1.69,3.79,12.12
2025-05-07,2025-05,50737,Horizonte Industria S/A,Escola,Interior Norte,Rogerio Antunes,Luva Plastica Descartavel - Pacote 100,Descartaveis,VENDA,2,2.52,45.18,33.88,10.94,1.13,3.28,-0.77
2025-05-13,2025-05,50773,Trevo Empreendimentos LTDA,Padaria,Interior Norte,Rogerio Antunes,Oculos Protecao,EPI,VENDA,1,4.94,35.79,23.34,3.16,1.07,3.16,8.22
2025-05-13,2025-05,50773,Trevo Empreendimentos LTDA,Padaria,Interior Norte,Rogerio Antunes,Prato Descartavel 15cm,Descartaveis,VENDA,20,13.32,551.8,560.2,48.78,16.55,48.78,-73.73
2025-05-13,2025-05,50778,BOREAL SERVICOS LTDA ME,Escola,Regiao Metropolitana,Tarcisio Bueno,Rodo 40cm - Caixa 24,Acessorios,VENDA,1,0.75,13.53,7.16,2.12,0.34,0.64,3.91
2025-05-15,2025-05,50789,BOREAL SERVICOS LTDA ME,Escola,Regiao Metropolitana,Tarcisio Bueno,PAPEL HIGIENICO ROLAO 300M,Papel,VENDA,20,5.95,355.31,250.8,39.59,9.17,11.88,55.75
2025-05-16,2025-05,50793,Querencia Participacoes EIRELI,Mercado,Regiao Metropolitana,Tarcisio Bueno,AVENTAL PVC - CAIXA 24,EPI,VENDA,20,5.01,388.0,253.2,8.2,10.86,8.2,115.74
2025-05-17,2025-05,50794,Boreal Empreendimentos LTDA,Industria,Regiao Metropolitana,Tarcisio Bueno,Limpador Multiuso 5L - Fardo 6,Quimicos,VENDA,1,1.37,71.77,33.91,30.13,1.42,9.04,6.31
2025-05-20,2025-05,50800,Zenite Servicos EIRELI,Industria,Interior Sul,Tarcisio Bueno,Alvejante 5L - Fardo 6,Quimicos,VENDA,10,4.08,248.29,157.9,26.99,6.42,8.1,56.98
2025-05-22,2025-05,50808,Horizonte Distribuidora S/A,Condominio,Regiao Metropolitana,Rogerio Antunes,Papel Toalha Rolo 100f - Fardo 6,Papel,VENDA,2,1.2,202.51,129.96,34.52,5.35,10.35,32.68
2025-05-22,2025-05,50810,Aurora Distribuidora LTDA ME,Clinica,Litoral,Simone Klein,Vassoura Nylon - Caixa 24,Acessorios,VENDA,1,0.13,51.9,24.51,14.87,1.45,4.46,11.07
2025-05-26,2025-05,50827,BOREAL SERVICOS LTDA ME,Escola,Regiao Metropolitana,Tarcisio Bueno,papel higienico folha dupla 30m - fardo 12,Papel,VENDA,3,3.97,204.24,153.12,8.53,5.72,8.53,36.87
2025-05-26,2025-05,50827,BOREAL SERVICOS LTDA ME,Escola,Regiao Metropolitana,Tarcisio Bueno,SACO LIXO 60L - PACOTE 100,Descartaveis,VENDA,2,2.02,29.68,26.66,1.24,0.83,1.24,0.95
2025-05-26,2025-05,50833,Luminar Alimentos S/A,Restaurante,Interior Sul,Rogerio Antunes,Prato Descartavel 15cm - Caixa 24,Descartaveis,VENDA,3,0.51,123.67,92.49,27.31,3.14,8.19,0.73
2025-05-27,2025-05,50839,BANDEIRANTE NEGOCIOS S/A,Condominio,Interior Sul,Simone Klein,Limpador Multiuso 5L,Quimicos,VENDA,1,3.38,57.56,29.33,20.88,1.5,6.26,5.85
2025-05-28,2025-05,50847,Querencia Participacoes EIRELI,Mercado,Regiao Metropolitana,Tarcisio Bueno,Escova Sanitaria - Caixa 24,Acessorios,VENDA,3,3.97,23.55,14.46,0.58,0.66,0.58,7.85
2025-05-28,2025-05,50849,Aurora Negocios EIRELI,Hotel,Regiao Metropolitana,Rogerio Antunes,Guardanapo 24x24 - Caixa 24,Papel,VENDA,5,1.43,369.15,244.5,49.14,10.04,14.74,65.47
2025-05-29,2025-05,50857,UNIAO ALIMENTOS EIRELI,Industria,Litoral,Simone Klein,saco lixo 30l - fardo 6,Descartaveis,VENDA,2,3.61,32.59,25.84,6.12,0.99,1.83,-0.36
2025-05-29,2025-05,50859,Horizonte Distribuidora S/A,Condominio,Regiao Metropolitana,Rogerio Antunes,Mop Umido - Caixa 24,Acessorios,VENDA,1,2.28,39.55,20.82,7.22,1.03,2.16,10.48
2025-05-31,2025-05,50866,Estrela Servicos ME,Hotel,Interior Sul,Tarcisio Bueno,Luva Latex,EPI,VENDA,5,2.05,107.83,62.05,13.97,2.75,4.19,29.06
2025-06-02,2025-06,50870,Oriente Participacoes LTDA,Clinica,Regiao Metropolitana,Simone Klein,Bobina Papel Toalha 200m - Fardo 6,Papel,VENDA,5,3.92,157.08,101.3,31.26,4.73,9.38,19.79
2025-06-03,2025-06,50878,Luminar Participacoes LTDA,Condominio,Litoral,Simone Klein,Papel Toalha Rolo 100f - Pacote 100,Papel,VENDA,1,3.47,73.59,54.89,3.2,2.58,3.2,12.92
2025-06-03,2025-06,50880,Uniao Servicos LTDA,Industria,Interior Sul,Tarcisio Bueno,Detergente Neutro 5L - Pacote 100,Quimicos,VENDA,10,10.92,199.2,147.6,17.2,5.58,17.2,28.82
2025-06-04,2025-06,50885,Luminar Alimentos S/A,Restaurante,Interior Sul,Rogerio Antunes,BORRIFADOR 500ML - FARDO 12,Acessorios,VENDA,3,5.01,96.7,52.53,17.32,2.54,5.19,24.31
2025-06-04,2025-06,50885,Luminar Alimentos S/A,Restaurante,Interior Sul,Rogerio Antunes,SACO LIXO 60L - CAIXA 24,Descartaveis,VENDA,2,8.0,23.94,20.02,4.29,0.63,1.29,-1.0
2025-06-05,2025-06,50894,Serrano Servicos LTDA ME,Mercado,Interior Norte,Simone Klein,PRATO DESCARTAVEL 15CM - PACOTE 100,Descartaveis,VENDA,1,9.18,34.1,33.04,0.95,1.19,0.95,-1.08
2025-06-05,2025-06,50895,Rio Claro Servicos EIRELI,Mercado,Interior Norte,Tarcisio Bueno,Talher Descartavel Misto - Pacote 100,Descartaveis,VENDA,2,8.19,70.22,52.62,21.88,1.54,6.56,-5.82
2025-06-06,2025-06,50899,Serrano Servicos LTDA ME,Mercado,Interior Norte,Simone Klein,Luva Latex - Fardo 6,EPI,VENDA,1,1.55,18.97,11.95,2.85,0.66,2.85,3.51
2025-06-07,2025-06,50905,Querencia Participacoes EIRELI,Mercado,Regiao Metropolitana,Tarcisio Bueno,Copo Descartavel 50ml,Descartaveis,VENDA,2,0.92,84.97,65.1,16.67,2.05,5.0,1.15
2025-06-07,2025-06,50906,Trevo Comercio LTDA,Restaurante,Interior Norte,Simone Klein,Detergente Neutro 5L,Quimicos,VENDA,2,7.27,106.06,66.42,18.2,3.27,5.46,18.17
2025-06-13,2025-06,50930,Oriente Negocios LTDA ME,Industria,Litoral,Rogerio Antunes,Desinfetante Lavanda 5L,Quimicos,VENDA,20,4.0,588.0,404.2,31.97,17.64,31.97,134.19
2025-06-13,2025-06,50931,Estrela Negocios EIRELI,Padaria,Interior Norte,Rogerio Antunes,Alcool 70 1L,Quimicos,VENDA,2,0.29,120.88,80.02,7.78,3.63,7.78,29.45
2025-06-14,2025-06,50936,Trevo Alimentos EIRELI,Condominio,Interior Norte,Simone Klein,Alvejante 5L - Caixa 24,Quimicos,VENDA,2,5.25,108.52,75.6,9.28,3.8,9.28,19.84
2025-06-16,2025-06,50937,BOREAL SERVICOS LTDA ME,Escola,Regiao Metropolitana,Tarcisio Bueno,Oculos Protecao,EPI,VENDA,5,1.16,202.08,116.7,22.9,5.21,6.87,57.27
2025-06-16,2025-06,50938,Horizonte Distribuidora S/A,Condominio,Regiao Metropolitana,Rogerio Antunes,Copo Descartavel 200ml,Descartaveis,VENDA,2,2.49,66.18,59.72,7.91,1.99,7.91,-3.44
2025-06-18,2025-06,50952,Pampa Alimentos ME,Padaria,Regiao Metropolitana,Rogerio Antunes,Saco Lixo 100L - Pacote 100,Descartaveis,VENDA,3,2.49,52.92,47.76,5.18,1.59,5.18,-1.61
2025-06-19,2025-06,50961,Luminar Alimentos S/A,Restaurante,Interior Sul,Rogerio Antunes,removedor 1l,Quimicos,VENDA,20,1.38,1156.0,773.6,60.04,34.68,60.04,287.68
2025-06-19,2025-06,50961,Luminar Alimentos S/A,Restaurante,Interior Sul,Rogerio Antunes,Cera Liquida Incolor 5L - Fardo 6,Quimicos,VENDA,2,3.74,69.22,47.46,3.6,2.08,3.6,16.08
2025-06-19,2025-06,50963,Serrano Servicos LTDA ME,Mercado,Interior Norte,Simone Klein,Guardanapo 24x24 - Caixa 24,Papel,VENDA,3,4.08,227.51,146.7,45.8,6.84,13.74,28.17
2025-06-21,2025-06,50976,Central Negocios LTDA ME,Clinica,Interior Sul,Simone Klein,Cera Liquida Incolor 5L,Quimicos,VENDA,5,4.6,277.02,173.4,37.67,8.77,11.3,57.18
2025-06-23,2025-06,50977,Horizonte Negocios EIRELI,Escola,Litoral,Simone Klein,Desinfetante Lavanda 5L,Quimicos,VENDA,1,1.43,50.0,20.21,28.31,1.06,8.49,0.42
2025-06-23,2025-06,50982,Luminar Alimentos S/A,Restaurante,Interior Sul,Rogerio Antunes,Papel Toalha Rolo 100f - Pacote 100,Papel,VENDA,20,2.48,1487.0,1097.8,53.8,44.61,53.8,290.79
2025-06-25,2025-06,50989,Aurora Negocios EIRELI,Hotel,Regiao Metropolitana,Rogerio Antunes,Alvejante 5L,Quimicos,VENDA,2,1.95,140.39,83.28,23.81,3.71,7.14,29.59
2025-06-25,2025-06,50990,Querencia Distribuidora LTDA ME,Padaria,Interior Norte,Rogerio Antunes,BOBINA PAPEL TOALHA 200M - PACOTE 100,Papel,VENDA,2,2.0,91.39,43.7,45.59,1.78,13.68,0.32
2025-06-27,2025-06,50998,Imperial Servicos S/A,Clinica,Regiao Metropolitana,Rogerio Antunes,Alvejante 5L - Fardo 12,Quimicos,VENDA,2,2.64,67.81,43.16,5.91,1.91,1.78,16.83
2025-06-27,2025-06,51000,Querencia Distribuidora LTDA ME,Padaria,Interior Norte,Rogerio Antunes,Limpador Multiuso 5L - Fardo 6,Quimicos,VENDA,2,0.38,108.62,67.82,8.95,3.07,2.69,28.78
2025-06-30,2025-06,51004,Pampa Alimentos ME,Padaria,Regiao Metropolitana,Rogerio Antunes,removedor 1l - pacote 100,Quimicos,VENDA,10,5.21,278.29,177.0,34.42,7.63,10.33,59.24
2025-07-02,2025-07,51020,Oriente Negocios LTDA ME,Industria,Litoral,Rogerio Antunes,Alvejante 5L,Quimicos,VENDA,5,1.41,311.0,208.2,22.21,9.33,22.21,71.26
2025-07-02,2025-07,51022,Serrano Servicos LTDA ME,Mercado,Interior Norte,Simone Klein,Mop Umido - Caixa 24,Acessorios,VENDA,2,1.53,62.23,31.58,13.62,1.84,4.09,15.19
2025-07-02,2025-07,51026,Pampa Alimentos ME,Padaria,Regiao Metropolitana,Rogerio Antunes,Prato Descartavel 15cm - Caixa 24,Descartaveis,VENDA,1,6.43,50.11,30.83,24.76,0.98,7.43,-6.46
2025-07-03,2025-07,51029,Querencia Participacoes EIRELI,Mercado,Regiao Metropolitana,Tarcisio Bueno,Luva Plastica Descartavel - Fardo 6,Descartaveis,VENDA,1,2.85,24.7,15.25,11.23,0.47,3.37,-2.25
2025-07-07,2025-07,51040,BOREAL SERVICOS LTDA ME,Escola,Regiao Metropolitana,Tarcisio Bueno,Luva Latex - Fardo 6,EPI,VENDA,50,3.45,930.5,597.5,50.34,26.05,50.34,256.61
2025-07-07,2025-07,51043,BOREAL SERVICOS LTDA ME,Escola,Regiao Metropolitana,Tarcisio Bueno,SACO LIXO 60L,Descartaveis,VENDA,2,5.37,20.07,13.0,8.7,0.39,2.61,-2.02
2025-07-09,2025-07,51050,Querencia Participacoes EIRELI,Mercado,Regiao Metropolitana,Tarcisio Bueno,saco lixo 100l - fardo 12,Descartaveis,VENDA,10,0.29,369.31,295.2,49.73,9.37,14.92,15.01
2025-07-09,2025-07,51052,Oriente Participacoes LTDA,Clinica,Regiao Metropolitana,Simone Klein,Saco Lixo 30L,Descartaveis,VENDA,3,1.68,72.13,52.65,19.0,2.06,5.7,-1.58
2025-07-10,2025-07,51053,Uniao Servicos LTDA,Industria,Interior Sul,Tarcisio Bueno,Copo Descartavel 50ml - Pacote 100,Descartaveis,VENDA,2,0.47,33.14,25.74,5.78,0.81,1.74,0.81
2025-07-10,2025-07,51054,Serrano Servicos LTDA ME,Mercado,Interior Norte,Simone Klein,Removedor 1L - Fardo 6,Quimicos,VENDA,1,1.63,17.53,9.93,3.9,0.52,1.17,3.18
2025-07-10,2025-07,51054,Serrano Servicos LTDA ME,Mercado,Interior Norte,Simone Klein,Copo Descartavel 50ml,Descartaveis,VENDA,2,10.33,78.56,65.1,17.46,2.32,5.24,-6.32
2025-07-12,2025-07,51061,Aurora Distribuidora LTDA,Escola,Regiao Metropolitana,Rogerio Antunes,ALCOOL 70 1L - FARDO 6,Quimicos,VENDA,5,8.24,308.54,209.75,24.19,8.75,7.25,65.85
2025-07-14,2025-07,51063,Querencia Participacoes EIRELI,Mercado,Regiao Metropolitana,Tarcisio Bueno,SACO LIXO 60L - PACOTE 100,Descartaveis,VENDA,5,8.5,69.3,66.65,6.25,1.94,6.25,-5.54
2025-07-14,2025-07,51065,BOREAL SERVICOS LTDA ME,Escola,Regiao Metropolitana,Tarcisio Bueno,Marmitex Aluminio 800ml,Descartaveis,VENDA,1,2.23,13.29,8.79,5.03,0.27,1.51,-0.8
2025-07-14,2025-07,51066,Serrano Servicos LTDA ME,Mercado,Interior Norte,Simone Klein,Prato Descartavel 15cm,Descartaveis,VENDA,50,0.21,1588.0,1400.5,58.02,55.58,58.02,73.9
2025-07-14,2025-07,51067,Pampa Alimentos ME,Padaria,Regiao Metropolitana,Rogerio Antunes,Saco Lixo 100L,Descartaveis,VENDA,2,2.94,74.2,53.82,21.2,1.78,6.36,-2.6
2025-07-14,2025-07,51068,Nortao Industria ME,Padaria,Interior Norte,Simone Klein,Papel Higienico Rolao 300m - Fardo 12,Papel,VENDA,5,2.41,450.85,332.65,21.59,15.78,21.59,80.83
2025-07-15,2025-07,51071,Horizonte Negocios LTDA ME,Mercado,Litoral,Simone Klein,Limpa Vidros 500ml,Quimicos,VENDA,2,0.17,63.02,36.36,11.45,1.93,3.43,13.28
2025-07-17,2025-07,51086,Zenite Participacoes ME,Padaria,Interior Norte,Simone Klein,sabao liquido 5l - pacote 100,Quimicos,VENDA,10,4.12,349.66,229.0,24.23,11.64,7.27,84.79
2025-07-17,2025-07,51088,Querencia Participacoes EIRELI,Mercado,Regiao Metropolitana,Tarcisio Bueno,Papel Higienico Folha Dupla 30m - Fardo 12,Papel,DEVOLUCAO,-2,6.35,-42.94,-36.96,7.34,-1.35,2.2,-11.97
2025-07-18,2025-07,51098,Serrano Servicos LTDA ME,Mercado,Interior Norte,Simone Klein,Rodo 40cm,Acessorios,VENDA,5,2.81,112.45,68.25,5.69,3.94,5.69,34.57
2025-07-19,2025-07,51101,Pampa Alimentos ME,Padaria,Regiao Metropolitana,Rogerio Antunes,Pano Multiuso - Caixa 24,Acessorios,VENDA,2,5.77,51.53,25.94,14.44,1.24,4.33,9.91
2025-07-21,2025-07,51109,Alvorada Distribuidora ME,Mercado,Interior Sul,Simone Klein,Copo Descartavel 50ml,Descartaveis,VENDA,5,1.08,182.95,162.75,23.62,6.4,23.62,-9.82
2025-07-21,2025-07,51110,Uniao Servicos LTDA,Industria,Interior Sul,Tarcisio Bueno,Marmitex Aluminio 800ml - Caixa 24,Descartaveis,VENDA,2,1.46,76.92,68.7,12.48,2.15,12.48,-6.41
2025-07-23,2025-07,51125,Pampa Alimentos ME,Padaria,Regiao Metropolitana,Rogerio Antunes,Rodo 40cm - Caixa 24,Acessorios,VENDA,3,4.99,66.57,21.48,45.69,1.04,13.71,-1.64
2025-07-24,2025-07,51127,BOREAL SERVICOS LTDA ME,Escola,Regiao Metropolitana,Tarcisio Bueno,Bota PVC - Fardo 12,EPI,VENDA,2,1.34,73.17,36.28,22.04,1.62,6.61,13.23
2025-07-25,2025-07,51135,Pampa Alimentos ME,Padaria,Regiao Metropolitana,Rogerio Antunes,Limpador Multiuso 5L,Quimicos,VENDA,3,4.92,137.63,87.99,15.55,3.8,4.67,30.29
2025-07-26,2025-07,51140,Nortao Empreendimentos LTDA ME,Padaria,Interior Sul,Tarcisio Bueno,Talher Descartavel Misto - Fardo 6,Descartaveis,VENDA,1,3.51,49.71,36.29,14.17,1.11,4.25,-1.86
2025-07-28,2025-07,51143,Aurora Alimentos S/A,Escola,Litoral,Simone Klein,Copo Descartavel 200ml - Fardo 12,Descartaveis,VENDA,2,16.89,69.92,62.8,15.17,2.08,4.55,-10.13
2025-07-30,2025-07,51158,Guarani Participacoes LTDA ME,Condominio,Litoral,Rogerio Antunes,Cera Liquida Incolor 5L,Quimicos,VENDA,2,1.56,103.46,69.36,2.78,3.1,2.78,28.22
2025-07-30,2025-07,51158,Guarani Participacoes LTDA ME,Condominio,Litoral,Rogerio Antunes,Alvejante 5L - Fardo 6,Quimicos,VENDA,1,0.35,23.84,15.79,0.64,0.72,0.64,6.69
2025-07-30,2025-07,51162,Nortao Industria ME,Padaria,Interior Norte,Simone Klein,Oculos Protecao,EPI,VENDA,2,3.97,76.55,46.68,6.04,2.53,1.81,21.3
2025-08-04,2025-08,51181,BOREAL SERVICOS LTDA ME,Escola,Regiao Metropolitana,Tarcisio Bueno,Pano Multiuso - Fardo 6,Acessorios,VENDA,2,2.3,13.92,8.4,1.34,0.39,1.34,3.79
2025-08-05,2025-08,51185,Querencia Negocios LTDA,Industria,Interior Norte,Simone Klein,SABAO LIQUIDO 5L - FARDO 6,Quimicos,VENDA,3,7.8,117.39,84.03,1.79,4.11,1.79,27.46
2025-08-06,2025-08,51187,Nortao Alimentos S/A,Escola,Interior Norte,Simone Klein,Desinfetante Lavanda 5L - Pacote 100,Quimicos,VENDA,2,3.65,141.18,74.92,45.42,3.83,13.62,17.01
2025-08-07,2025-08,51192,Oriente Alimentos ME,Padaria,Interior Norte,Tarcisio Bueno,Esponja Dupla Face - Fardo 6,Acessorios,VENDA,3,1.64,98.58,59.13,1.24,2.76,1.24,35.45
2025-08-07,2025-08,51195,Xavante Servicos EIRELI,Padaria,Litoral,Rogerio Antunes,Papel Higienico Folha Dupla 30m - Fardo 12,Papel,VENDA,1,8.52,64.11,50.46,3.64,1.92,3.64,8.09
2025-08-08,2025-08,51196,Querencia Participacoes EIRELI,Mercado,Regiao Metropolitana,Tarcisio Bueno,AVENTAL PVC - CAIXA 24,EPI,VENDA,2,1.52,40.22,25.32,1.87,1.13,1.87,11.9
2025-08-08,2025-08,51198,Serrano Servicos LTDA ME,Mercado,Interior Norte,Simone Klein,Alcool 70 1L - Caixa 24,Quimicos,VENDA,3,2.76,59.2,37.35,5.98,1.93,1.8,13.94
2025-08-12,2025-08,51211,Vitoria Distribuidora LTDA ME,Hotel,Interior Sul,Tarcisio Bueno,Cera Liquida Incolor 5L - Fardo 6,Quimicos,VENDA,2,1.29,85.65,43.96,28.45,1.84,8.54,11.4
2025-08-12,2025-08,51211,Vitoria Distribuidora LTDA ME,Hotel,Interior Sul,Tarcisio Bueno,Marmitex Aluminio 800ml - Caixa 24,Descartaveis,VENDA,1,3.58,49.03,34.35,16.28,1.05,4.88,-2.65
2025-08-14,2025-08,51220,Querencia Participacoes EIRELI,Mercado,Regiao Metropolitana,Tarcisio Bueno,Escova Sanitaria - Caixa 24,Acessorios,VENDA,1,1.81,32.21,4.82,34.56,0.22,10.37,-7.39
2025-08-15,2025-08,51222,Boreal Industria LTDA,Hotel,Litoral,Tarcisio Bueno,COPO DESCARTAVEL 200ML - FARDO 6,Descartaveis,VENDA,10,6.93,249.8,236.2,17.12,6.99,17.12,-10.51
2025-08-15,2025-08,51224,Horizonte Distribuidora S/A,Condominio,Regiao Metropolitana,Rogerio Antunes,Cera Liquida Incolor 5L - Fardo 6,Quimicos,VENDA,3,0.02,99.87,65.94,3.21,3.0,3.21,27.72
2025-08-21,2025-08,51257,Rio Claro Servicos S/A,Industria,Interior Norte,Rogerio Antunes,Alvejante 5L - Fardo 12,Quimicos,VENDA,5,2.21,159.9,107.9,22.91,4.8,22.91,24.29
2025-08-21,2025-08,51260,BOREAL SERVICOS LTDA ME,Escola,Regiao Metropolitana,Tarcisio Bueno,Saco Lixo 30L - Fardo 6,Descartaveis,VENDA,20,1.22,572.4,509.8,61.46,16.03,61.46,-14.89
2025-08-28,2025-08,51290,Pampa Alimentos ME,Padaria,Regiao Metropolitana,Rogerio Antunes,Oculos Protecao - Caixa 24,EPI,VENDA,5,1.33,167.14,88.8,36.84,4.24,11.05,37.26
2025-08-28,2025-08,51291,BOREAL SERVICOS LTDA ME,Escola,Regiao Metropolitana,Tarcisio Bueno,Cera Liquida Incolor 5L - Fardo 6,Quimicos,VENDA,2,1.99,89.93,43.96,35.21,1.83,10.56,8.93
2025-08-29,2025-08,51301,Xavante Servicos EIRELI,Padaria,Litoral,Rogerio Antunes,LUVA PLASTICA DESCARTAVEL,Descartaveis,VENDA,10,20.65,290.5,322.2,37.42,8.72,37.42,-77.83
2025-08-29,2025-08,51301,Xavante Servicos EIRELI,Padaria,Litoral,Rogerio Antunes,papel higienico folha dupla 30m - fardo 12,Papel,VENDA,3,5.56,200.85,153.12,25.87,6.03,25.87,15.83
2025-08-29,2025-08,51304,BOREAL SERVICOS LTDA ME,Escola,Regiao Metropolitana,Tarcisio Bueno,Desinfetante Lavanda 5L - Fardo 6,Quimicos,VENDA,20,4.87,887.6,615.8,40.67,24.85,40.67,206.28
2025-09-01,2025-09,51311,Vitoria Distribuidora LTDA ME,Hotel,Interior Sul,Tarcisio Bueno,Guardanapo 24x24 - Caixa 24,Papel,VENDA,2,2.21,132.84,97.8,23.85,3.72,23.85,7.47
2025-09-01,2025-09,51311,Vitoria Distribuidora LTDA ME,Hotel,Interior Sul,Tarcisio Bueno,Prato Descartavel 15cm - Caixa 24,Descartaveis,VENDA,3,3.17,63.93,58.11,11.48,1.79,11.48,-7.45
2025-09-01,2025-09,51315,Vitoria Distribuidora LTDA ME,Hotel,Interior Sul,Tarcisio Bueno,DETERGENTE NEUTRO 5L - PACOTE 100,Quimicos,VENDA,10,2.85,172.66,109.6,16.09,4.52,4.83,42.45
2025-09-02,2025-09,51318,Nortao Alimentos S/A,Escola,Interior Norte,Simone Klein,Oculos Protecao - Fardo 6,EPI,VENDA,3,0.0,37.32,23.13,6.11,1.31,6.11,6.77
2025-09-02,2025-09,51320,Luminar Alimentos S/A,Restaurante,Interior Sul,Rogerio Antunes,Limpa Vidros 500ml - Fardo 12,Quimicos,VENDA,10,2.91,488.9,332.4,59.13,14.67,59.13,82.7
2025-09-02,2025-09,51324,Serrano Servicos LTDA ME,Mercado,Interior Norte,Simone Klein,saco lixo 30l - fardo 6,Descartaveis,VENDA,2,3.51,47.1,25.84,26.83,0.99,8.05,-6.56
2025-09-02,2025-09,51325,Oriente Negocios LTDA ME,Industria,Litoral,Rogerio Antunes,sabao liquido 5l - pacote 100,Quimicos,VENDA,1,1.21,58.22,22.9,34.2,1.03,10.26,0.09
2025-09-03,2025-09,51331,Bandeirante Comercio ME,Condominio,Litoral,Rogerio Antunes,Bobina Papel Toalha 200m - Caixa 24,Papel,VENDA,20,2.45,1338.0,987.6,47.94,40.14,47.94,262.32
2025-09-03,2025-09,51335,Imperial Distribuidora LTDA,Industria,Litoral,Tarcisio Bueno,Bobina Papel Toalha 200m - Fardo 6,Papel,VENDA,50,6.87,1310.5,1013.0,52.27,36.69,52.27,208.54
2025-09-04,2025-09,51337,Querencia Participacoes EIRELI,Mercado,Regiao Metropolitana,Tarcisio Bueno,Marmitex Aluminio 800ml - Caixa 24,Descartaveis,VENDA,3,5.42,36.53,31.44,3.93,0.95,1.18,0.21
2025-09-04,2025-09,51340,BOREAL SERVICOS LTDA ME,Escola,Regiao Metropolitana,Tarcisio Bueno,Limpa Vidros 500ml,Quimicos,VENDA,10,4.85,277.43,181.8,21.91,7.34,6.58,66.38
2025-09-05,2025-09,51349,Oriente Alimentos ME,Padaria,Interior Norte,Tarcisio Bueno,sabao liquido 5l - pacote 100,Quimicos,VENDA,3,6.09,113.81,68.7,22.91,2.74,6.87,19.46
2025-09-05,2025-09,51349,Oriente Alimentos ME,Padaria,Interior Norte,Tarcisio Bueno,Alvejante 5L - Fardo 12,Quimicos,VENDA,2,5.87,71.66,43.16,14.43,1.72,4.33,12.35
2025-09-08,2025-09,51355,Serrano Servicos LTDA ME,Mercado,Interior Norte,Simone Klein,Marmitex Aluminio 800ml - Caixa 24,Descartaveis,VENDA,10,12.61,112.73,104.8,12.33,3.64,3.7,-8.04
2025-09-08,2025-09,51355,Serrano Servicos LTDA ME,Mercado,Interior Norte,Simone Klein,Cera Liquida Incolor 5L,Quimicos,VENDA,3,1.9,167.47,104.04,18.32,5.41,5.5,39.7
2025-09-08,2025-09,51356,Aurora Industria LTDA,Clinica,Regiao Metropolitana,Tarcisio Bueno,Desengordurante 5L - Pacote 100,Quimicos,VENDA,3,5.2,53.31,37.11,4.23,1.49,4.23,10.48
2025-09-08,2025-09,51356,Aurora Industria LTDA,Clinica,Regiao Metropolitana,Tarcisio Bueno,Rodo 40cm,Acessorios,VENDA,50,5.53,1093.0,682.5,86.73,30.6,86.73,293.17
2025-09-09,2025-09,51363,Oriente Negocios LTDA ME,Industria,Litoral,Rogerio Antunes,BOBINA PAPEL TOALHA 200M - PACOTE 100,Papel,VENDA,5,4.0,170.8,109.25,35.86,4.37,10.76,21.32
2025-09-09,2025-09,51366,Guarani Servicos S/A,Restaurante,Regiao Metropolitana,Simone Klein,ALCOOL 70 1L - FARDO 6,Quimicos,VENDA,20,1.11,1257.0,839.0,32.32,44.0,32.32,341.69
2025-09-11,2025-09,51373,Serrano Servicos LTDA ME,Mercado,Interior Norte,Simone Klein,SABAO LIQUIDO 5L - FARDO 6,Quimicos,VENDA,10,0.44,422.5,280.1,21.75,14.79,21.75,105.86
2025-09-11,2025-09,51373,Serrano Servicos LTDA ME,Mercado,Interior Norte,Simone Klein,Bota PVC,EPI,VENDA,5,1.69,108.0,68.1,5.56,3.78,5.56,30.56
2025-09-11,2025-09,51376,TREVO ALIMENTOS S/A,Mercado,Interior Norte,Rogerio Antunes,Alvejante 5L - Fardo 6,Quimicos,VENDA,2,4.17,51.88,31.58,8.63,1.38,2.59,10.29
2025-09-12,2025-09,51382,Oriente Participacoes LTDA,Clinica,Regiao Metropolitana,Simone Klein,borrifador 500ml - fardo 6,Acessorios,VENDA,2,1.0,62.82,37.44,5.25,2.2,5.25,17.93
2025-09-15,2025-09,51392,Uniao Negocios LTDA,Hotel,Interior Norte,Rogerio Antunes,Alvejante 5L - Fardo 12,Quimicos,VENDA,1,3.0,31.19,17.01,8.85,0.75,2.66,4.58
2025-09-15,2025-09,51392,Uniao Negocios LTDA,Hotel,Interior Norte,Rogerio Antunes,Marmitex Aluminio 800ml - Caixa 24,Descartaveis,VENDA,10,6.06,139.62,104.8,39.6,3.36,11.88,-8.14
2025-09-16,2025-09,51394,Trevo Empreendimentos LTDA,Padaria,Interior Norte,Rogerio Antunes,Vassoura Nylon,Acessorios,VENDA,1,3.12,19.91,10.09,4.77,0.5,1.43,4.55
2025-09-16,2025-09,51394,Trevo Empreendimentos LTDA,Padaria,Interior Norte,Rogerio Antunes,Rodo 40cm - Caixa 24,Acessorios,VENDA,2,1.56,28.72,14.32,6.88,0.72,2.06,6.8
2025-09-16,2025-09,51401,Bandeirante Comercio ME,Condominio,Litoral,Rogerio Antunes,DETERGENTE NEUTRO 5L - PACOTE 100,Quimicos,VENDA,1,1.52,16.36,10.96,1.11,0.49,1.11,3.8
2025-09-16,2025-09,51402,Trevo Empreendimentos LTDA,Padaria,Interior Norte,Rogerio Antunes,saco lixo 100l - fardo 12,Descartaveis,VENDA,1,7.63,36.34,29.52,7.64,0.93,2.29,-1.75
2025-09-16,2025-09,51402,Trevo Empreendimentos LTDA,Padaria,Interior Norte,Rogerio Antunes,Sabao Liquido 5L - Fardo 12,Quimicos,VENDA,2,6.83,34.45,20.82,7.25,0.88,2.18,5.5
2025-09-17,2025-09,51411,Trevo Alimentos EIRELI,Condominio,Interior Norte,Simone Klein,Alvejante 5L - Caixa 24,Quimicos,VENDA,3,7.26,196.28,113.4,52.78,5.58,15.83,24.52
2025-09-22,2025-09,51424,Serrano Servicos LTDA ME,Mercado,Interior Norte,Simone Klein,Cera Liquida Incolor 5L - Fardo 6,Quimicos,VENDA,5,4.21,264.3,182.1,17.73,9.25,17.73,55.22
2025-09-24,2025-09,51431,Zenite Participacoes ME,Padaria,Interior Norte,Simone Klein,Detergente Neutro 5L - Caixa 24,Quimicos,VENDA,1,2.62,55.17,31.74,11.92,1.64,3.58,9.87
2025-09-24,2025-09,51432,Xavante Negocios ME,Hotel,Regiao Metropolitana,Simone Klein,Bobina Papel Toalha 200m,Papel,VENDA,1,3.71,79.62,35.21,46.47,1.65,13.94,-3.71
2025-09-26,2025-09,51447,Nortao Alimentos S/A,Escola,Interior Norte,Simone Klein,removedor 1l,Quimicos,VENDA,10,1.03,580.1,386.8,57.67,20.3,57.67,115.33
2025-09-26,2025-09,51447,Nortao Alimentos S/A,Escola,Interior Norte,Simone Klein,Copo Descartavel 200ml - Fardo 12,Descartaveis,VENDA,1,9.88,17.93,17.51,1.78,0.63,1.78,-1.99
2025-09-26,2025-09,51448,Trevo Comercio LTDA,Restaurante,Interior Norte,Simone Klein,Papel Higienico Rolao 300m - Fardo 12,Papel,VENDA,3,4.01,178.47,133.86,7.23,6.25,7.23,31.13
2025-09-27,2025-09,51451,BOREAL SERVICOS LTDA ME,Escola,Regiao Metropolitana,Tarcisio Bueno,Copo Descartavel 200ml - Pacote 100,Descartaveis,VENDA,3,4.11,94.47,86.7,7.32,2.65,7.32,-2.2
2025-09-30,2025-09,51463,Serrano Servicos LTDA ME,Mercado,Interior Norte,Simone Klein,removedor 1l,Quimicos,VENDA,2,2.25,133.86,77.36,27.54,4.01,8.26,24.95
2025-10-01,2025-10,51470,Boreal Negocios ME,Padaria,Interior Norte,Rogerio Antunes,Cera Liquida Incolor 5L,Quimicos,VENDA,1,3.44,76.35,34.68,36.59,1.52,10.98,3.56
2025-10-01,2025-10,51471,Imperial Empreendimentos EIRELI,Padaria,Litoral,Rogerio Antunes,Embalagem Delivery 750ml - Fardo 6,Descartaveis,VENDA,1,9.59,20.57,15.59,6.5,0.48,1.95,-2.0
2025-10-03,2025-10,51484,Luminar Alimentos S/A,Restaurante,Interior Sul,Rogerio Antunes,Papel Higienico Rolao 300m - Fardo 12,Papel,VENDA,3,7.77,267.38,187.02,39.76,7.19,11.93,33.41
2025-10-07,2025-10,51501,Estrela Negocios EIRELI,Padaria,Interior Norte,Rogerio Antunes,Papel Higienico Folha Dupla 30m - Fardo 12,Papel,VENDA,20,3.68,1350.0,1009.2,48.6,40.5,48.6,251.7
2025-10-07,2025-10,51506,Guarani Servicos LTDA ME,Escola,Litoral,Tarcisio Bueno,Marmitex Aluminio 800ml - Caixa 24,Descartaveis,VENDA,3,1.18,129.14,103.05,19.19,3.24,5.76,3.66
2025-10-08,2025-10,51508,Oriente Participacoes LTDA,Clinica,Regiao Metropolitana,Simone Klein,Limpador Multiuso 5L,Quimicos,VENDA,3,1.35,131.52,87.99,12.72,4.6,12.72,26.21
2025-10-08,2025-10,51508,Oriente Participacoes LTDA,Clinica,Regiao Metropolitana,Simone Klein,Luva Plastica Descartavel - Fardo 6,Descartaveis,VENDA,10,8.27,159.0,152.5,15.38,5.57,15.38,-14.45
2025-10-08,2025-10,51509,Guarani Servicos S/A,Restaurante,Regiao Metropolitana,Simone Klein,Bobina Papel Toalha 200m - Caixa 24,Papel,VENDA,1,7.77,63.25,49.38,2.7,2.21,2.7,8.96
2025-10-09,2025-10,51515,BANDEIRANTE NEGOCIOS S/A,Condominio,Interior Sul,Simone Klein,Papel Toalha Interfolha 1000f,Papel,VENDA,5,4.77,138.35,104.6,11.38,4.84,11.38,17.53
2025-10-10,2025-10,51525,BOREAL SERVICOS LTDA ME,Escola,Regiao Metropolitana,Tarcisio Bueno,BORRIFADOR 500ML - FARDO 12,Acessorios,VENDA,2,2.56,94.86,57.44,15.99,2.66,15.99,18.77
2025-10-11,2025-10,51529,Vitoria Distribuidora LTDA ME,Hotel,Interior Sul,Tarcisio Bueno,Cera Liquida Incolor 5L - Fardo 6,Quimicos,VENDA,1,0.55,54.88,36.42,5.68,1.54,5.68,11.24
2025-10-13,2025-10,51532,Boreal Industria LTDA,Hotel,Litoral,Tarcisio Bueno,Avental PVC - Pacote 100,EPI,VENDA,5,0.41,53.75,33.45,6.78,1.51,6.78,12.01
2025-10-13,2025-10,51533,Horizonte Distribuidora S/A,Condominio,Regiao Metropolitana,Rogerio Antunes,Copo Descartavel 50ml - Pacote 100,Descartaveis,VENDA,1,1.63,36.58,24.0,13.93,0.8,4.18,-2.15
2025-10-14,2025-10,51538,Luminar Participacoes LTDA,Condominio,Litoral,Simone Klein,Esponja Dupla Face - Fardo 6,Acessorios,VENDA,5,2.04,190.14,98.55,37.84,5.73,11.35,48.02
2025-10-15,2025-10,51545,BOREAL SERVICOS LTDA ME,Escola,Regiao Metropolitana,Tarcisio Bueno,Embalagem Delivery 750ml,Descartaveis,VENDA,2,6.69,64.72,48.04,19.68,1.43,5.9,-4.43
2025-10-21,2025-10,51570,Imperial Servicos S/A,Clinica,Regiao Metropolitana,Rogerio Antunes,Limpa Vidros 500ml,Quimicos,VENDA,3,3.34,86.73,54.54,9.76,2.4,2.92,20.03
2025-10-22,2025-10,51580,Vitoria Empreendimentos EIRELI,Restaurante,Litoral,Tarcisio Bueno,Borrifador 500ml,Acessorios,VENDA,3,0.8,123.05,61.71,27.58,2.9,8.27,30.86
2025-10-23,2025-10,51582,Jangada Comercio ME,Padaria,Regiao Metropolitana,Simone Klein,Bota PVC - Caixa 24,EPI,DEVOLUCAO,-2,0.16,-11.82,-8.52,2.72,-0.48,0.82,-5.54
2025-10-23,2025-10,51583,Aurora Distribuidora LTDA,Escola,Regiao Metropolitana,Rogerio Antunes,Copo Descartavel 200ml - Fardo 12,Descartaveis,VENDA,1,2.21,24.03,17.51,6.53,0.58,1.96,-0.59
2025-10-24,2025-10,51593,BOREAL SERVICOS LTDA ME,Escola,Regiao Metropolitana,Tarcisio Bueno,OCULOS PROTECAO - FARDO 6,EPI,VENDA,3,2.3,26.08,13.38,7.18,0.59,2.16,4.93
2025-10-24,2025-10,51595,Estrela Servicos LTDA,Escola,Litoral,Tarcisio Bueno,Papel Toalha Interfolha 1000f - Pacote 100,Papel,VENDA,3,1.96,263.47,173.19,39.49,6.6,11.85,44.19
2025-10-24,2025-10,51595,Estrela Servicos LTDA,Escola,Litoral,Tarcisio Bueno,Guardanapo 24x24 - Fardo 12,Papel,VENDA,2,1.36,152.08,99.36,22.8,3.81,6.84,26.11
2025-10-25,2025-10,51597,Serrano Alimentos EIRELI,Padaria,Regiao Metropolitana,Simone Klein,Mop Umido - Caixa 24,Acessorios,VENDA,5,3.12,141.69,78.95,17.19,4.54,5.15,41.01
2025-10-27,2025-10,51606,Imperial Servicos EIRELI,Condominio,Interior Norte,Rogerio Antunes,papel higienico rolao 300m - fardo 6,Papel,VENDA,5,2.35,416.1,306.8,25.29,12.48,25.29,71.53
2025-10-28,2025-10,51610,Estrela Servicos ME,Hotel,Interior Sul,Tarcisio Bueno,Marmitex Aluminio 800ml - Pacote 100,Descartaveis,VENDA,10,15.36,302.8,277.3,51.56,7.47,15.46,-33.53
2025-10-29,2025-10,51621,Zenite Participacoes ME,Padaria,Interior Norte,Simone Klein,saco lixo 30l - fardo 6,Descartaveis,VENDA,2,5.97,32.27,25.84,6.67,0.97,2.0,-1.21
2025-10-30,2025-10,51626,Serrano Servicos LTDA ME,Mercado,Interior Norte,Simone Klein,Papel Higienico Folha Dupla 30m,Papel,VENDA,1,2.72,24.42,18.07,3.02,0.85,3.02,2.48
2025-10-30,2025-10,51626,Serrano Servicos LTDA ME,Mercado,Interior Norte,Simone Klein,Embalagem Delivery 750ml - Pacote 100,Descartaveis,VENDA,5,2.23,61.05,54.95,7.54,2.14,7.54,-3.58
2025-10-31,2025-10,51634,Central Negocios ME,Mercado,Interior Sul,Tarcisio Bueno,Papel Higienico Rolao 300m - Fardo 12,Papel,VENDA,2,3.58,138.11,89.24,26.58,3.35,7.97,18.94
2025-10-31,2025-10,51639,Serrano Servicos LTDA ME,Mercado,Interior Norte,Simone Klein,Guardanapo 24x24 - Caixa 24,Papel,VENDA,5,1.62,345.64,229.85,45.05,10.99,13.51,59.75
2025-11-01,2025-11,51641,Trevo Empreendimentos LTDA,Padaria,Interior Norte,Rogerio Antunes,BOTA PVC - FARDO 6,EPI,VENDA,2,3.55,20.69,8.82,9.95,0.41,2.98,1.51
2025-11-03,2025-11,51645,Zenite Participacoes ME,Padaria,Interior Norte,Simone Klein,Papel Higienico Rolao 300m - Fardo 12,Papel,VENDA,3,4.31,248.55,187.02,18.87,8.7,18.87,33.96
2025-11-03,2025-11,51647,Trevo Alimentos EIRELI,Condominio,Interior Norte,Simone Klein,Talher Descartavel Misto - Pacote 100,Descartaveis,VENDA,1,13.75,25.79,26.31,2.55,0.9,2.55,-3.97
2025-11-03,2025-11,51650,Nortao Alimentos S/A,Escola,Interior Norte,Simone Klein,Papel Higienico Rolao 300m - Fardo 12,Papel,VENDA,2,1.91,141.85,89.24,28.96,4.26,8.69,19.39
2025-11-07,2025-11,51661,Serrano Servicos LTDA ME,Mercado,Interior Norte,Simone Klein,Bobina Papel Toalha 200m - Caixa 24,Papel,VENDA,2,3.57,151.77,98.76,27.87,4.63,8.36,20.51
2025-11-07,2025-11,51665,Uniao Negocios LTDA,Hotel,Interior Norte,Rogerio Antunes,Embalagem Delivery 750ml - Fardo 6,Descartaveis,VENDA,10,4.46,169.3,155.9,7.32,5.08,7.32,1.0
2025-11-10,2025-11,51672,Estrela Servicos LTDA,Escola,Litoral,Tarcisio Bueno,Guardanapo 24x24 - Caixa 24,Papel,VENDA,1,8.81,67.88,48.9,8.49,1.73,2.55,8.76
2025-11-10,2025-11,51673,Luminar Alimentos S/A,Restaurante,Interior Sul,Rogerio Antunes,Desinfetante Lavanda 5L,Quimicos,VENDA,1,6.93,28.5,20.21,1.33,0.86,1.33,6.1
2025-11-10,2025-11,51674,Vitoria Distribuidora LTDA ME,Hotel,Interior Sul,Tarcisio Bueno,REMOVEDOR 1L - CAIXA 24,Quimicos,VENDA,2,1.89,34.04,20.14,5.86,0.84,1.76,7.2
2025-11-12,2025-11,51687,Trevo Alimentos EIRELI,Condominio,Interior Norte,Simone Klein,Papel Toalha Rolo 100f - Pacote 100,Papel,VENDA,3,7.62,211.29,164.67,24.17,7.4,24.17,15.05
2025-11-17,2025-11,51711,Rio Claro Servicos S/A,Industria,Interior Norte,Rogerio Antunes,Vassoura Nylon - Pacote 100,Acessorios,VENDA,3,1.68,93.45,45.48,25.25,2.27,7.58,20.45
2025-11-18,2025-11,51718,Boreal Comercio EIRELI,Mercado,Interior Sul,Simone Klein,Prato Descartavel 15cm - Caixa 24,Descartaveis,VENDA,1,3.95,33.65,30.83,2.42,1.18,2.42,-0.78
2025-11-20,2025-11,51729,Boreal Comercio EIRELI,Mercado,Interior Sul,Simone Klein,Luva Plastica Descartavel - Fardo 6,Descartaveis,VENDA,10,6.96,172.97,152.5,16.81,5.64,5.04,-1.98
2025-11-20,2025-11,51731,Vitoria Distribuidora LTDA ME,Hotel,Interior Sul,Tarcisio Bueno,SACO LIXO 60L - PACOTE 100,Descartaveis,VENDA,2,7.6,28.0,26.66,2.47,0.78,2.47,-1.91
2025-11-20,2025-11,51732,Nortao Industria ME,Padaria,Interior Norte,Simone Klein,Luva Plastica Descartavel - Pacote 100,Descartaveis,VENDA,2,9.97,44.98,33.88,14.74,1.21,4.42,-4.85
2025-11-24,2025-11,51743,Trevo Empreendimentos LTDA,Padaria,Interior Norte,Rogerio Antunes,Luva Plastica Descartavel - Fardo 12,Descartaveis,VENDA,20,15.15,699.0,725.0,36.98,20.97,36.98,-83.95
2025-11-24,2025-11,51743,Trevo Empreendimentos LTDA,Padaria,Interior Norte,Rogerio Antunes,Papel Toalha Interfolha 1000f,Papel,VENDA,2,2.14,56.88,41.84,3.01,1.71,3.01,10.32
2025-11-24,2025-11,51747,Central Negocios LTDA ME,Clinica,Interior Sul,Simone Klein,AVENTAL PVC - CAIXA 24,EPI,VENDA,1,1.46,23.41,12.66,4.7,0.7,1.41,5.35
2025-11-26,2025-11,51764,Vitoria Distribuidora LTDA ME,Hotel,Interior Sul,Tarcisio Bueno,BOBINA PAPEL TOALHA 200M - PACOTE 100,Papel,VENDA,3,4.13,111.57,65.55,34.68,2.44,10.41,8.9
2025-11-27,2025-11,51767,Vitoria Comercio LTDA,Industria,Interior Sul,Simone Klein,OCULOS PROTECAO - FARDO 6,EPI,VENDA,5,0.4,42.23,22.3,9.19,1.25,2.76,9.49
2025-11-27,2025-11,51767,Vitoria Comercio LTDA,Industria,Interior Sul,Simone Klein,Copo Descartavel 200ml - Pacote 100,Descartaveis,VENDA,1,0.79,38.43,28.9,8.36,1.14,2.51,0.03
2025-11-28,2025-11,51774,Pampa Alimentos ME,Padaria,Regiao Metropolitana,Rogerio Antunes,Papel Toalha Interfolha 1000f - Caixa 24,Papel,VENDA,1,3.93,101.14,50.05,49.09,2.0,14.73,-0.0
2025-12-01,2025-12,51785,Estrela Servicos LTDA,Escola,Litoral,Tarcisio Bueno,saco lixo 30l - fardo 6,Descartaveis,VENDA,3,10.21,39.54,38.76,1.45,1.11,1.45,-1.78
2025-12-01,2025-12,51786,Alvorada Distribuidora ME,Mercado,Interior Sul,Simone Klein,Papel Higienico Folha Dupla 30m - Fardo 12,Papel,VENDA,3,4.0,222.41,151.38,29.38,7.06,8.81,34.59
2025-12-02,2025-12,51790,Rio Claro Servicos EIRELI,Mercado,Interior Norte,Tarcisio Bueno,Prato Descartavel 15cm - Caixa 24,Descartaveis,VENDA,1,10.18,22.24,19.37,3.53,0.55,1.06,-1.21
2025-12-02,2025-12,51794,Nortao Industria ME,Padaria,Interior Norte,Simone Klein,Mop Umido,Acessorios,VENDA,20,9.99,735.6,482.2,47.2,25.75,47.2,180.45
2025-12-02,2025-12,51794,Nortao Industria ME,Padaria,Interior Norte,Simone Klein,Talher Descartavel Misto - Caixa 24,Descartaveis,VENDA,5,8.64,162.6,156.65,10.43,5.69,10.43,-10.17
2025-12-03,2025-12,51800,Aurora Negocios EIRELI,Hotel,Regiao Metropolitana,Rogerio Antunes,papel toalha rolo 100f - fardo 6,Papel,VENDA,1,1.13,69.18,30.81,38.38,1.27,11.51,-1.28
2025-12-03,2025-12,51805,Imperial Servicos S/A,Clinica,Regiao Metropolitana,Rogerio Antunes,removedor 1l - pacote 100,Quimicos,VENDA,1,6.67,25.03,17.7,2.62,0.75,2.62,3.96
2025-12-05,2025-12,51820,Querencia Participacoes EIRELI,Mercado,Regiao Metropolitana,Tarcisio Bueno,ALCOOL 70 1L - FARDO 6,Quimicos,DEVOLUCAO,-1,4.34,-60.8,-41.95,4.89,-1.7,4.89,-22.04
2025-12-05,2025-12,51823,Querencia Empreendimentos LTDA,Clinica,Interior Sul,Simone Klein,mop umido - fardo 6,Acessorios,VENDA,2,4.92,65.2,40.46,5.72,2.28,5.72,16.74
2025-12-06,2025-12,51829,BOREAL SERVICOS LTDA ME,Escola,Regiao Metropolitana,Tarcisio Bueno,Papel Toalha Rolo 100f - Caixa 24,Papel,VENDA,20,7.37,906.4,704.6,64.93,25.38,64.93,111.49
2025-12-06,2025-12,51829,BOREAL SERVICOS LTDA ME,Escola,Regiao Metropolitana,Tarcisio Bueno,Papel Toalha Interfolha 1000f - Caixa 24,Papel,VENDA,1,2.4,46.51,34.31,3.33,1.3,3.33,7.57
2025-12-08,2025-12,51832,Querencia Participacoes EIRELI,Mercado,Regiao Metropolitana,Tarcisio Bueno,Rodo 40cm - Pacote 100,Acessorios,VENDA,5,1.91,103.6,62.3,7.88,2.9,7.88,30.52
2025-12-09,2025-12,51847,Serrano Servicos LTDA ME,Mercado,Interior Norte,Simone Klein,Borrifador 500ml - Fardo 12,Acessorios,VENDA,50,2.72,1006.5,610.5,50.67,35.23,50.67,310.1
2025-12-09,2025-12,51847,Serrano Servicos LTDA ME,Mercado,Interior Norte,Simone Klein,Luva Latex - Fardo 12,EPI,VENDA,1,1.25,9.75,6.12,0.49,0.34,0.49,2.8
2025-12-09,2025-12,51848,Serrano Servicos LTDA ME,Mercado,Interior Norte,Simone Klein,Limpador Multiuso 5L,Quimicos,VENDA,1,3.08,43.07,29.33,6.22,1.51,6.22,6.01
2025-12-09,2025-12,51848,Serrano Servicos LTDA ME,Mercado,Interior Norte,Simone Klein,papel higienico rolao 300m - fardo 6,Papel,VENDA,1,4.6,81.3,61.36,11.75,2.85,11.75,5.34
2025-12-10,2025-12,51852,Rio Claro Servicos EIRELI,Mercado,Interior Norte,Tarcisio Bueno,Marmitex Aluminio 800ml - Caixa 24,Descartaveis,VENDA,5,8.44,207.38,171.75,40.98,5.0,12.3,-10.35
2025-12-10,2025-12,51856,Estrela Industria EIRELI,Clinica,Interior Norte,Rogerio Antunes,removedor 1l - pacote 100,Quimicos,VENDA,5,0.36,149.25,88.5,22.36,4.01,6.71,34.38
2025-12-11,2025-12,51861,Serrano Servicos LTDA ME,Mercado,Interior Norte,Simone Klein,Copo Descartavel 50ml - Pacote 100,Descartaveis,VENDA,10,8.21,134.2,128.7,11.41,4.7,11.41,-10.61
2025-12-11,2025-12,51862,Nortao Alimentos S/A,Escola,Interior Norte,Simone Klein,removedor 1l - pacote 100,Quimicos,VENDA,20,5.41,507.4,354.0,24.84,17.76,24.84,110.8
2025-12-13,2025-12,51878,Luminar Participacoes LTDA,Condominio,Litoral,Simone Klein,Prato Descartavel 15cm - Caixa 24,Descartaveis,VENDA,2,1.03,69.34,61.66,3.34,2.43,3.34,1.91
2025-12-16,2025-12,51893,Serrano Servicos LTDA ME,Mercado,Interior Norte,Simone Klein,Luva Plastica Descartavel - Pacote 100,Descartaveis,VENDA,3,9.65,64.8,50.82,18.04,1.83,5.41,-5.89
2025-12-17,2025-12,51901,Horizonte Distribuidora S/A,Condominio,Regiao Metropolitana,Rogerio Antunes,Cera Liquida Incolor 5L - Fardo 6,Quimicos,VENDA,20,2.45,649.6,439.6,32.21,19.49,32.21,158.3
2025-12-17,2025-12,51905,Querencia Participacoes EIRELI,Mercado,Regiao Metropolitana,Tarcisio Bueno,Marmitex Aluminio 800ml - Caixa 24,Descartaveis,VENDA,1,10.27,10.69,10.48,0.94,0.3,0.94,-1.03
2025-12-17,2025-12,51905,Querencia Participacoes EIRELI,Mercado,Regiao Metropolitana,Tarcisio Bueno,Luva Plastica Descartavel - Pacote 100,Descartaveis,VENDA,5,12.8,83.95,84.7,7.42,2.35,7.42,-10.52
2025-12-19,2025-12,51914,Luminar Alimentos S/A,Restaurante,Interior Sul,Rogerio Antunes,Papel Higienico Rolao 300m - Fardo 12,Papel,VENDA,2,2.39,156.87,89.24,51.28,3.63,15.39,12.72
2025-12-22,2025-12,51923,Nortao Industria LTDA,Industria,Interior Sul,Rogerio Antunes,Luva Plastica Descartavel - Fardo 12,Descartaveis,VENDA,3,4.24,142.8,108.75,34.97,3.55,10.49,-4.47
2025-12-22,2025-12,51928,BOREAL SERVICOS LTDA ME,Escola,Regiao Metropolitana,Tarcisio Bueno,Limpa Vidros 500ml - Fardo 12,Quimicos,VENDA,5,7.9,247.39,166.2,22.13,6.49,6.64,52.57
2025-12-22,2025-12,51929,Uniao Servicos LTDA,Industria,Interior Sul,Tarcisio Bueno,Luva Latex - Fardo 12,EPI,VENDA,2,5.9,18.58,12.24,1.05,0.52,1.05,4.77
2025-12-23,2025-12,51932,Trevo Alimentos EIRELI,Condominio,Interior Norte,Simone Klein,Balde 20L - Fardo 12,Acessorios,VENDA,3,4.17,71.97,44.31,4.5,2.52,4.5,20.64
2025-12-24,2025-12,51944,Serrano Servicos LTDA ME,Mercado,Interior Norte,Simone Klein,Talher Descartavel Misto - Fardo 6,Descartaveis,VENDA,50,0.1,2060.0,1814.5,67.13,72.1,67.13,106.27
2025-12-24,2025-12,51947,Zenite Participacoes ME,Padaria,Interior Norte,Simone Klein,Alcool 70 1L - Caixa 24,Quimicos,VENDA,5,2.18,92.25,62.25,5.77,3.23,5.77,21.0
2025-12-24,2025-12,51947,Zenite Participacoes ME,Padaria,Interior Norte,Simone Klein,ESCOVA SANITARIA - CAIXA 24,Acessorios,VENDA,20,3.18,578.0,352.2,36.12,20.23,36.12,169.45
2025-12-25,2025-12,51959,Serrano Servicos LTDA ME,Mercado,Interior Norte,Simone Klein,Copo Descartavel 200ml - Fardo 12,Descartaveis,VENDA,3,0.31,130.06,94.2,33.35,3.73,10.0,-1.22
2025-12-26,2025-12,51972,Serrano Servicos LTDA ME,Mercado,Interior Norte,Simone Klein,Prato Descartavel 15cm,Descartaveis,VENDA,5,9.38,144.2,140.05,7.26,5.05,7.26,-8.16
2025-12-29,2025-12,51985,Trevo Empreendimentos LTDA,Padaria,Interior Norte,Rogerio Antunes,Bota PVC - Fardo 6,EPI,VENDA,1,3.24,23.92,11.74,7.99,0.55,2.4,3.64
2025-12-29,2025-12,51987,Guarani Servicos S/A,Restaurante,Regiao Metropolitana,Simone Klein,Alvejante 5L - Fardo 12,Quimicos,VENDA,3,5.87,83.37,51.03,15.13,2.55,4.54,14.66
2025-12-31,2025-12,51999,Trevo Empreendimentos LTDA,Padaria,Interior Norte,Rogerio Antunes,Saco Lixo 60L - Fardo 6,Descartaveis,VENDA,1,15.93,8.01,8.39,0.69,0.24,0.69,-1.31
2025-12-31,2025-12,52003,Horizonte Distribuidora S/A,Condominio,Regiao Metropolitana,Rogerio Antunes,Papel Toalha Interfolha 1000f - Caixa 24,Papel,VENDA,10,5.88,478.61,343.1,43.01,13.46,12.9,79.05
2025-01-01,2025-01,50003,Alvorada Distribuidora ME,Mercado,Interior Sul,Simone Klein,Sabao Liquido 5L - Fardo 12,Quimicos,VENDA,3,3.18,51.38,31.23,7.96,1.6,2.39,10.59
2025-01-02,2025-01,50012,Luminar Alimentos S/A,Restaurante,Interior Sul,Rogerio Antunes,Cera Liquida Incolor 5L,Quimicos,VENDA,3,4.22,150.99,104.04,14.84,4.53,14.84,27.58
2025-01-03,2025-01,50017,Boreal Negocios ME,Padaria,Interior Norte,Rogerio Antunes,Limpador Multiuso 5L - Fardo 6,Quimicos,VENDA,1,2.44,50.31,25.99,16.99,1.15,5.1,6.18
2025-01-04,2025-01,50022,Serrano Servicos LTDA ME,Mercado,Interior Norte,Simone Klein,DESINFETANTE LAVANDA 5L - FARDO 6,Quimicos,VENDA,1,2.47,45.94,27.63,7.29,1.43,2.18,9.59
2025-01-06,2025-01,50027,Estrela Industria EIRELI,Clinica,Interior Norte,Rogerio Antunes,Saco Lixo 100L - Pacote 100,Descartaveis,VENDA,2,5.16,34.32,31.84,1.93,1.03,1.93,-0.48
2025-01-08,2025-01,50038,Xavante Servicos EIRELI,Padaria,Litoral,Rogerio Antunes,Alvejante 5L,Quimicos,VENDA,5,3.17,305.45,208.2,25.55,9.16,25.55,62.54
2025-01-08,2025-01,50041,Trevo Comercio ME,Clinica,Regiao Metropolitana,Tarcisio Bueno,Papel Toalha Interfolha 1000f - Caixa 24,Papel,VENDA,2,0.8,137.9,100.1,13.75,3.86,13.75,20.19
2025-01-10,2025-01,50050,Horizonte Distribuidora S/A,Condominio,Regiao Metropolitana,Rogerio Antunes,Papel Higienico Folha Dupla 30m,Papel,VENDA,3,4.01,99.86,54.21,39.42,2.17,11.83,4.06
2025-01-13,2025-01,50060,Boreal Comercio EIRELI,Mercado,Interior Sul,Simone Klein,papel higienico rolao 300m - fardo 6,Papel,VENDA,2,2.95,205.84,122.72,57.74,5.79,17.32,19.59
2025-01-13,2025-01,50060,Boreal Comercio EIRELI,Mercado,Interior Sul,Simone Klein,Oculos Protecao,EPI,VENDA,1,1.81,46.0,23.34,12.9,1.29,3.87,8.47
2025-01-13,2025-01,50064,Trevo Alimentos EIRELI,Condominio,Interior Norte,Simone Klein,Cera Liquida Incolor 5L - Fardo 6,Quimicos,VENDA,3,2.78,175.73,105.66,28.71,5.45,8.62,35.91
2025-01-13,2025-01,50065,Imperial Distribuidora LTDA,Industria,Litoral,Tarcisio Bueno,Papel Higienico Rolao 300m - Fardo 12,Papel,VENDA,3,3.59,208.92,133.86,42.39,5.02,12.72,27.65
2025-01-14,2025-01,50068,Boreal Negocios ME,Padaria,Interior Norte,Rogerio Antunes,Papel Higienico Folha Dupla 30m - Fardo 12,Papel,VENDA,2,3.7,148.14,100.92,18.8,4.05,5.64,24.37
2025-01-14,2025-01,50076,Serrano Servicos LTDA ME,Mercado,Interior Norte,Simone Klein,Avental PVC,EPI,VENDA,5,1.39,175.84,95.55,34.13,5.32,10.24,40.84
2025-01-17,2025-01,50086,XAVANTE EMPREENDIMENTOS LTDA ME,Mercado,Interior Norte,Simone Klein,Vassoura Nylon,Acessorios,VENDA,2,1.66,43.09,20.18,13.5,1.18,4.05,8.23
2025-01-20,2025-01,50093,Querencia Alimentos LTDA,Mercado,Interior Norte,Simone Klein,Marmitex Aluminio 800ml - Caixa 24,Descartaveis,VENDA,2,0.65,51.47,20.96,39.72,0.83,11.91,-10.04
2025-01-20,2025-01,50097,Imperial Servicos S/A,Clinica,Regiao Metropolitana,Rogerio Antunes,Luva Latex - Fardo 12,EPI,VENDA,5,0.3,57.28,30.6,11.54,1.48,3.46,13.66
2025-01-22,2025-01,50112,UNIAO ALIMENTOS LTDA ME,Restaurante,Litoral,Simone Klein,Vassoura Nylon,Acessorios,VENDA,1,0.45,19.29,10.09,3.25,0.6,0.98,5.35
2025-01-22,2025-01,50113,Horizonte Industria S/A,Escola,Interior Norte,Rogerio Antunes,sabao liquido 5l - pacote 100,Quimicos,VENDA,2,2.18,67.88,45.8,7.62,2.04,7.62,12.42
2025-01-24,2025-01,50128,Querencia Alimentos LTDA,Mercado,Interior Norte,Simone Klein,PAPEL HIGIENICO ROLAO 300M,Papel,VENDA,1,4.86,19.06,12.54,3.55,0.58,1.06,2.39
2025-01-24,2025-01,50133,Oriente Participacoes LTDA,Clinica,Regiao Metropolitana,Simone Klein,PAPEL HIGIENICO ROLAO 300M,Papel,VENDA,1,1.65,21.09,12.54,5.66,0.6,1.7,2.29
2025-01-24,2025-01,50134,BOREAL SERVICOS LTDA ME,Escola,Regiao Metropolitana,Tarcisio Bueno,Copo Descartavel 200ml - Pacote 100,Descartaveis,VENDA,1,11.17,41.09,28.9,17.02,0.82,5.1,-5.65
2025-01-28,2025-01,50142,Rio Claro Negocios LTDA,Restaurante,Regiao Metropolitana,Simone Klein,Papel Toalha Interfolha 1000f - Caixa 24,Papel,VENDA,1,4.18,66.6,50.05,2.52,2.33,2.52,11.7
2025-01-29,2025-01,50147,Xavante Servicos EIRELI,Padaria,Litoral,Rogerio Antunes,Cera Liquida Incolor 5L - Fardo 6,Quimicos,VENDA,1,2.4,58.63,35.22,9.35,1.56,2.8,12.5
2025-01-29,2025-01,50147,Xavante Servicos EIRELI,Padaria,Litoral,Rogerio Antunes,Limpador Multiuso 5L,Quimicos,VENDA,3,0.09,149.94,87.99,23.92,4.0,7.18,34.03
2025-01-31,2025-01,50162,Oriente Participacoes LTDA,Clinica,Regiao Metropolitana,Simone Klein,Alvejante 5L - Fardo 6,Quimicos,VENDA,1,2.02,27.5,15.79,5.81,0.82,1.75,5.08
2025-01-31,2025-01,50165,Querencia Participacoes EIRELI,Mercado,Regiao Metropolitana,Tarcisio Bueno,Alvejante 5L,Quimicos,VENDA,1,4.07,67.99,41.64,10.67,1.69,3.2,13.99
2025-01-31,2025-01,50166,BOREAL SERVICOS LTDA ME,Escola,Regiao Metropolitana,Tarcisio Bueno,Mop Umido - Caixa 24,Acessorios,VENDA,1,5.62,31.61,15.79,9.07,0.71,2.72,6.04
2025-01-31,2025-01,50167,Serrano Alimentos EIRELI,Padaria,Regiao Metropolitana,Simone Klein,Balde 20L - Caixa 24,Acessorios,VENDA,5,1.12,68.4,40.8,2.88,2.39,2.88,22.33
2025-01-31,2025-01,50168,Uniao Servicos LTDA,Industria,Interior Sul,Tarcisio Bueno,Luva Plastica Descartavel - Fardo 6,Descartaveis,VENDA,1,12.18,18.96,15.25,5.34,0.43,1.6,-2.06
2025-01-31,2025-01,50168,Uniao Servicos LTDA,Industria,Interior Sul,Tarcisio Bueno,AVENTAL PVC - CAIXA 24,EPI,VENDA,5,6.32,119.13,63.3,33.54,2.68,10.06,19.61
2025-02-01,2025-02,50171,Oriente Negocios LTDA ME,Industria,Litoral,Rogerio Antunes,Copo Descartavel 200ml - Pacote 100,Descartaveis,VENDA,1,8.55,60.39,28.9,43.37,0.9,13.01,-12.78
2025-02-03,2025-02,50179,Estrela Servicos LTDA,Escola,Litoral,Tarcisio Bueno,SABAO LIQUIDO 5L - FARDO 6,Quimicos,VENDA,1,1.37,53.14,28.01,16.12,1.17,4.84,7.84
2025-02-03,2025-02,50182,Pampa Alimentos ME,Padaria,Regiao Metropolitana,Rogerio Antunes,Mop Umido - Caixa 24,Acessorios,VENDA,10,6.71,329.2,208.2,54.7,9.88,54.7,56.42
2025-02-04,2025-02,50183,Oriente Participacoes LTDA,Clinica,Regiao Metropolitana,Simone Klein,Mop Umido - Caixa 24,Acessorios,VENDA,2,1.61,79.37,41.64,14.18,2.43,4.25,21.12
2025-02-04,2025-02,50191,Trevo Empreendimentos LTDA,Padaria,Interior Norte,Rogerio Antunes,Rodo 40cm - Caixa 24,Acessorios,VENDA,1,0.46,24.73,7.16,18.07,0.36,5.42,-0.86
2025-02-05,2025-02,50195,XAVANTE EMPREENDIMENTOS LTDA ME,Mercado,Interior Norte,Simone Klein,Embalagem Delivery 750ml,Descartaveis,VENDA,3,4.16,96.67,72.06,25.99,2.75,7.8,-4.13
2025-02-06,2025-02,50200,Xavante Negocios ME,Hotel,Regiao Metropolitana,Simone Klein,Papel Toalha Interfolha 1000f - Caixa 24,Papel,VENDA,2,0.26,156.33,100.1,25.25,4.85,7.58,26.13
2025-02-06,2025-02,50202,Horizonte Distribuidora S/A,Condominio,Regiao Metropolitana,Rogerio Antunes,Balde 20L - Pacote 100,Acessorios,VENDA,20,1.3,643.8,384.8,33.66,19.31,33.66,206.03
2025-02-07,2025-02,50207,Estrela Industria EIRELI,Clinica,Interior Norte,Rogerio Antunes,ESCOVA SANITARIA - CAIXA 24,Acessorios,VENDA,1,2.13,41.85,17.61,18.07,0.88,5.43,5.29
2025-02-07,2025-02,50208,Querencia Empreendimentos LTDA,Clinica,Interior Sul,Simone Klein,Vassoura Nylon - Pacote 100,Acessorios,VENDA,1,0.77,35.25,15.16,13.94,0.89,4.18,5.26
2025-02-10,2025-02,50213,Luminar Alimentos S/A,Restaurante,Interior Sul,Rogerio Antunes,Cera Liquida Incolor 5L - Fardo 6,Quimicos,VENDA,10,1.38,353.18,219.8,35.4,9.85,10.62,88.13
2025-02-11,2025-02,50220,Horizonte Distribuidora S/A,Condominio,Regiao Metropolitana,Rogerio Antunes,Oculos Protecao - Fardo 6,EPI,VENDA,1,2.21,35.59,19.95,5.89,0.94,1.77,8.81
2025-02-11,2025-02,50221,Uniao Comercio EIRELI,Escola,Interior Sul,Rogerio Antunes,DESINFETANTE LAVANDA 5L - PACOTE 100,Quimicos,VENDA,1,3.07,69.0,41.09,12.35,1.81,3.7,13.75
2025-02-11,2025-02,50224,Zenite Industria LTDA,Mercado,Litoral,Simone Klein,Bota PVC - Fardo 12,EPI,VENDA,1,0.62,34.34,18.14,7.52,1.02,2.26,7.66
2025-02-11,2025-02,50224,Zenite Industria LTDA,Mercado,Litoral,Simone Klein,Alcool 70 1L - Caixa 24,Quimicos,VENDA,5,2.03,109.13,62.25,23.9,3.23,7.17,19.75
2025-02-13,2025-02,50229,Serrano Servicos LTDA ME,Mercado,Interior Norte,Simone Klein,Sabao Liquido 5L - Fardo 12,Quimicos,VENDA,2,2.78,30.66,20.82,3.45,1.07,3.45,5.32
2025-02-14,2025-02,50233,BOREAL SERVICOS LTDA ME,Escola,Regiao Metropolitana,Tarcisio Bueno,Limpa Vidros 500ml,Quimicos,VENDA,2,2.16,70.3,36.36,23.43,1.51,7.03,9.0
2025-02-14,2025-02,50237,BOREAL SERVICOS LTDA ME,Escola,Regiao Metropolitana,Tarcisio Bueno,Oculos Protecao - Caixa 24,EPI,VENDA,5,2.21,174.06,88.8,48.51,3.92,14.55,32.83
2025-02-17,2025-02,50245,Rio Claro Negocios LTDA,Restaurante,Regiao Metropolitana,Simone Klein,removedor 1l - pacote 100,Quimicos,VENDA,3,4.14,77.13,53.1,4.55,2.7,4.55,16.78
2025-02-18,2025-02,50258,Horizonte Distribuidora S/A,Condominio,Regiao Metropolitana,Rogerio Antunes,Oculos Protecao - Fardo 6,EPI,VENDA,2,1.73,79.75,39.9,23.58,1.9,7.07,14.37
2025-02-19,2025-02,50264,Rio Claro Servicos EIRELI,Mercado,Interior Norte,Tarcisio Bueno,Copo Descartavel 50ml,Descartaveis,VENDA,1,2.12,45.17,32.55,12.81,1.01,3.85,-1.2
2025-02-19,2025-02,50265,Alvorada Servicos LTDA,Hotel,Interior Norte,Rogerio Antunes,Detergente Neutro 5L - Pacote 100,Quimicos,VENDA,10,4.31,229.08,147.6,21.55,6.42,6.47,53.51
2025-02-20,2025-02,50276,Boreal Negocios ME,Padaria,Interior Norte,Rogerio Antunes,Guardanapo 24x24 - Caixa 24,Papel,VENDA,3,1.28,201.15,146.7,12.43,6.03,12.43,35.99
2025-02-21,2025-02,50279,Querencia Alimentos LTDA,Mercado,Interior Norte,Simone Klein,Papel Toalha Interfolha 1000f - Pacote 100,Papel,VENDA,3,0.54,262.25,173.19,32.85,8.37,9.85,47.84
2025-02-21,2025-02,50279,Querencia Alimentos LTDA,Mercado,Interior Norte,Simone Klein,Papel Higienico Rolao 300m - Fardo 12,Papel,VENDA,3,2.99,294.77,199.59,36.93,9.41,11.08,48.84
2025-02-24,2025-02,50289,Zenite Participacoes ME,Padaria,Interior Norte,Simone Klein,SACO LIXO 60L - PACOTE 100,Descartaveis,VENDA,5,6.64,91.6,66.65,29.85,2.47,8.95,-7.37
2025-02-24,2025-02,50290,Querencia Participacoes EIRELI,Mercado,Regiao Metropolitana,Tarcisio Bueno,Marmitex Aluminio 800ml - Caixa 24,Descartaveis,VENDA,3,5.97,38.8,31.44,7.43,0.94,2.23,-1.01
2025-03-01,2025-03,50324,Imperial Servicos S/A,Clinica,Regiao Metropolitana,Rogerio Antunes,Limpa Vidros 500ml,Quimicos,DEVOLUCAO,-1,1.07,-27.26,-18.18,0.63,-0.82,0.63,-8.89
2025-03-01,2025-03,50326,Querencia Participacoes EIRELI,Mercado,Regiao Metropolitana,Tarcisio Bueno,Limpa Vidros 500ml - Fardo 12,Quimicos,VENDA,5,3.47,263.04,166.2,28.56,6.81,8.57,61.47
2025-03-03,2025-03,50331,Imperial Servicos S/A,Clinica,Regiao Metropolitana,Rogerio Antunes,Papel Higienico Rolao 300m - Fardo 12,Papel,VENDA,1,3.86,73.82,44.62,20.34,1.79,6.1,7.07
2025-03-05,2025-03,50349,BOREAL SERVICOS LTDA ME,Escola,Regiao Metropolitana,Tarcisio Bueno,Limpador Multiuso 5L - Fardo 6,Quimicos,VENDA,3,7.0,130.96,77.97,30.14,3.08,9.04,19.77
2025-03-05,2025-03,50351,Serrano Servicos LTDA ME,Mercado,Interior Norte,Simone Klein,Desinfetante Lavanda 5L - Pacote 100,Quimicos,VENDA,2,1.79,111.48,74.92,10.42,3.9,10.42,22.24
2025-03-06,2025-03,50364,Estrela Negocios EIRELI,Padaria,Interior Norte,Rogerio Antunes,Papel Higienico Folha Dupla 30m - Fardo 12,Papel,VENDA,3,4.37,87.72,55.44,20.1,2.21,6.03,9.97
2025-03-10,2025-03,50381,Serrano Servicos LTDA ME,Mercado,Interior Norte,Simone Klein,papel toalha rolo 100f,Papel,VENDA,5,2.92,268.46,184.85,27.44,8.72,8.23,47.45
2025-03-10,2025-03,50383,Nortao Empreendimentos LTDA ME,Padaria,Interior Sul,Tarcisio Bueno,Limpa Vidros 500ml,Quimicos,VENDA,3,3.55,79.71,54.54,4.65,2.23,4.65,18.29
2025-03-10,2025-03,50386,Bandeirante Comercio ME,Condominio,Litoral,Rogerio Antunes,Limpa Vidros 500ml - Caixa 24,Quimicos,VENDA,3,3.37,133.98,75.54,33.43,3.32,10.03,21.69
2025-03-10,2025-03,50387,Zenite Industria LTDA,Mercado,Litoral,Simone Klein,papel higienico folha dupla 30m - fardo 12,Papel,VENDA,1,3.57,84.18,51.04,22.59,2.39,6.77,8.16
2025-03-11,2025-03,50398,Oriente Negocios LTDA ME,Industria,Litoral,Rogerio Antunes,saco lixo 100l - fardo 12,Descartaveis,VENDA,3,2.55,98.07,88.56,3.55,2.94,3.55,3.02
2025-03-12,2025-03,50408,Vitoria Comercio LTDA,Industria,Interior Sul,Simone Klein,Copo Descartavel 200ml,Descartaveis,VENDA,2,10.13,60.98,59.72,1.66,2.13,1.66,-2.53
2025-03-12,2025-03,50410,Pampa Alimentos ME,Padaria,Regiao Metropolitana,Rogerio Antunes,Rodo 40cm - Caixa 24,Acessorios,VENDA,3,2.61,51.77,21.48,23.3,1.06,6.99,5.93
2025-03-14,2025-03,50428,Alvorada Servicos LTDA,Hotel,Interior Norte,Rogerio Antunes,Alvejante 5L - Caixa 24,Quimicos,VENDA,2,1.17,127.1,75.6,19.85,3.4,5.95,28.25
2025-03-14,2025-03,50433,Luminar Alimentos S/A,Restaurante,Interior Sul,Rogerio Antunes,OCULOS PROTECAO - FARDO 6,EPI,VENDA,3,1.29,23.46,13.38,3.09,0.64,0.93,6.35
2025-03-15,2025-03,50440,Estrela Negocios EIRELI,Padaria,Interior Norte,Rogerio Antunes,BORRIFADOR 500ML - FARDO 12,Acessorios,VENDA,10,2.7,534.26,287.2,86.5,14.21,25.94,146.35
2025-03-17,2025-03,50442,Uniao Servicos LTDA,Industria,Interior Sul,Tarcisio Bueno,Embalagem Delivery 750ml - Fardo 6,Descartaveis,VENDA,2,15.31,61.3,63.7,10.11,1.72,10.11,-14.23
2025-03-17,2025-03,50442,Uniao Servicos LTDA,Industria,Interior Sul,Tarcisio Bueno,REMOVEDOR 1L - CAIXA 24,Quimicos,VENDA,2,9.89,27.5,20.14,4.54,0.77,4.54,2.05
2025-03-17,2025-03,50449,Serrano Servicos LTDA ME,Mercado,Interior Norte,Simone Klein,Talher Descartavel Misto - Fardo 6,Descartaveis,VENDA,1,7.94,57.74,36.29,28.24,1.33,8.47,-8.12
2025-03-17,2025-03,50450,Querencia Participacoes EIRELI,Mercado,Regiao Metropolitana,Tarcisio Bueno,Papel Higienico Folha Dupla 30m - Fardo 12,Papel,VENDA,10,4.73,667.7,504.6,33.77,18.7,33.77,110.63
2025-03-17,2025-03,50452,TREVO ALIMENTOS S/A,Mercado,Interior Norte,Rogerio Antunes,Saco Lixo 60L - Fardo 6,Descartaveis,VENDA,50,22.32,370.0,419.5,38.12,11.1,38.12,-98.72
2025-03-18,2025-03,50458,Serrano Servicos LTDA ME,Mercado,Interior Norte,Simone Klein,Copo Descartavel 50ml - Fardo 6,Descartaveis,VENDA,3,3.52,102.03,79.35,21.48,3.05,6.45,-1.84
2025-03-18,2025-03,50459,Central Negocios ME,Mercado,Interior Sul,Tarcisio Bueno,Alcool 70 1L - Caixa 24,Quimicos,VENDA,5,0.03,206.15,136.1,11.77,5.77,11.77,52.51
2025-03-20,2025-03,50474,Estrela Servicos ME,Hotel,Interior Sul,Tarcisio Bueno,Limpa Vidros 500ml - Fardo 12,Quimicos,VENDA,10,7.4,466.3,332.4,32.72,13.06,32.72,88.12
2025-03-22,2025-03,50493,Uniao Servicos LTDA,Industria,Interior Sul,Tarcisio Bueno,Limpador Multiuso 5L,Quimicos,VENDA,2,1.99,87.12,58.66,6.05,2.44,6.05,19.97
2025-03-22,2025-03,50496,Querencia Participacoes EIRELI,Mercado,Regiao Metropolitana,Tarcisio Bueno,PRATO DESCARTAVEL 15CM - PACOTE 100,Descartaveis,VENDA,20,2.78,730.2,660.8,59.72,20.45,59.72,-10.77
2025-03-24,2025-03,50502,Nortao Empreendimentos LTDA ME,Padaria,Interior Sul,Tarcisio Bueno,Marmitex Aluminio 800ml - Caixa 24,Descartaveis,VENDA,10,11.86,376.32,343.5,46.17,9.63,13.85,-22.98
2025-03-25,2025-03,50504,Querencia Participacoes EIRELI,Mercado,Regiao Metropolitana,Tarcisio Bueno,Guardanapo 24x24,Papel,VENDA,1,4.44,68.89,43.87,15.25,1.63,4.58,8.14
2025-03-25,2025-03,50504,Querencia Participacoes EIRELI,Mercado,Regiao Metropolitana,Tarcisio Bueno,LUVA PLASTICA DESCARTAVEL,Descartaveis,VENDA,2,9.18,78.69,64.44,17.41,1.86,5.22,-5.02
2025-03-25,2025-03,50506,Nortao Empreendimentos LTDA ME,Padaria,Interior Sul,Tarcisio Bueno,papel toalha rolo 100f,Papel,VENDA,3,1.16,181.52,110.91,41.81,4.26,12.54,24.54
2025-03-26,2025-03,50513,Querencia Participacoes EIRELI,Mercado,Regiao Metropolitana,Tarcisio Bueno,Rodo 40cm - Pacote 100,Acessorios,VENDA,1,1.72,24.91,12.46,5.92,0.58,1.77,5.95
2025-03-26,2025-03,50514,BOREAL SERVICOS LTDA ME,Escola,Regiao Metropolitana,Tarcisio Bueno,Detergente Neutro 5L - Caixa 24,Quimicos,VENDA,3,5.31,136.62,95.22,7.93,3.83,7.93,29.64
2025-03-27,2025-03,50522,Serrano Servicos LTDA ME,Mercado,Interior Norte,Simone Klein,Prato Descartavel 15cm - Caixa 24,Descartaveis,VENDA,5,10.45,118.86,96.85,29.01,3.45,8.7,-10.45
2025-03-27,2025-03,50531,Vitoria Distribuidora LTDA ME,Hotel,Interior Sul,Tarcisio Bueno,removedor 1l,Quimicos,VENDA,1,0.97,58.04,38.68,5.38,1.63,5.38,12.35
2025-03-27,2025-03,50531,Vitoria Distribuidora LTDA ME,Hotel,Interior Sul,Tarcisio Bueno,Bota PVC - Fardo 12,EPI,VENDA,20,1.19,578.2,362.8,53.57,16.19,53.57,145.64
2025-03-27,2025-03,50532,Oriente Participacoes LTDA,Clinica,Regiao Metropolitana,Simone Klein,Bobina Papel Toalha 200m,Papel,VENDA,3,5.2,139.08,105.63,12.9,4.87,12.9,15.68
2025-03-28,2025-03,50533,Luminar Participacoes LTDA,Condominio,Litoral,Simone Klein,Bota PVC,EPI,VENDA,2,3.97,49.8,27.24,10.86,1.48,3.26,10.22
2025-03-28,2025-03,50534,Nortao Alimentos S/A,Escola,Interior Norte,Simone Klein,MOP UMIDO - CAIXA 24,Acessorios,VENDA,2,3.35,92.32,56.36,7.99,3.23,7.99,24.74
2025-03-29,2025-03,50540,Serrano Alimentos EIRELI,Padaria,Regiao Metropolitana,Simone Klein,BOBINA PAPEL TOALHA 200M - PACOTE 100,Papel,VENDA,1,2.35,33.22,21.85,5.11,1.04,1.53,5.22
2025-03-29,2025-03,50540,Serrano Alimentos EIRELI,Padaria,Regiao Metropolitana,Simone Klein,Bobina Papel Toalha 200m,Papel,VENDA,5,3.04,265.64,176.05,40.85,8.3,12.26,40.44
2025-03-31,2025-03,50550,Oriente Negocios ME,Restaurante,Interior Sul,Rogerio Antunes,Embalagem Delivery 750ml - Pacote 100,Descartaveis,VENDA,1,14.75,10.65,10.99,0.52,0.32,0.52,-1.18
2025-04-02,2025-04,50563,BOREAL SERVICOS LTDA ME,Escola,Regiao Metropolitana,Tarcisio Bueno,Balde 20L - Caixa 24,Acessorios,VENDA,1,2.46,16.34,8.16,4.07,0.38,1.22,3.73
2025-04-02,2025-04,50564,Serrano Servicos LTDA ME,Mercado,Interior Norte,Simone Klein,Rodo 40cm - Pacote 100,Acessorios,VENDA,1,0.82,20.95,12.46,2.0,0.73,2.0,5.76
2025-04-03,2025-04,50565,Boreal Industria LTDA,Hotel,Litoral,Tarcisio Bueno,Prato Descartavel 15cm - Caixa 24,Descartaveis,VENDA,50,0.6,1094.0,968.5,60.95,30.63,60.95,33.92
2025-04-07,2025-04,50583,Serrano Servicos LTDA ME,Mercado,Interior Norte,Simone Klein,SABAO LIQUIDO 5L - FARDO 6,Quimicos,VENDA,2,3.26,90.81,56.02,12.41,2.87,3.72,19.51
2025-04-07,2025-04,50583,Serrano Servicos LTDA ME,Mercado,Interior Norte,Simone Klein,Embalagem Delivery 750ml - Pacote 100,Descartaveis,VENDA,5,0.46,68.72,54.95,9.39,2.18,2.82,2.2
2025-04-09,2025-04,50599,Trevo Alimentos EIRELI,Condominio,Interior Norte,Simone Klein,Papel Toalha Rolo 100f - Pacote 100,Papel,VENDA,1,7.99,82.62,54.89,17.81,2.46,5.34,7.46
2025-04-09,2025-04,50601,Xavante Negocios ME,Hotel,Regiao Metropolitana,Simone Klein,Rodo 40cm - Caixa 24,Acessorios,VENDA,20,1.54,239.0,143.2,15.32,8.37,15.32,72.12
2025-04-09,2025-04,50602,Vitoria Distribuidora LTDA ME,Hotel,Interior Sul,Tarcisio Bueno,Talher Descartavel Misto - Pacote 100,Descartaveis,VENDA,1,0.04,35.26,26.31,7.68,0.84,2.31,0.43
2025-04-09,2025-04,50603,Horizonte Distribuidora S/A,Condominio,Regiao Metropolitana,Rogerio Antunes,Papel Higienico Rolao 300m - Fardo 12,Papel,VENDA,2,0.51,210.55,133.06,38.13,5.52,11.44,33.84
2025-04-10,2025-04,50606,Guarani Participacoes LTDA ME,Condominio,Litoral,Rogerio Antunes,Saco Lixo 100L - Pacote 100,Descartaveis,VENDA,10,15.53,181.26,159.2,40.66,4.58,12.2,-23.18
2025-04-11,2025-04,50615,Nortao Alimentos S/A,Escola,Interior Norte,Simone Klein,Avental PVC - Pacote 100,EPI,VENDA,3,0.27,40.72,20.07,12.06,1.13,3.62,7.46
2025-04-12,2025-04,50619,BOREAL SERVICOS LTDA ME,Escola,Regiao Metropolitana,Tarcisio Bueno,Embalagem Delivery 750ml,Descartaveis,VENDA,2,9.36,55.82,48.04,9.05,1.39,2.71,-2.66
2025-04-15,2025-04,50626,Trevo Empreendimentos LTDA,Padaria,Interior Norte,Rogerio Antunes,Bobina Papel Toalha 200m,Papel,VENDA,20,5.0,929.0,704.2,66.87,27.87,66.87,130.06
2025-04-15,2025-04,50627,Boreal Negocios ME,Padaria,Interior Norte,Rogerio Antunes,Alcool 70 1L - Caixa 24,Quimicos,VENDA,1,1.66,64.64,27.22,34.4,1.22,10.32,1.8
2025-04-16,2025-04,50630,Luminar Alimentos S/A,Restaurante,Interior Sul,Rogerio Antunes,Desinfetante Lavanda 5L - Pacote 100,Quimicos,VENDA,5,7.22,292.52,187.3,41.74,7.9,12.52,55.58
2025-04-16,2025-04,50632,Trevo Alimentos EIRELI,Condominio,Interior Norte,Simone Klein,Luva Plastica Descartavel - Fardo 12,Descartaveis,VENDA,2,7.98,107.0,72.5,44.57,2.65,13.37,-12.72
2025-04-16,2025-04,50637,Vitoria Distribuidora LTDA ME,Hotel,Interior Sul,Tarcisio Bueno,AVENTAL PVC - CAIXA 24,EPI,VENDA,2,0.66,45.93,25.32,7.64,1.14,2.29,11.83
2025-04-17,2025-04,50642,Querencia Participacoes EIRELI,Mercado,Regiao Metropolitana,Tarcisio Bueno,DESINFETANTE LAVANDA 5L - PACOTE 100,Quimicos,VENDA,10,0.16,621.6,410.9,21.68,17.4,21.68,171.62
2025-04-17,2025-04,50643,Oriente Alimentos ME,Padaria,Interior Norte,Tarcisio Bueno,Prato Descartavel 15cm,Descartaveis,VENDA,10,4.64,338.19,280.1,49.56,8.5,14.87,0.03
2025-04-17,2025-04,50646,Serrano Servicos LTDA ME,Mercado,Interior Norte,Simone Klein,Alvejante 5L - Fardo 12,Quimicos,VENDA,2,3.43,55.04,34.02,7.51,1.74,2.25,11.77
2025-04-17,2025-04,50647,Serrano Servicos LTDA ME,Mercado,Interior Norte,Simone Klein,borrifador 500ml - fardo 6,Acessorios,VENDA,3,0.32,107.66,56.16,18.25,3.32,5.48,29.93
2025-04-18,2025-04,50654,Querencia Distribuidora LTDA ME,Padaria,Interior Norte,Rogerio Antunes,Limpador Multiuso 5L,Quimicos,VENDA,2,0.59,103.43,58.66,21.53,2.65,6.46,20.59
2025-04-18,2025-04,50655,Serrano Servicos LTDA ME,Mercado,Interior Norte,Simone Klein,Desengordurante 5L - Pacote 100,Quimicos,VENDA,3,2.31,62.77,37.11,11.2,1.92,3.36,12.54
2025-04-19,2025-04,50656,Zenite Servicos EIRELI,Industria,Interior Sul,Tarcisio Bueno,MASCARA DESCARTAVEL - CAIXA 24,EPI,VENDA,3,0.52,63.63,39.66,2.2,1.78,2.2,19.99
2025-04-21,2025-04,50657,Uniao Servicos S/A,Condominio,Litoral,Rogerio Antunes,Papel Higienico Folha Dupla 30m - Fardo 12,Papel,VENDA,2,5.2,61.81,36.96,18.75,1.46,5.62,4.64
2025-04-21,2025-04,50659,Nortao Industria ME,Padaria,Interior Norte,Simone Klein,Oculos Protecao - Fardo 6,EPI,VENDA,3,1.05,109.68,59.85,20.23,3.34,6.07,26.26
2025-04-25,2025-04,50679,Horizonte Negocios EIRELI,Escola,Litoral,Simone Klein,Rodo 40cm - Caixa 24,Acessorios,VENDA,2,0.97,27.97,14.32,5.62,0.84,1.69,7.19
2025-04-25,2025-04,50680,Serrano Servicos LTDA ME,Mercado,Interior Norte,Simone Klein,Desengordurante 5L,Quimicos,VENDA,5,4.17,274.45,169.65,40.14,8.62,12.04,56.04
2025-04-25,2025-04,50681,Boreal Comercio EIRELI,Mercado,Interior Sul,Simone Klein,removedor 1l - pacote 100,Quimicos,VENDA,1,1.45,26.43,17.7,2.77,0.93,2.77,5.03
2025-04-29,2025-04,50691,BOREAL SERVICOS LTDA ME,Escola,Regiao Metropolitana,Tarcisio Bueno,COPO DESCARTAVEL 200ML - FARDO 6,Descartaveis,VENDA,5,12.59,133.88,118.1,23.68,3.28,7.1,-11.18
2025-05-01,2025-05,50710,Boreal Empreendimentos LTDA,Industria,Regiao Metropolitana,Tarcisio Bueno,Guardanapo 24x24 - Caixa 24,Papel,VENDA,3,2.43,242.4,146.7,62.28,5.57,18.69,27.85
2025-05-07,2025-05,50739,Oriente Negocios ME,Restaurante,Interior Sul,Rogerio Antunes,COPO DESCARTAVEL 200ML - FARDO 6,Descartaveis,VENDA,20,7.73,495.4,472.4,54.13,14.86,54.13,-45.99
2025-05-07,2025-05,50743,Querencia Alimentos LTDA,Mercado,Interior Norte,Simone Klein,Papel Toalha Interfolha 1000f - Caixa 24,Papel,VENDA,2,0.39,107.12,68.62,17.43,3.32,5.23,17.75
2025-05-08,2025-05,50749,Trevo Alimentos EIRELI,Condominio,Interior Norte,Simone Klein,Marmitex Aluminio 800ml,Descartaveis,VENDA,1,3.75,10.93,8.79,1.87,0.34,0.56,-0.07
2025-05-09,2025-05,50757,Boreal Comercio EIRELI,Mercado,Interior Sul,Simone Klein,PRATO DESCARTAVEL 15CM - PACOTE 100,Descartaveis,VENDA,3,1.44,126.16,99.12,21.62,3.89,6.49,1.53
2025-05-09,2025-05,50758,Jangada Comercio ME,Padaria,Regiao Metropolitana,Simone Klein,Limpa Vidros 500ml - Caixa 24,Quimicos,VENDA,1,1.34,46.78,25.18,13.06,1.32,3.92,7.22
2025-05-09,2025-05,50760,Estrela Servicos ME,Hotel,Interior Sul,Tarcisio Bueno,Talher Descartavel Misto - Caixa 24,Descartaveis,VENDA,3,1.74,132.47,93.99,39.33,2.94,11.8,-3.79
2025-05-12,2025-05,50768,Serrano Servicos LTDA ME,Mercado,Interior Norte,Simone Klein,Bota PVC - Fardo 6,EPI,VENDA,1,0.38,18.87,11.74,1.22,0.66,1.22,5.25
2025-05-13,2025-05,50776,Zenite Servicos EIRELI,Industria,Interior Sul,Tarcisio Bueno,DETERGENTE NEUTRO 5L - PACOTE 100,Quimicos,VENDA,1,2.77,17.65,10.96,2.14,0.45,0.64,4.1
2025-05-14,2025-05,50786,UNIAO ALIMENTOS EIRELI,Industria,Litoral,Simone Klein,ALCOOL 70 1L - FARDO 6,Quimicos,VENDA,1,3.84,71.96,41.95,15.48,2.14,4.64,12.39
2025-05-15,2025-05,50788,Horizonte Distribuidora S/A,Condominio,Regiao Metropolitana,Rogerio Antunes,Prato Descartavel 15cm - Caixa 24,Descartaveis,VENDA,2,9.61,39.78,38.74,4.44,1.19,4.44,-4.59
2025-05-21,2025-05,50806,Vitoria Distribuidora LTDA ME,Hotel,Interior Sul,Tarcisio Bueno,Embalagem Delivery 750ml,Descartaveis,VENDA,10,12.92,287.6,240.2,71.28,6.66,21.38,-30.54
2025-05-22,2025-05,50813,Oriente Negocios LTDA ME,Industria,Litoral,Rogerio Antunes,saco lixo 100l - fardo 12,Descartaveis,VENDA,1,7.57,42.77,29.52,16.8,0.93,5.04,-4.48
2025-05-23,2025-05,50815,Zenite Servicos EIRELI,Industria,Interior Sul,Tarcisio Bueno,Borrifador 500ml - Fardo 12,Acessorios,VENDA,2,0.53,45.26,24.42,5.86,1.15,1.76,13.83
2025-05-23,2025-05,50819,Central Negocios LTDA ME,Clinica,Interior Sul,Simone Klein,Guardanapo 24x24,Papel,VENDA,5,3.58,330.77,219.35,52.89,10.28,15.87,48.25
2025-05-23,2025-05,50819,Central Negocios LTDA ME,Clinica,Interior Sul,Simone Klein,Cera Liquida Incolor 5L,Quimicos,VENDA,1,0.22,59.04,34.68,9.44,1.84,2.83,13.08
2025-05-23,2025-05,50822,Luminar Alimentos S/A,Restaurante,Interior Sul,Rogerio Antunes,Saco Lixo 30L,Descartaveis,VENDA,1,4.5,22.06,17.55,4.32,0.57,1.3,-0.38
2025-05-26,2025-05,50829,Xavante Distribuidora LTDA ME,Clinica,Interior Sul,Rogerio Antunes,Prato Descartavel 15cm,Descartaveis,VENDA,2,0.44,63.38,56.02,10.23,1.9,10.23,-4.77
2025-05-26,2025-05,50829,Xavante Distribuidora LTDA ME,Clinica,Interior Sul,Rogerio Antunes,Avental PVC - Fardo 6,EPI,VENDA,10,1.91,71.3,45.1,11.51,2.14,11.51,12.55
2025-05-26,2025-05,50835,Luminar Participacoes LTDA,Condominio,Litoral,Simone Klein,Copo Descartavel 50ml - Pacote 100,Descartaveis,VENDA,3,6.42,51.0,38.61,14.23,1.44,4.27,-3.28
2025-05-28,2025-05,50850,Horizonte Negocios EIRELI,Escola,Litoral,Simone Klein,Saco Lixo 60L - Fardo 6,Descartaveis,VENDA,2,4.84,27.07,16.78,12.75,0.63,3.82,-3.09
2025-05-28,2025-05,50853,Rio Claro Servicos S/A,Industria,Interior Norte,Rogerio Antunes,ALCOOL 70 1L - FARDO 6,Quimicos,VENDA,2,1.7,136.09,83.9,15.9,3.75,4.77,32.54
2025-05-29,2025-05,50859,Horizonte Distribuidora S/A,Condominio,Regiao Metropolitana,Rogerio Antunes,PAPEL HIGIENICO ROLAO 300M,Papel,VENDA,5,3.86,96.03,62.7,17.54,2.51,5.26,13.28
2025-06-03,2025-06,50875,querencia negocios me,Restaurante,Litoral,Rogerio Antunes,escova sanitaria,Acessorios,VENDA,5,2.55,216.2,130.9,28.85,6.49,28.85,49.96
2025-06-03,2025-06,50877,Querencia Participacoes EIRELI,Mercado,Regiao Metropolitana,Tarcisio Bueno,Avental PVC - Pacote 100,EPI,VENDA,20,3.42,232.63,133.8,34.62,5.84,10.39,58.37
2025-06-04,2025-06,50881,Pampa Alimentos ME,Padaria,Regiao Metropolitana,Rogerio Antunes,COPO DESCARTAVEL 200ML - FARDO 6,Descartaveis,VENDA,1,1.92,31.01,23.62,6.7,0.79,2.01,-0.1
2025-06-04,2025-06,50884,Guarani Servicos LTDA ME,Escola,Litoral,Tarcisio Bueno,Prato Descartavel 15cm,Descartaveis,VENDA,3,1.61,107.08,84.03,18.74,2.63,5.62,1.68
2025-06-05,2025-06,50892,Serrano Servicos LTDA ME,Mercado,Interior Norte,Simone Klein,Rodo 40cm - Pacote 100,Acessorios,VENDA,1,2.81,55.89,27.85,14.32,1.61,4.3,12.11
2025-06-05,2025-06,50896,Alvorada Distribuidora ME,Mercado,Interior Sul,Simone Klein,Luva Latex,EPI,VENDA,3,0.55,59.73,37.23,4.09,2.09,4.09,16.32
2025-06-06,2025-06,50904,Boreal Comercio EIRELI,Mercado,Interior Sul,Simone Klein,Balde 20L,Acessorios,VENDA,50,3.93,1845.5,1133.5,46.89,64.59,46.89,600.52
2025-06-09,2025-06,50908,Estrela Servicos LTDA,Escola,Litoral,Tarcisio Bueno,Luva Plastica Descartavel - Fardo 6,Descartaveis,VENDA,3,17.0,43.14,45.75,1.24,1.21,1.24,-5.06
2025-06-09,2025-06,50908,Estrela Servicos LTDA,Escola,Litoral,Tarcisio Bueno,Embalagem Delivery 750ml - Pacote 100,Descartaveis,VENDA,2,9.5,22.6,21.98,0.65,0.63,0.65,-0.66
2025-06-09,2025-06,50911,Horizonte Negocios LTDA ME,Mercado,Litoral,Simone Klein,Cera Liquida Incolor 5L,Quimicos,VENDA,1,2.26,73.77,34.68,32.01,1.8,9.6,5.28
2025-06-11,2025-06,50920,BOREAL SERVICOS LTDA ME,Escola,Regiao Metropolitana,Tarcisio Bueno,Limpador Multiuso 5L,Quimicos,VENDA,1,7.34,48.1,29.33,9.88,1.15,2.96,7.74
2025-06-12,2025-06,50925,Querencia Negocios LTDA,Industria,Interior Norte,Simone Klein,Papel Higienico Rolao 300m - Fardo 12,Papel,VENDA,5,8.39,283.85,223.1,12.02,9.93,12.02,38.8
2025-06-13,2025-06,50928,Horizonte Distribuidora S/A,Condominio,Regiao Metropolitana,Rogerio Antunes,limpador multiuso 5l - pacote 100,Quimicos,VENDA,2,2.48,34.84,23.58,4.05,1.05,4.05,6.16
2025-06-13,2025-06,50929,Horizonte Negocios LTDA ME,Mercado,Litoral,Simone Klein,Alcool 70 1L - Caixa 24,Quimicos,VENDA,1,0.95,43.56,12.45,35.55,0.65,10.67,-5.09
2025-06-13,2025-06,50932,Central Alimentos LTDA ME,Clinica,Litoral,Tarcisio Bueno,DETERGENTE NEUTRO 5L - PACOTE 100,Quimicos,VENDA,3,2.84,63.3,32.88,21.26,1.36,6.38,7.8
2025-06-14,2025-06,50934,Luminar Alimentos S/A,Restaurante,Interior Sul,Rogerio Antunes,Avental PVC - Pacote 100,EPI,VENDA,5,2.87,154.19,75.2,51.99,3.53,15.6,23.47
2025-06-16,2025-06,50942,Serrano Servicos LTDA ME,Mercado,Interior Norte,Simone Klein,Bobina Papel Toalha 200m,Papel,VENDA,1,0.22,75.57,35.21,38.26,1.71,11.48,0.39
2025-06-17,2025-06,50945,BOREAL SERVICOS LTDA ME,Escola,Regiao Metropolitana,Tarcisio Bueno,Copo Descartavel 200ml - Fardo 12,Descartaveis,VENDA,5,15.24,106.42,87.55,31.53,2.36,9.46,-15.02
2025-06-18,2025-06,50956,Jangada Empreendimentos ME,Condominio,Litoral,Rogerio Antunes,Limpa Vidros 500ml - Caixa 24,Quimicos,VENDA,2,1.57,79.89,50.36,6.84,2.25,2.05,20.44
2025-06-19,2025-06,50965,Boreal Empreendimentos LTDA,Industria,Regiao Metropolitana,Tarcisio Bueno,PAPEL HIGIENICO ROLAO 300M,Papel,VENDA,50,12.69,760.5,627.0,61.98,21.29,61.98,50.23
2025-06-20,2025-06,50968,Xavante Servicos EIRELI,Padaria,Litoral,Rogerio Antunes,Rodo 40cm - Caixa 24,Acessorios,VENDA,2,4.8,27.17,14.32,5.79,0.69,1.74,6.37
2025-06-20,2025-06,50972,Guarani Participacoes LTDA ME,Condominio,Litoral,Rogerio Antunes,Alvejante 5L - Fardo 12,Quimicos,VENDA,1,0.81,40.27,17.01,21.02,0.77,6.31,1.47
2025-06-23,2025-06,50983,Querencia Participacoes EIRELI,Mercado,Regiao Metropolitana,Tarcisio Bueno,Saco Lixo 30L - Fardo 6,Descartaveis,VENDA,50,1.34,1429.0,1274.5,65.11,40.01,65.11,49.38
2025-06-23,2025-06,50984,Xavante Distribuidora LTDA ME,Clinica,Interior Sul,Rogerio Antunes,Limpa Vidros 500ml - Fardo 12,Quimicos,VENDA,1,2.1,64.6,33.24,21.86,1.48,6.56,8.02
2025-06-24,2025-06,50986,Serrano Servicos LTDA ME,Mercado,Interior Norte,Simone Klein,Papel Higienico Rolao 300m - Fardo 12,Papel,VENDA,2,0.21,202.27,124.68,42.1,6.05,12.63,29.44
2025-06-27,2025-06,51001,Jangada Empreendimentos ME,Condominio,Litoral,Rogerio Antunes,Guardanapo 24x24 - Caixa 24,Papel,VENDA,5,2.43,331.29,229.85,28.26,9.34,8.47,63.84
2025-06-30,2025-06,51008,Imperial Servicos S/A,Clinica,Regiao Metropolitana,Rogerio Antunes,Copo Descartavel 50ml - Pacote 100,Descartaveis,VENDA,1,0.44,32.82,24.0,8.1,0.81,2.43,-0.09
2025-06-30,2025-06,51012,Estrela Comercio S/A,Restaurante,Interior Sul,Rogerio Antunes,DETERGENTE NEUTRO 5L - PACOTE 100,Quimicos,VENDA,2,1.65,57.4,21.92,35.32,0.98,10.6,-0.82
2025-07-01,2025-07,51015,Uniao Negocios LTDA,Hotel,Interior Norte,Rogerio Antunes,Alvejante 5L - Fardo 12,Quimicos,VENDA,2,0.38,67.99,34.02,23.78,1.54,7.13,8.65
2025-07-02,2025-07,51021,Vitoria Distribuidora LTDA ME,Hotel,Interior Sul,Tarcisio Bueno,Sabao Liquido 5L - Fardo 12,Quimicos,VENDA,3,3.61,49.74,31.23,5.91,1.28,1.77,11.32
2025-07-02,2025-07,51023,Oriente Participacoes LTDA,Clinica,Regiao Metropolitana,Simone Klein,REMOVEDOR 1L - CAIXA 24,Quimicos,VENDA,1,2.07,16.13,10.07,1.69,0.52,0.5,3.85
2025-07-03,2025-07,51030,Uniao Comercio EIRELI,Escola,Interior Sul,Rogerio Antunes,DESINFETANTE LAVANDA 5L - PACOTE 100,Quimicos,VENDA,2,1.93,134.42,82.18,17.57,3.66,5.27,31.01
2025-07-03,2025-07,51032,Zenite Participacoes ME,Padaria,Interior Norte,Simone Klein,Detergente Neutro 5L - Pacote 100,Quimicos,VENDA,10,1.16,244.26,147.6,33.23,7.74,9.97,55.7
2025-07-07,2025-07,51044,Querencia Negocios LTDA,Industria,Interior Norte,Simone Klein,Bobina Papel Toalha 200m,Papel,VENDA,20,13.25,848.4,704.2,47.85,29.69,47.85,66.66
2025-07-08,2025-07,51048,Uniao Negocios LTDA,Hotel,Interior Norte,Rogerio Antunes,Desinfetante Lavanda 5L,Quimicos,VENDA,5,3.17,148.25,101.05,9.56,4.45,9.56,33.19
2025-07-08,2025-07,51048,Uniao Negocios LTDA,Hotel,Interior Norte,Rogerio Antunes,PAPEL HIGIENICO ROLAO 300M,Papel,DEVOLUCAO,-1,1.86,-17.1,-12.54,1.1,-0.51,1.1,-5.15
2025-07-10,2025-07,51055,Estrela Comercio S/A,Restaurante,Interior Sul,Rogerio Antunes,Copo Descartavel 200ml - Fardo 12,Descartaveis,VENDA,3,3.77,62.49,52.53,7.2,1.72,2.16,1.04
2025-07-11,2025-07,51058,Nortao Alimentos S/A,Escola,Interior Norte,Simone Klein,Marmitex Aluminio 800ml,Descartaveis,VENDA,2,10.57,23.59,17.58,8.19,0.63,2.46,-2.81
2025-07-12,2025-07,51059,Nortao Empreendimentos LTDA ME,Padaria,Interior Sul,Tarcisio Bueno,Rodo 40cm - Fardo 12,Acessorios,VENDA,1,1.75,30.04,4.38,32.5,0.2,9.75,-7.04
2025-07-12,2025-07,51060,Querencia Participacoes EIRELI,Mercado,Regiao Metropolitana,Tarcisio Bueno,Papel Higienico Rolao 300m - Fardo 12,Papel,VENDA,1,2.86,118.55,62.34,49.21,2.35,14.76,4.65
2025-07-15,2025-07,51072,Xavante Industria EIRELI,Escola,Regiao Metropolitana,Tarcisio Bueno,Esponja Dupla Face - Fardo 6,Acessorios,VENDA,2,5.13,85.99,39.42,32.27,1.78,9.68,12.52
2025-07-15,2025-07,51074,Oriente Participacoes LTDA,Clinica,Regiao Metropolitana,Simone Klein,Copo Descartavel 200ml - Fardo 12,Descartaveis,VENDA,2,2.37,42.98,35.02,5.88,1.36,1.76,0.72
2025-07-16,2025-07,51081,Guarani Servicos S/A,Restaurante,Regiao Metropolitana,Simone Klein,Papel Higienico Rolao 300m - Fardo 12,Papel,VENDA,2,2.32,137.62,89.24,23.67,4.24,7.11,20.47
2025-07-17,2025-07,51085,Xavante Servicos EIRELI,Padaria,Litoral,Rogerio Antunes,Papel Higienico Folha Dupla 30m - Fardo 12,Papel,VENDA,2,6.39,131.2,100.92,15.27,3.94,15.27,11.07
2025-07-18,2025-07,51092,Horizonte Distribuidora S/A,Condominio,Regiao Metropolitana,Rogerio Antunes,Luva Latex - Caixa 24,EPI,VENDA,2,2.11,13.49,7.82,1.62,0.37,0.49,3.68
2025-07-18,2025-07,51096,BOREAL SERVICOS LTDA ME,Escola,Regiao Metropolitana,Tarcisio Bueno,Esponja Dupla Face - Caixa 24,Acessorios,VENDA,1,3.25,49.39,26.74,7.91,1.23,2.37,13.51
2025-07-18,2025-07,51100,Uniao Negocios LTDA,Hotel,Interior Norte,Rogerio Antunes,Cera Liquida Incolor 5L,Quimicos,VENDA,3,0.01,170.57,104.04,18.5,4.73,5.55,43.3
2025-07-22,2025-07,51111,Querencia Participacoes EIRELI,Mercado,Regiao Metropolitana,Tarcisio Bueno,BOBINA PAPEL TOALHA 200M - PACOTE 100,Papel,VENDA,3,6.01,85.59,65.55,8.18,2.4,8.18,9.46
2025-07-22,2025-07,51114,Aurora Negocios EIRELI,Hotel,Regiao Metropolitana,Rogerio Antunes,Removedor 1L - Fardo 6,Quimicos,VENDA,10,4.65,167.87,99.3,34.82,4.31,10.45,29.45
2025-07-22,2025-07,51116,Pampa Alimentos ME,Padaria,Regiao Metropolitana,Rogerio Antunes,Cera Liquida Incolor 5L - Fardo 6,Quimicos,VENDA,3,5.99,150.48,105.66,13.12,4.51,13.12,27.19
2025-07-22,2025-07,51116,Pampa Alimentos ME,Padaria,Regiao Metropolitana,Rogerio Antunes,saco lixo 30l - fardo 6,Descartaveis,VENDA,5,17.16,60.8,64.6,5.3,1.82,5.3,-10.92
2025-07-26,2025-07,51141,Aurora Distribuidora LTDA,Escola,Regiao Metropolitana,Rogerio Antunes,Oculos Protecao - Fardo 6,EPI,VENDA,3,1.59,95.01,59.85,13.76,2.85,13.76,18.55
2025-07-28,2025-07,51145,Zenite Empreendimentos ME,Hotel,Litoral,Tarcisio Bueno,Bobina Papel Toalha 200m,Papel,VENDA,1,2.01,50.81,35.21,4.13,1.34,1.24,10.13
2025-07-28,2025-07,51147,Pampa Alimentos ME,Padaria,Regiao Metropolitana,Rogerio Antunes,Papel Toalha Interfolha 1000f - Caixa 24,Papel,VENDA,2,2.33,155.61,100.1,28.33,4.07,8.5,23.11
2025-07-29,2025-07,51153,BOREAL SERVICOS LTDA ME,Escola,Regiao Metropolitana,Tarcisio Bueno,Embalagem Delivery 750ml - Fardo 6,Descartaveis,VENDA,3,11.72,51.62,46.77,6.71,1.31,2.01,-3.17
2025-07-30,2025-07,51155,BOREAL SERVICOS LTDA ME,Escola,Regiao Metropolitana,Tarcisio Bueno,Escova Sanitaria - Caixa 24,Acessorios,VENDA,1,4.63,11.5,4.82,5.3,0.22,1.59,1.16
2025-07-30,2025-07,51160,Pampa Alimentos ME,Padaria,Regiao Metropolitana,Rogerio Antunes,Saco Lixo 100L,Descartaveis,VENDA,1,3.05,29.65,26.91,2.01,0.89,2.01,-0.16
2025-07-31,2025-07,51165,Alvorada Servicos LTDA,Hotel,Interior Norte,Rogerio Antunes,Talher Descartavel Misto - Fardo 6,Descartaveis,VENDA,1,5.71,43.98,36.29,7.28,1.17,2.19,-0.76
2025-07-31,2025-07,51165,Alvorada Servicos LTDA,Hotel,Interior Norte,Rogerio Antunes,Alvejante 5L - Fardo 6,Quimicos,VENDA,2,0.95,53.59,31.58,8.87,1.42,2.66,11.72
2025-08-01,2025-08,51170,Serrano Alimentos EIRELI,Padaria,Regiao Metropolitana,Simone Klein,Papel Toalha Rolo 100f - Fardo 6,Papel,VENDA,10,5.76,850.5,649.8,59.52,29.77,59.52,111.41
2025-08-02,2025-08,51173,BOREAL SERVICOS LTDA ME,Escola,Regiao Metropolitana,Tarcisio Bueno,COPO DESCARTAVEL 200ML - FARDO 6,Descartaveis,VENDA,1,5.96,28.23,23.62,4.27,0.71,1.28,-0.37
2025-08-04,2025-08,51175,Zenite Participacoes ME,Padaria,Interior Norte,Simone Klein,Luva Plastica Descartavel - Pacote 100,Descartaveis,VENDA,10,5.6,204.73,169.4,32.9,6.36,9.87,-3.93
2025-08-04,2025-08,51177,Zenite Participacoes ME,Padaria,Interior Norte,Simone Klein,Saco Lixo 30L - Fardo 6,Descartaveis,VENDA,3,5.4,104.4,76.47,31.68,2.88,9.51,-6.63
2025-08-04,2025-08,51181,BOREAL SERVICOS LTDA ME,Escola,Regiao Metropolitana,Tarcisio Bueno,Luva Plastica Descartavel - Fardo 12,Descartaveis,VENDA,10,13.2,357.5,362.5,34.47,10.01,34.47,-49.48
2025-08-07,2025-08,51195,Xavante Servicos EIRELI,Padaria,Litoral,Rogerio Antunes,Embalagem Delivery 750ml - Fardo 6,Descartaveis,VENDA,50,5.2,1715.5,1592.5,97.49,51.47,97.49,-25.95
2025-08-12,2025-08,51212,Nortao Industria ME,Padaria,Interior Norte,Simone Klein,Marmitex Aluminio 800ml - Caixa 24,Descartaveis,VENDA,5,1.77,67.84,52.4,13.34,2.05,4.0,0.05
2025-08-13,2025-08,51215,Jangada Comercio ME,Padaria,Regiao Metropolitana,Simone Klein,Saco Lixo 100L,Descartaveis,VENDA,1,2.42,29.84,26.91,2.93,1.04,2.93,-1.04
2025-08-15,2025-08,51229,BOREAL SERVICOS LTDA ME,Escola,Regiao Metropolitana,Tarcisio Bueno,Talher Descartavel Misto - Fardo 6,Descartaveis,VENDA,3,3.54,146.88,108.87,39.35,3.34,11.81,-4.68
2025-08-19,2025-08,51242,Pampa Alimentos ME,Padaria,Regiao Metropolitana,Rogerio Antunes,papel higienico rolao 300m - fardo 6,Papel,VENDA,3,2.35,249.66,184.08,35.78,7.49,35.78,22.31
2025-08-20,2025-08,51253,Boreal Empreendimentos LTDA,Industria,Regiao Metropolitana,Tarcisio Bueno,PRATO DESCARTAVEL 15CM - PACOTE 100,Descartaveis,VENDA,1,15.04,37.43,33.04,7.9,0.89,2.37,-4.4
2025-08-21,2025-08,51259,Horizonte Industria S/A,Escola,Interior Norte,Rogerio Antunes,Alcool 70 1L - Caixa 24,Quimicos,VENDA,3,1.88,58.88,37.35,4.79,1.67,1.44,15.07
2025-08-22,2025-08,51263,Nortao Alimentos S/A,Escola,Interior Norte,Simone Klein,Papel Toalha Interfolha 1000f,Papel,VENDA,1,3.37,28.08,20.92,4.04,0.98,4.04,2.14
2025-08-22,2025-08,51263,Nortao Alimentos S/A,Escola,Interior Norte,Simone Klein,Alvejante 5L - Caixa 24,Quimicos,VENDA,3,1.88,168.57,113.4,24.24,5.9,24.24,25.03
2025-08-22,2025-08,51265,Central Negocios LTDA ME,Clinica,Interior Sul,Simone Klein,Desinfetante Lavanda 5L - Pacote 100,Quimicos,VENDA,5,1.01,302.2,187.3,30.35,9.83,9.1,74.72
2025-08-25,2025-08,51272,Serrano Servicos LTDA ME,Mercado,Interior Norte,Simone Klein,COPO DESCARTAVEL 200ML - FARDO 6,Descartaveis,VENDA,2,5.82,53.89,47.24,4.76,1.77,1.43,0.12
2025-08-25,2025-08,51276,Estrela Servicos LTDA,Escola,Litoral,Tarcisio Bueno,Luva Plastica Descartavel - Fardo 12,Descartaveis,VENDA,20,19.0,667.2,725.0,22.56,18.68,22.56,-99.04
2025-08-27,2025-08,51289,TREVO ALIMENTOS S/A,Mercado,Interior Norte,Rogerio Antunes,REMOVEDOR 1L - CAIXA 24,Quimicos,VENDA,1,3.22,19.78,10.07,7.16,0.44,2.15,2.11
2025-08-28,2025-08,51292,Serrano Servicos LTDA ME,Mercado,Interior Norte,Simone Klein,Mascara Descartavel - Fardo 6,EPI,VENDA,2,1.16,24.3,12.62,5.97,0.7,1.79,5.01
2025-08-29,2025-08,51301,Xavante Servicos EIRELI,Padaria,Litoral,Rogerio Antunes,SABAO LIQUIDO 5L - FARDO 6,Quimicos,VENDA,2,7.25,78.72,56.02,10.14,2.36,10.14,10.2
2025-08-29,2025-08,51302,Central Alimentos LTDA ME,Clinica,Litoral,Tarcisio Bueno,Alcool 70 1L - Caixa 24,Quimicos,VENDA,2,2.93,80.06,54.44,11.01,2.24,11.01,12.37
2025-08-29,2025-08,51302,Central Alimentos LTDA ME,Clinica,Litoral,Tarcisio Bueno,PRATO DESCARTAVEL 15CM - PACOTE 100,Descartaveis,VENDA,10,10.75,335.1,330.4,46.07,9.38,46.07,-50.75
2025-08-29,2025-08,51303,Trevo Empreendimentos LTDA,Padaria,Interior Norte,Rogerio Antunes,PRATO DESCARTAVEL 15CM - PACOTE 100,Descartaveis,VENDA,3,12.45,110.72,99.12,17.26,2.96,5.18,-8.62
2025-09-03,2025-09,51326,Pampa Alimentos ME,Padaria,Regiao Metropolitana,Rogerio Antunes,Papel Higienico Rolao 300m - Fardo 12,Papel,VENDA,5,4.65,440.5,332.65,68.1,13.22,68.1,26.54
2025-09-08,2025-09,51354,Aurora Industria LTDA,Clinica,Regiao Metropolitana,Tarcisio Bueno,Talher Descartavel Misto - Fardo 6,Descartaveis,VENDA,5,18.11,206.13,181.45,53.25,4.73,15.97,-33.3
2025-09-08,2025-09,51356,Aurora Industria LTDA,Clinica,Regiao Metropolitana,Tarcisio Bueno,Cera Liquida Incolor 5L - Fardo 6,Quimicos,VENDA,1,0.56,53.06,35.22,4.21,1.49,4.21,12.14
2025-09-08,2025-09,51357,Imperial Servicos S/A,Clinica,Regiao Metropolitana,Rogerio Antunes,REMOVEDOR 1L - CAIXA 24,Quimicos,VENDA,2,4.52,37.3,20.14,11.65,0.87,3.49,4.64
2025-09-11,2025-09,51378,missoes empreendimentos me,Clinica,Regiao Metropolitana,Rogerio Antunes,removedor 1l,Quimicos,VENDA,2,1.1,125.51,77.36,13.67,3.48,4.1,31.0
2025-09-12,2025-09,51384,Querencia Participacoes EIRELI,Mercado,Regiao Metropolitana,Tarcisio Bueno,Desinfetante Lavanda 5L - Pacote 100,Quimicos,VENDA,5,7.99,261.1,187.3,21.57,7.31,21.57,44.92
2025-09-12,2025-09,51384,Querencia Participacoes EIRELI,Mercado,Regiao Metropolitana,Tarcisio Bueno,Bobina Papel Toalha 200m,Papel,DEVOLUCAO,-10,10.84,-436.0,-352.1,36.02,-12.21,36.02,-107.71
2025-09-13,2025-09,51388,Vitoria Distribuidora LTDA ME,Hotel,Interior Sul,Tarcisio Bueno,Limpa Vidros 500ml - Caixa 24,Quimicos,VENDA,2,0.85,83.71,50.36,11.51,2.12,3.46,19.72
2025-09-15,2025-09,51390,Luminar Participacoes LTDA,Condominio,Litoral,Simone Klein,Saco Lixo 100L - Fardo 6,Descartaveis,VENDA,2,14.97,55.28,49.38,10.79,1.67,3.23,-6.56
2025-09-15,2025-09,51391,Imperial Servicos S/A,Clinica,Regiao Metropolitana,Rogerio Antunes,Mascara Descartavel - Fardo 6,EPI,VENDA,2,3.07,19.74,12.62,0.8,0.59,0.8,5.73
2025-09-16,2025-09,51397,Alvorada Distribuidora ME,Mercado,Interior Sul,Simone Klein,Papel Toalha Rolo 100f - Fardo 6,Papel,VENDA,1,3.79,120.55,64.98,48.17,3.04,14.45,4.36
2025-09-17,2025-09,51404,Nortao Alimentos S/A,Escola,Interior Norte,Simone Klein,Desinfetante Lavanda 5L - Fardo 6,Quimicos,VENDA,5,3.69,255.23,153.95,43.69,7.86,13.11,49.73
2025-09-19,2025-09,51419,BOREAL SERVICOS LTDA ME,Escola,Regiao Metropolitana,Tarcisio Bueno,Prato Descartavel 15cm,Descartaveis,VENDA,2,11.4,63.91,56.02,10.72,1.58,3.21,-4.41
2025-09-19,2025-09,51419,BOREAL SERVICOS LTDA ME,Escola,Regiao Metropolitana,Tarcisio Bueno,Guardanapo 24x24 - Caixa 24,Papel,VENDA,5,8.84,350.8,244.5,58.86,8.67,17.66,38.77
2025-09-24,2025-09,51431,Zenite Participacoes ME,Padaria,Interior Norte,Simone Klein,Detergente Neutro 5L,Quimicos,VENDA,5,2.52,288.93,166.05,62.4,8.58,18.72,51.9
2025-09-24,2025-09,51433,Vitoria Distribuidora LTDA ME,Hotel,Interior Sul,Tarcisio Bueno,PRATO DESCARTAVEL 15CM - PACOTE 100,Descartaveis,VENDA,5,1.16,185.55,165.2,20.57,5.2,20.57,-5.42
2025-09-25,2025-09,51436,Aurora Industria LTDA,Clinica,Regiao Metropolitana,Tarcisio Bueno,Luva Plastica Descartavel - Fardo 6,Descartaveis,VENDA,1,13.47,15.0,15.25,1.05,0.42,1.05,-1.72
2025-09-25,2025-09,51436,Aurora Industria LTDA,Clinica,Regiao Metropolitana,Tarcisio Bueno,Limpa Vidros 500ml - Fardo 12,Quimicos,VENDA,2,5.49,95.2,66.48,6.65,2.67,6.65,19.4
2025-09-25,2025-09,51443,Nortao Industria LTDA,Industria,Interior Sul,Rogerio Antunes,Papel Higienico Rolao 300m - Fardo 12,Papel,VENDA,1,2.16,93.66,62.34,12.78,2.54,3.83,16.0
2025-09-25,2025-09,51443,Nortao Industria LTDA,Industria,Interior Sul,Rogerio Antunes,Balde 20L - Caixa 24,Acessorios,VENDA,3,1.18,45.34,24.48,6.19,1.23,1.86,13.44
2025-09-29,2025-09,51461,Pampa Alimentos ME,Padaria,Regiao Metropolitana,Rogerio Antunes,LUVA PLASTICA DESCARTAVEL,Descartaveis,VENDA,5,6.53,171.1,161.1,28.91,5.13,28.91,-24.04
2025-10-01,2025-10,51466,Serrano Servicos LTDA ME,Mercado,Interior Norte,Simone Klein,papel higienico rolao 300m - fardo 6,Papel,VENDA,2,1.94,167.14,122.72,14.81,5.85,14.81,23.76
2025-10-06,2025-10,51492,Uniao Servicos S/A,Condominio,Litoral,Rogerio Antunes,Alvejante 5L - Fardo 12,Quimicos,VENDA,1,4.21,24.69,17.01,4.12,0.74,4.12,2.82
2025-10-06,2025-10,51497,Horizonte Industria S/A,Escola,Interior Norte,Rogerio Antunes,Talher Descartavel Misto - Pacote 100,Descartaveis,VENDA,1,1.43,39.59,26.31,14.46,0.88,4.34,-2.06
2025-10-07,2025-10,51505,BANDEIRANTE NEGOCIOS S/A,Condominio,Interior Sul,Simone Klein,Vassoura Nylon - Pacote 100,Acessorios,VENDA,5,2.8,138.61,75.8,19.66,4.37,5.9,38.78
2025-10-09,2025-10,51519,Bandeirante Comercio ME,Condominio,Litoral,Rogerio Antunes,ALCOOL 70 1L - FARDO 6,Quimicos,VENDA,3,2.51,199.54,125.85,19.51,5.58,5.85,48.6
2025-10-11,2025-10,51529,Vitoria Distribuidora LTDA ME,Hotel,Interior Sul,Tarcisio Bueno,Copo Descartavel 50ml,Descartaveis,VENDA,2,3.37,71.48,65.1,7.4,2.0,7.4,-3.02
2025-10-13,2025-10,51530,Rio Claro Servicos EIRELI,Mercado,Interior Norte,Tarcisio Bueno,Desengordurante 5L,Quimicos,VENDA,2,4.18,98.52,67.86,4.65,2.76,4.65,23.25
2025-10-14,2025-10,51542,Serrano Servicos LTDA ME,Mercado,Interior Norte,Simone Klein,Papel Toalha Rolo 100f - Fardo 6,Papel,VENDA,3,0.45,269.52,194.94,14.84,9.43,14.84,50.31
2025-10-16,2025-10,51548,Vitoria Distribuidora LTDA ME,Hotel,Interior Sul,Tarcisio Bueno,LUVA PLASTICA DESCARTAVEL,Descartaveis,VENDA,20,4.27,701.0,644.4,57.02,19.63,57.02,-20.05
2025-10-16,2025-10,51549,BOREAL SERVICOS LTDA ME,Escola,Regiao Metropolitana,Tarcisio Bueno,MASCARA DESCARTAVEL - CAIXA 24,EPI,VENDA,1,0.82,26.48,13.22,7.62,0.59,2.29,5.05
2025-10-16,2025-10,51550,Estrela Negocios S/A,Padaria,Litoral,Tarcisio Bueno,LUVA PLASTICA DESCARTAVEL,Descartaveis,VENDA,20,13.91,630.4,644.4,49.19,17.65,49.19,-80.84
2025-10-16,2025-10,51552,Estrela Servicos ME,Hotel,Interior Sul,Tarcisio Bueno,Limpa Vidros 500ml - Caixa 24,Quimicos,VENDA,1,5.3,41.13,25.18,7.14,1.01,2.14,7.8
2025-10-17,2025-10,51558,Nortao Industria ME,Padaria,Interior Norte,Simone Klein,Cera Liquida Incolor 5L - Fardo 6,Quimicos,VENDA,5,11.88,264.19,182.1,30.13,8.51,9.04,43.45
2025-10-17,2025-10,51559,Nortao Industria LTDA,Industria,Interior Sul,Rogerio Antunes,borrifador 500ml - fardo 6,Acessorios,VENDA,1,2.23,31.02,18.72,2.47,0.93,2.47,8.9
2025-10-17,2025-10,51561,Querencia Participacoes EIRELI,Mercado,Regiao Metropolitana,Tarcisio Bueno,LUVA PLASTICA DESCARTAVEL,Descartaveis,VENDA,2,6.55,90.42,64.44,31.43,1.92,9.43,-7.37
2025-10-22,2025-10,51577,Horizonte Distribuidora S/A,Condominio,Regiao Metropolitana,Rogerio Antunes,Saco Lixo 100L,Descartaveis,VENDA,2,5.33,57.9,53.82,5.24,1.74,5.24,-2.9
2025-10-23,2025-10,51590,Aurora Industria LTDA,Clinica,Regiao Metropolitana,Tarcisio Bueno,Alvejante 5L - Fardo 6,Quimicos,VENDA,3,5.31,94.56,47.37,38.01,1.9,11.4,7.28
2025-10-24,2025-10,51594,BOREAL SERVICOS LTDA ME,Escola,Regiao Metropolitana,Tarcisio Bueno,BORRIFADOR 500ML - FARDO 12,Acessorios,VENDA,2,0.14,114.41,57.44,24.55,2.72,7.36,29.7
2025-10-24,2025-10,51596,Boreal Industria LTDA,Hotel,Litoral,Tarcisio Bueno,Pano Multiuso - Fardo 6,Acessorios,VENDA,3,2.86,26.29,12.6,7.9,0.58,2.37,5.21
2025-10-24,2025-10,51596,Boreal Industria LTDA,Hotel,Litoral,Tarcisio Bueno,ESCOVA SANITARIA - CAIXA 24,Acessorios,VENDA,1,2.14,36.99,17.61,11.12,0.82,3.34,7.44
2025-10-27,2025-10,51600,Nortao Alimentos S/A,Escola,Interior Norte,Simone Klein,Alcool 70 1L - Caixa 24,Quimicos,VENDA,10,4.86,546.3,379.0,37.33,19.12,37.33,110.85
2025-10-27,2025-10,51604,Alvorada Servicos LTDA,Hotel,Interior Norte,Rogerio Antunes,Talher Descartavel Misto - Caixa 24,Descartaveis,VENDA,3,6.99,120.61,93.99,30.4,2.98,9.12,-6.76
2025-10-28,2025-10,51609,Vitoria Distribuidora LTDA ME,Hotel,Interior Sul,Tarcisio Bueno,SACO LIXO 60L,Descartaveis,VENDA,1,5.57,8.19,6.5,1.72,0.2,0.51,-0.23
2025-10-28,2025-10,51616,Horizonte Distribuidora S/A,Condominio,Regiao Metropolitana,Rogerio Antunes,Rodo 40cm,Acessorios,VENDA,1,2.57,22.55,13.65,0.99,0.68,0.99,7.23
2025-10-29,2025-10,51624,BOREAL SERVICOS LTDA ME,Escola,Regiao Metropolitana,Tarcisio Bueno,Marmitex Aluminio 800ml - Pacote 100,Descartaveis,VENDA,1,1.32,49.79,27.73,26.72,0.87,8.02,-5.53
2025-10-30,2025-10,51626,Serrano Servicos LTDA ME,Mercado,Interior Norte,Simone Klein,saco lixo 100l - fardo 12,Descartaveis,VENDA,3,4.85,95.76,88.56,11.83,3.35,11.83,-7.98
2025-11-03,2025-11,51648,Querencia Participacoes EIRELI,Mercado,Regiao Metropolitana,Tarcisio Bueno,Oculos Protecao,EPI,VENDA,1,0.72,37.38,23.34,1.76,1.05,1.76,11.23
2025-11-03,2025-11,51650,Nortao Alimentos S/A,Escola,Interior Norte,Simone Klein,SACO LIXO 60L - CAIXA 24,Descartaveis,VENDA,2,0.75,26.35,20.02,5.38,0.79,1.61,0.16
2025-11-04,2025-11,51652,BANDEIRANTE NEGOCIOS S/A,Condominio,Interior Sul,Simone Klein,papel higienico folha dupla 30m - fardo 12,Papel,VENDA,1,2.81,68.9,51.04,5.01,2.41,5.01,10.44
2025-11-08,2025-11,51666,BOREAL SERVICOS LTDA ME,Escola,Regiao Metropolitana,Tarcisio Bueno,removedor 1l - pacote 100,Quimicos,VENDA,20,11.17,476.4,354.0,47.38,13.34,47.38,61.68
2025-11-12,2025-11,51686,Horizonte Distribuidora S/A,Condominio,Regiao Metropolitana,Rogerio Antunes,Papel Toalha Interfolha 1000f - Caixa 24,Papel,VENDA,2,1.66,93.72,68.62,9.0,2.81,9.0,13.29
2025-11-12,2025-11,51690,Imperial Distribuidora S/A,Clinica,Interior Norte,Rogerio Antunes,Mop Umido - Caixa 24,Acessorios,VENDA,1,2.82,38.09,20.82,5.43,1.03,1.63,10.81
2025-11-12,2025-11,51691,Zenite Industria LTDA,Mercado,Litoral,Simone Klein,Papel Toalha Interfolha 1000f,Papel,VENDA,20,3.17,562.8,418.4,18.65,19.7,18.65,106.05
2025-11-12,2025-11,51692,Querencia Participacoes EIRELI,Mercado,Regiao Metropolitana,Tarcisio Bueno,Talher Descartavel Misto - Pacote 100,Descartaveis,VENDA,1,10.22,29.03,26.31,3.12,0.75,0.93,-1.15
2025-11-13,2025-11,51694,Guarani Servicos LTDA ME,Escola,Litoral,Tarcisio Bueno,Talher Descartavel Misto - Caixa 24,Descartaveis,VENDA,10,8.48,358.74,313.3,47.05,9.12,14.11,-10.73
2025-11-13,2025-11,51695,Rio Claro Servicos S/A,Industria,Interior Norte,Rogerio Antunes,ALCOOL 70 1L - FARDO 6,Quimicos,VENDA,3,1.11,212.99,125.85,34.91,5.66,10.47,46.57
2025-11-13,2025-11,51696,Guarani Servicos S/A,Restaurante,Regiao Metropolitana,Simone Klein,Balde 20L - Pacote 100,Acessorios,VENDA,1,5.66,34.25,19.24,4.99,1.08,1.5,8.94
2025-11-13,2025-11,51696,Guarani Servicos S/A,Restaurante,Regiao Metropolitana,Simone Klein,Alvejante 5L,Quimicos,VENDA,3,7.07,195.87,124.92,28.55,6.16,8.57,36.24
2025-11-14,2025-11,51700,BANDEIRANTE NEGOCIOS S/A,Condominio,Interior Sul,Simone Klein,Limpa Vidros 500ml - Caixa 24,Quimicos,VENDA,1,0.92,63.27,25.18,36.39,1.32,10.92,0.38
2025-11-17,2025-11,51713,Serrano Alimentos EIRELI,Padaria,Regiao Metropolitana,Simone Klein,COPO DESCARTAVEL 200ML - FARDO 6,Descartaveis,VENDA,5,0.43,133.6,118.1,8.29,4.68,8.29,2.53
2025-11-21,2025-11,51736,BOREAL SERVICOS LTDA ME,Escola,Regiao Metropolitana,Tarcisio Bueno,Prato Descartavel 15cm,Descartaveis,VENDA,10,5.31,327.45,280.1,37.21,8.44,11.16,1.7
2025-11-24,2025-11,51749,Serrano Servicos LTDA ME,Mercado,Interior Norte,Simone Klein,Sabao Liquido 5L - Fardo 12,Quimicos,VENDA,3,2.74,68.73,31.23,32.45,1.61,9.74,3.44
2025-11-24,2025-11,51750,Imperial Servicos S/A,Clinica,Regiao Metropolitana,Rogerio Antunes,Talher Descartavel Misto - Fardo 6,Descartaveis,VENDA,3,7.86,130.08,108.87,22.98,3.42,6.9,-5.19
2025-11-25,2025-11,51757,Xavante Servicos EIRELI,Padaria,Litoral,Rogerio Antunes,Copo Descartavel 200ml,Descartaveis,VENDA,1,4.55,41.71,29.86,13.32,0.97,4.0,-2.44
2025-11-25,2025-11,51758,Boreal Negocios ME,Padaria,Interior Norte,Rogerio Antunes,ALCOOL 70 1L - FARDO 6,Quimicos,VENDA,1,4.07,71.4,41.95,14.9,1.83,4.47,12.72
2025-11-25,2025-11,51758,Boreal Negocios ME,Padaria,Interior Norte,Rogerio Antunes,Bota PVC,EPI,VENDA,1,1.73,25.28,13.62,5.28,0.65,1.59,5.73
2025-11-28,2025-11,51776,Horizonte Negocios EIRELI,Escola,Litoral,Simone Klein,Copo Descartavel 200ml - Pacote 100,Descartaveis,VENDA,1,2.35,41.92,28.9,14.07,1.12,4.22,-2.17
2025-11-28,2025-11,51776,Horizonte Negocios EIRELI,Escola,Litoral,Simone Klein,Desinfetante Lavanda 5L - Pacote 100,Quimicos,VENDA,1,3.0,71.97,37.46,24.15,1.93,7.24,8.43
2025-11-28,2025-11,51778,Serrano Alimentos EIRELI,Padaria,Regiao Metropolitana,Simone Klein,Mop Umido - Caixa 24,Acessorios,VENDA,2,0.09,60.5,31.58,10.03,1.87,3.01,17.02
2025-11-28,2025-11,51778,Serrano Alimentos EIRELI,Padaria,Regiao Metropolitana,Simone Klein,Detergente Neutro 5L - Pacote 100,Quimicos,VENDA,3,3.53,73.2,44.28,12.13,2.26,3.64,14.53
2025-12-01,2025-12,51782,Estrela Servicos LTDA,Escola,Litoral,Tarcisio Bueno,Mop Umido - Caixa 24,Acessorios,VENDA,2,1.47,78.41,31.58,36.67,1.48,11.0,8.68
2025-12-01,2025-12,51785,Estrela Servicos LTDA,Escola,Litoral,Tarcisio Bueno,Alvejante 5L - Fardo 12,Quimicos,VENDA,1,5.87,24.26,17.01,0.89,0.68,0.89,5.68
2025-12-02,2025-12,51789,Serrano Servicos LTDA ME,Mercado,Interior Norte,Simone Klein,Vassoura Nylon,Acessorios,VENDA,3,3.33,55.05,30.27,7.8,1.74,2.34,15.24
2025-12-02,2025-12,51791,Boreal Comercio EIRELI,Mercado,Interior Sul,Simone Klein,Detergente Neutro 5L,Quimicos,VENDA,10,4.13,482.4,332.1,38.24,16.88,38.24,95.18
2025-12-02,2025-12,51794,Nortao Industria ME,Padaria,Interior Norte,Simone Klein,SACO LIXO 60L - PACOTE 100,Descartaveis,VENDA,2,2.11,29.66,26.66,1.9,1.04,1.9,0.06
2025-12-02,2025-12,51796,Nortao Alimentos S/A,Escola,Interior Norte,Simone Klein,Alvejante 5L,Quimicos,VENDA,5,3.66,321.68,208.2,25.41,10.64,7.63,77.43
2025-12-03,2025-12,51801,Serrano Servicos LTDA ME,Mercado,Interior Norte,Simone Klein,Guardanapo 24x24 - Caixa 24,Papel,VENDA,1,4.38,71.66,48.9,9.59,2.27,2.88,10.9
2025-12-04,2025-12,51810,Horizonte Distribuidora S/A,Condominio,Regiao Metropolitana,Rogerio Antunes,Avental PVC - Pacote 100,EPI,VENDA,1,2.11,26.58,15.04,4.05,0.71,1.22,6.78
2025-12-05,2025-12,51821,BOREAL SERVICOS LTDA ME,Escola,Regiao Metropolitana,Tarcisio Bueno,Guardanapo 24x24,Papel,VENDA,5,0.08,304.4,219.35,18.49,8.52,18.49,58.04
2025-12-05,2025-12,51821,BOREAL SERVICOS LTDA ME,Escola,Regiao Metropolitana,Tarcisio Bueno,BOTA PVC - FARDO 6,EPI,VENDA,3,3.64,20.55,13.23,1.25,0.58,1.25,5.49
2025-12-06,2025-12,51826,Trevo Comercio LTDA,Restaurante,Interior Norte,Simone Klein,Embalagem Delivery 750ml - Fardo 6,Descartaveis,VENDA,3,7.37,119.95,95.55,27.71,3.52,8.32,-6.83
2025-12-10,2025-12,51851,Central Alimentos LTDA ME,Clinica,Litoral,Tarcisio Bueno,SACO LIXO 60L,Descartaveis,VENDA,10,6.86,68.8,65.0,3.27,1.93,3.27,-1.4
2025-12-10,2025-12,51854,Imperial Servicos S/A,Clinica,Regiao Metropolitana,Rogerio Antunes,Talher Descartavel Misto - Pacote 100,Descartaveis,VENDA,2,0.57,64.65,52.62,7.41,1.78,2.22,2.84
2025-12-11,2025-12,51860,Boreal Negocios ME,Padaria,Interior Norte,Rogerio Antunes,Copo Descartavel 200ml - Fardo 12,Descartaveis,VENDA,3,9.49,123.89,94.2,38.6,2.91,11.58,-11.82
2025-12-11,2025-12,51863,Serrano Servicos LTDA ME,Mercado,Interior Norte,Simone Klein,luva plastica descartavel - pacote 100,Descartaveis,VENDA,2,7.81,44.43,38.92,5.25,1.43,1.58,-1.17
2025-12-12,2025-12,51865,Luminar Alimentos S/A,Restaurante,Interior Sul,Rogerio Antunes,Detergente Neutro 5L - Caixa 24,Quimicos,VENDA,1,5.1,58.67,31.74,18.62,1.37,5.59,6.94
2025-12-12,2025-12,51865,Luminar Alimentos S/A,Restaurante,Interior Sul,Rogerio Antunes,Luva Plastica Descartavel - Pacote 100,Descartaveis,VENDA,1,0.83,24.54,16.94,7.79,0.57,2.34,-0.76
2025-12-12,2025-12,51874,Querencia Participacoes EIRELI,Mercado,Regiao Metropolitana,Tarcisio Bueno,Avental PVC,EPI,VENDA,3,3.83,93.11,57.33,5.99,2.49,1.8,27.3
2025-12-13,2025-12,51879,Aurora Alimentos S/A,Escola,Litoral,Simone Klein,SACO LIXO 60L - PACOTE 100,Descartaveis,VENDA,2,8.03,27.86,26.66,3.27,0.98,3.27,-3.05
2025-12-13,2025-12,51879,Aurora Alimentos S/A,Escola,Litoral,Simone Klein,Copo Descartavel 50ml - Pacote 100,Descartaveis,VENDA,5,1.73,71.85,64.35,8.44,2.51,8.44,-3.45
2025-12-17,2025-12,51900,Vitoria Distribuidora LTDA ME,Hotel,Interior Sul,Tarcisio Bueno,SACO LIXO 60L,Descartaveis,VENDA,1,8.56,8.0,6.5,1.77,0.19,0.53,-0.46
2025-12-19,2025-12,51912,Vitoria Distribuidora LTDA ME,Hotel,Interior Sul,Tarcisio Bueno,AVENTAL PVC - CAIXA 24,EPI,VENDA,3,1.83,68.16,37.98,11.44,1.68,3.43,17.06
2025-12-19,2025-12,51917,BOREAL SERVICOS LTDA ME,Escola,Regiao Metropolitana,Tarcisio Bueno,Marmitex Aluminio 800ml,Descartaveis,VENDA,2,13.31,23.82,17.58,9.28,0.48,2.78,-3.52
2025-12-22,2025-12,51926,Querencia Negocios LTDA,Industria,Interior Norte,Simone Klein,Mop Umido - Caixa 24,Acessorios,VENDA,2,1.91,60.57,31.58,11.53,1.84,3.46,15.62
2025-12-22,2025-12,51928,BOREAL SERVICOS LTDA ME,Escola,Regiao Metropolitana,Tarcisio Bueno,Limpa Vidros 500ml - Fardo 12,Quimicos,VENDA,1,0.75,53.32,33.24,4.77,1.4,1.43,13.91
2025-12-23,2025-12,51937,Querencia Participacoes EIRELI,Mercado,Regiao Metropolitana,Tarcisio Bueno,Embalagem Delivery 750ml - Fardo 6,Descartaveis,VENDA,10,1.78,174.0,155.9,28.4,4.87,28.4,-15.17
2025-12-23,2025-12,51937,Querencia Participacoes EIRELI,Mercado,Regiao Metropolitana,Tarcisio Bueno,Escova Sanitaria - Caixa 24,Acessorios,VENDA,1,0.34,8.14,4.82,1.33,0.23,1.33,1.76
2025-12-23,2025-12,51940,Oriente Participacoes LTDA,Clinica,Regiao Metropolitana,Simone Klein,Guardanapo 24x24 - Caixa 24,Papel,VENDA,1,3.3,105.31,48.9,56.61,2.3,16.98,-2.5
2025-12-23,2025-12,51941,Xavante Negocios ME,Hotel,Regiao Metropolitana,Simone Klein,DESINFETANTE LAVANDA 5L - FARDO 6,Quimicos,VENDA,1,3.52,40.39,27.63,2.18,1.41,2.18,9.17
2025-12-25,2025-12,51966,Boreal Empreendimentos LTDA,Industria,Regiao Metropolitana,Tarcisio Bueno,Detergente Neutro 5L - Caixa 24,Quimicos,VENDA,2,0.9,103.88,63.48,12.22,2.67,3.66,25.51
2025-12-26,2025-12,51969,Serrano Servicos LTDA ME,Mercado,Interior Norte,Simone Klein,Alcool 70 1L - Caixa 24,Quimicos,VENDA,1,2.08,45.91,27.22,7.91,1.41,2.38,9.37
2025-12-26,2025-12,51972,Serrano Servicos LTDA ME,Mercado,Interior Norte,Simone Klein,Talher Descartavel Misto - Fardo 6,Descartaveis,VENDA,20,5.35,780.6,725.8,39.28,27.32,39.28,-11.8
2025-12-26,2025-12,51972,Serrano Servicos LTDA ME,Mercado,Interior Norte,Simone Klein,Limpador Multiuso 5L - Fardo 6,Quimicos,VENDA,10,4.35,491.4,339.1,24.73,17.2,24.73,110.37
2025-12-26,2025-12,51973,Boreal Comercio EIRELI,Mercado,Interior Sul,Simone Klein,Limpador Multiuso 5L - Fardo 6,Quimicos,VENDA,2,1.04,124.0,67.82,31.86,3.56,9.56,20.76
2025-12-26,2025-12,51974,Luminar Participacoes LTDA,Condominio,Litoral,Simone Klein,Papel Higienico Folha Dupla 30m - Fardo 12,Papel,VENDA,3,2.93,86.78,55.44,17.17,2.62,5.15,11.55
2025-12-27,2025-12,51981,Zenite Industria LTDA,Mercado,Litoral,Simone Klein,Guardanapo 24x24,Papel,VENDA,1,2.0,59.71,43.87,2.95,2.09,2.95,10.8
2025-12-29,2025-12,51984,Nortao Alimentos S/A,Escola,Interior Norte,Simone Klein,COPO DESCARTAVEL 200ML - FARDO 6,Descartaveis,VENDA,3,2.16,92.87,70.86,20.13,2.76,6.04,-0.88
2025-12-29,2025-12,51986,Trevo Alimentos EIRELI,Condominio,Interior Norte,Simone Klein,Cera Liquida Incolor 5L,Quimicos,VENDA,5,0.97,294.84,173.4,49.48,9.11,14.84,62.85
2025-12-30,2025-12,51992,Nortao Empreendimentos LTDA ME,Padaria,Interior Sul,Tarcisio Bueno,DESINFETANTE LAVANDA 5L - PACOTE 100,Quimicos,VENDA,2,2.99,136.89,82.18,22.99,3.38,6.9,28.34
2025-01-01,2025-01,50006,Serrano Servicos LTDA ME,Mercado,Interior Norte,Simone Klein,Cera Liquida Incolor 5L - Fardo 6,Quimicos,VENDA,1,1.33,39.6,21.98,9.62,1.15,2.88,6.85
2025-01-01,2025-01,50008,Nortao Alimentos S/A,Escola,Interior Norte,Simone Klein,Vassoura Nylon,Acessorios,VENDA,2,0.15,39.43,20.18,7.56,1.19,2.27,10.5
2025-01-02,2025-01,50013,Horizonte Distribuidora S/A,Condominio,Regiao Metropolitana,Rogerio Antunes,Limpa Vidros 500ml - Caixa 24,Quimicos,VENDA,3,3.67,124.37,75.54,20.18,3.31,6.06,25.34
2025-01-04,2025-01,50020,Aurora Distribuidora LTDA ME,Clinica,Litoral,Simone Klein,Rodo 40cm - Caixa 24,Acessorios,VENDA,2,1.24,31.56,14.32,10.83,0.84,3.25,5.57
2025-01-04,2025-01,50021,Oriente Negocios LTDA ME,Industria,Litoral,Rogerio Antunes,papel higienico folha dupla 30m - fardo 12,Papel,VENDA,2,2.8,175.06,102.08,53.19,4.13,15.95,15.66
2025-01-06,2025-01,50025,Horizonte Distribuidora S/A,Condominio,Regiao Metropolitana,Rogerio Antunes,LUVA PLASTICA DESCARTAVEL,Descartaveis,DEVOLUCAO,-2,9.96,-39.03,-64.44,38.41,-1.98,11.52,-11.02
2025-01-07,2025-01,50030,Estrela Servicos LTDA,Escola,Litoral,Tarcisio Bueno,Rodo 40cm - Caixa 24,Acessorios,VENDA,5,4.54,63.8,35.8,8.36,1.62,2.51,18.02
2025-01-07,2025-01,50030,Estrela Servicos LTDA,Escola,Litoral,Tarcisio Bueno,Papel Higienico Rolao 300m - Fardo 12,Papel,VENDA,5,8.04,313.72,223.1,41.1,7.98,12.33,41.54
2025-01-07,2025-01,50032,Imperial Servicos S/A,Clinica,Regiao Metropolitana,Rogerio Antunes,Desengordurante 5L,Quimicos,VENDA,5,3.94,264.75,169.65,25.51,7.41,7.66,62.18
2025-01-07,2025-01,50032,Imperial Servicos S/A,Clinica,Regiao Metropolitana,Rogerio Antunes,Copo Descartavel 200ml - Fardo 12,Descartaveis,VENDA,2,1.52,75.36,62.8,7.26,2.11,2.18,3.19
2025-01-09,2025-01,50044,BOREAL SERVICOS LTDA ME,Escola,Regiao Metropolitana,Tarcisio Bueno,Embalagem Delivery 750ml,Descartaveis,VENDA,3,15.27,100.28,72.06,44.13,1.94,13.24,-17.85
2025-01-09,2025-01,50046,Oriente Negocios LTDA ME,Industria,Litoral,Rogerio Antunes,ALCOOL 70 1L - FARDO 6,Quimicos,VENDA,1,0.84,86.3,41.95,33.25,1.89,9.98,9.21
2025-01-10,2025-01,50049,Oriente Alimentos ME,Padaria,Interior Norte,Tarcisio Bueno,luva plastica descartavel - pacote 100,Descartaveis,VENDA,5,9.16,114.71,97.3,20.45,2.81,6.14,-5.85
2025-01-13,2025-01,50059,Serrano Servicos LTDA ME,Mercado,Interior Norte,Simone Klein,Pano Multiuso - Caixa 24,Acessorios,VENDA,10,0.26,219.2,129.7,11.81,7.67,11.81,70.02
2025-01-13,2025-01,50059,Serrano Servicos LTDA ME,Mercado,Interior Norte,Simone Klein,Balde 20L,Acessorios,VENDA,20,0.0,768.4,453.4,41.41,26.89,41.41,246.7
2025-01-14,2025-01,50069,Querencia Empreendimentos LTDA,Clinica,Interior Sul,Simone Klein,Copo Descartavel 50ml,Descartaveis,VENDA,20,22.28,575.0,651.0,40.24,20.13,40.24,-136.37
2025-01-16,2025-01,50082,BOREAL SERVICOS LTDA ME,Escola,Regiao Metropolitana,Tarcisio Bueno,Removedor 1L - Fardo 6,Quimicos,VENDA,2,3.7,34.38,19.86,7.71,0.81,2.31,6.0
2025-01-17,2025-01,50087,Uniao Comercio EIRELI,Escola,Interior Sul,Rogerio Antunes,Papel Toalha Interfolha 1000f - Pacote 100,Papel,VENDA,2,1.31,158.26,115.46,11.75,4.75,11.75,26.3
2025-01-17,2025-01,50087,Uniao Comercio EIRELI,Escola,Interior Sul,Rogerio Antunes,Talher Descartavel Misto - Caixa 24,Descartaveis,VENDA,20,13.09,618.8,626.6,45.96,18.56,45.96,-72.32
2025-01-20,2025-01,50092,Guarani Servicos LTDA ME,Escola,Litoral,Tarcisio Bueno,Alcool 70 1L - Caixa 24,Quimicos,VENDA,2,6.51,77.12,54.44,3.74,2.16,3.74,16.78
2025-01-20,2025-01,50094,Uniao Servicos LTDA,Industria,Interior Sul,Tarcisio Bueno,Papel Toalha Interfolha 1000f - Caixa 24,Papel,VENDA,1,8.84,69.73,34.31,37.55,1.22,11.26,-3.35
2025-01-20,2025-01,50097,Imperial Servicos S/A,Clinica,Regiao Metropolitana,Rogerio Antunes,Copo Descartavel 200ml,Descartaveis,VENDA,3,3.25,114.66,89.58,23.1,2.95,6.93,-0.97
2025-01-20,2025-01,50098,Boreal Negocios ME,Padaria,Interior Norte,Rogerio Antunes,Mop Umido,Acessorios,VENDA,3,3.09,118.8,72.33,7.12,3.56,7.12,35.79
2025-01-21,2025-01,50105,Jangada Comercio ME,Padaria,Regiao Metropolitana,Simone Klein,Borrifador 500ml - Fardo 12,Acessorios,VENDA,3,2.66,78.87,36.63,26.35,2.11,7.9,13.78
2025-01-22,2025-01,50113,Horizonte Industria S/A,Escola,Interior Norte,Rogerio Antunes,Detergente Neutro 5L,Quimicos,VENDA,3,3.88,145.11,99.63,16.3,4.35,16.3,24.83
2025-01-22,2025-01,50113,Horizonte Industria S/A,Escola,Interior Norte,Rogerio Antunes,Papel Toalha Rolo 100f - Caixa 24,Papel,VENDA,2,0.82,97.06,70.46,10.9,2.91,10.9,12.79
2025-01-22,2025-01,50114,Vitoria Comercio LTDA,Industria,Interior Sul,Simone Klein,Papel Toalha Interfolha 1000f - Pacote 100,Papel,VENDA,50,9.42,3631.5,2886.5,60.52,127.1,60.52,557.38
2025-01-23,2025-01,50118,Luminar Alimentos S/A,Restaurante,Interior Sul,Rogerio Antunes,Guardanapo 24x24 - Caixa 24,Papel,VENDA,2,0.84,156.94,91.94,43.31,3.8,12.99,17.89
2025-01-23,2025-01,50119,Serrano Alimentos EIRELI,Padaria,Regiao Metropolitana,Simone Klein,BOTA PVC - FARDO 6,EPI,VENDA,3,2.48,27.78,13.23,9.99,0.73,3.0,3.83
2025-01-24,2025-01,50125,TREVO ALIMENTOS S/A,Mercado,Interior Norte,Rogerio Antunes,Copo Descartavel 200ml,Descartaveis,VENDA,1,9.97,60.42,29.86,42.67,0.92,12.8,-13.03
2025-01-24,2025-01,50127,Querencia Distribuidora LTDA ME,Padaria,Interior Norte,Rogerio Antunes,REMOVEDOR 1L - CAIXA 24,Quimicos,VENDA,5,2.59,100.11,50.35,36.87,2.23,11.06,10.66
2025-01-24,2025-01,50130,Nortao Industria LTDA,Industria,Interior Sul,Rogerio Antunes,Alcool 70 1L - Caixa 24,Quimicos,VENDA,5,1.82,304.79,189.5,32.77,8.46,9.83,74.06
2025-01-25,2025-01,50136,Imperial Distribuidora S/A,Clinica,Interior Norte,Rogerio Antunes,PRATO DESCARTAVEL 15CM - PACOTE 100,Descartaveis,VENDA,1,3.54,47.01,33.04,15.41,1.09,4.62,-2.53
2025-01-28,2025-01,50140,BOREAL SERVICOS LTDA ME,Escola,Regiao Metropolitana,Tarcisio Bueno,Marmitex Aluminio 800ml - Pacote 100,Descartaveis,VENDA,2,6.23,67.87,55.46,12.53,1.65,3.76,-1.77
2025-01-28,2025-01,50140,BOREAL SERVICOS LTDA ME,Escola,Regiao Metropolitana,Tarcisio Bueno,Embalagem Delivery 750ml - Pacote 100,Descartaveis,VENDA,2,0.42,28.57,21.98,5.27,0.7,1.58,0.62
2025-01-28,2025-01,50142,Rio Claro Negocios LTDA,Restaurante,Regiao Metropolitana,Simone Klein,SACO LIXO 60L - PACOTE 100,Descartaveis,VENDA,2,6.98,28.18,26.66,1.07,0.99,1.07,-0.54
2025-01-28,2025-01,50143,UNIAO ALIMENTOS LTDA ME,Restaurante,Litoral,Simone Klein,Copo Descartavel 50ml - Pacote 100,Descartaveis,VENDA,2,3.91,63.44,48.0,15.77,1.83,4.73,-2.16
2025-01-29,2025-01,50145,Xavante Industria EIRELI,Escola,Regiao Metropolitana,Tarcisio Bueno,Saco Lixo 30L,Descartaveis,VENDA,2,2.8,38.76,35.1,4.25,1.09,4.25,-1.68
2025-01-29,2025-01,50145,Xavante Industria EIRELI,Escola,Regiao Metropolitana,Tarcisio Bueno,Limpa Vidros 500ml - Fardo 12,Quimicos,VENDA,1,0.2,50.26,33.24,5.51,1.41,5.51,10.1
2025-01-29,2025-01,50149,Luminar Participacoes LTDA,Condominio,Litoral,Simone Klein,Papel Higienico Folha Dupla 30m,Papel,VENDA,1,0.48,24.98,18.07,1.04,0.87,1.04,5.0
2025-01-30,2025-01,50157,BOREAL SERVICOS LTDA ME,Escola,Regiao Metropolitana,Tarcisio Bueno,Balde 20L - Fardo 12,Acessorios,VENDA,20,7.06,465.2,295.4,61.35,13.03,61.35,95.42
2025-01-31,2025-01,50164,BOREAL SERVICOS LTDA ME,Escola,Regiao Metropolitana,Tarcisio Bueno,Borrifador 500ml - Fardo 12,Acessorios,DEVOLUCAO,-2,0.51,-28.39,-24.42,18.24,-1.15,5.47,-21.06
2025-02-01,2025-02,50172,Querencia Empreendimentos LTDA,Clinica,Interior Sul,Simone Klein,Alvejante 5L - Fardo 6,Quimicos,VENDA,2,5.35,66.77,31.58,30.7,1.58,9.21,2.91
2025-02-03,2025-02,50175,BOREAL SERVICOS LTDA ME,Escola,Regiao Metropolitana,Tarcisio Bueno,Pano Multiuso - Caixa 24,Acessorios,VENDA,20,1.53,432.8,259.4,47.13,12.12,47.13,114.15
2025-02-06,2025-02,50200,Xavante Negocios ME,Hotel,Regiao Metropolitana,Simone Klein,Cera Liquida Incolor 5L - Fardo 6,Quimicos,VENDA,1,0.32,59.97,35.22,9.68,1.86,2.9,13.21
2025-02-18,2025-02,50250,BOREAL SERVICOS LTDA ME,Escola,Regiao Metropolitana,Tarcisio Bueno,Detergente Neutro 5L - Pacote 100,Quimicos,VENDA,10,4.63,241.55,147.6,40.5,5.97,12.15,47.48
2025-02-19,2025-02,50263,Boreal Negocios ME,Padaria,Interior Norte,Rogerio Antunes,DESINFETANTE LAVANDA 5L - FARDO 6,Quimicos,VENDA,1,2.06,48.07,27.63,10.1,1.23,3.03,9.11
2025-02-19,2025-02,50267,BOREAL SERVICOS LTDA ME,Escola,Regiao Metropolitana,Tarcisio Bueno,Limpa Vidros 500ml,Quimicos,VENDA,3,1.69,92.33,54.54,15.84,2.27,4.75,19.68
2025-02-20,2025-02,50270,Vitoria Distribuidora LTDA ME,Hotel,Interior Sul,Tarcisio Bueno,SACO LIXO 60L - PACOTE 100,Descartaveis,VENDA,1,1.37,24.02,13.33,12.97,0.42,3.89,-2.7
2025-02-24,2025-02,50293,BOREAL SERVICOS LTDA ME,Escola,Regiao Metropolitana,Tarcisio Bueno,Avental PVC - Pacote 100,EPI,VENDA,2,2.92,25.39,13.38,6.36,0.59,1.91,5.06
2025-02-25,2025-02,50302,UNIAO ALIMENTOS EIRELI,Industria,Litoral,Simone Klein,Limpa Vidros 500ml - Fardo 12,Quimicos,VENDA,1,1.45,62.91,33.24,18.98,1.74,5.7,8.95
2025-02-27,2025-02,50316,Boreal Industria LTDA,Hotel,Litoral,Tarcisio Bueno,Guardanapo 24x24 - Caixa 24,Papel,VENDA,3,0.94,232.32,146.7,43.54,5.65,13.06,36.43
2025-02-28,2025-02,50319,Horizonte Distribuidora S/A,Condominio,Regiao Metropolitana,Rogerio Antunes,Papel Toalha Rolo 100f - Pacote 100,Papel,VENDA,2,3.9,146.54,109.78,9.21,4.4,9.21,23.15
2025-02-28,2025-02,50321,Trevo Empreendimentos LTDA,Padaria,Interior Norte,Rogerio Antunes,Alvejante 5L - Fardo 12,Quimicos,VENDA,1,6.13,37.48,21.58,9.68,0.92,2.9,5.3
2025-03-03,2025-03,50331,Imperial Servicos S/A,Clinica,Regiao Metropolitana,Rogerio Antunes,Embalagem Delivery 750ml - Pacote 100,Descartaveis,VENDA,1,10.0,13.93,10.99,3.84,0.34,1.15,-1.24
2025-03-04,2025-03,50334,Bandeirante Comercio ME,Condominio,Litoral,Rogerio Antunes,Copo Descartavel 200ml - Pacote 100,Descartaveis,VENDA,20,1.24,648.6,578.0,65.21,19.46,65.21,-14.07
2025-03-04,2025-03,50340,Serrano Servicos LTDA ME,Mercado,Interior Norte,Simone Klein,BORRIFADOR 500ML - FARDO 12,Acessorios,VENDA,1,1.35,29.28,17.51,2.33,1.02,2.33,8.42
2025-03-05,2025-03,50346,Estrela Servicos LTDA,Escola,Litoral,Tarcisio Bueno,Papel Higienico Rolao 300m - Fardo 12,Papel,VENDA,5,9.27,305.38,223.1,34.61,7.87,10.38,39.8
2025-03-05,2025-03,50353,Serrano Servicos LTDA ME,Mercado,Interior Norte,Simone Klein,SACO LIXO 60L - PACOTE 100,Descartaveis,VENDA,2,1.51,29.84,26.66,3.89,1.04,3.89,-1.75
2025-03-07,2025-03,50368,Boreal Negocios ME,Padaria,Interior Norte,Rogerio Antunes,ALCOOL 70 1L - FARDO 6,Quimicos,VENDA,1,2.75,73.83,41.95,17.17,1.85,5.15,12.86
2025-03-07,2025-03,50370,Vitoria Empreendimentos EIRELI,Restaurante,Litoral,Tarcisio Bueno,Sabao Liquido 5L,Quimicos,VENDA,1,1.18,58.87,33.68,12.06,1.41,3.62,11.72
2025-03-07,2025-03,50375,BANDEIRANTE NEGOCIOS S/A,Condominio,Interior Sul,Simone Klein,Guardanapo 24x24 - Caixa 24,Papel,VENDA,1,0.17,63.74,45.97,4.32,2.23,4.32,11.22
2025-03-07,2025-03,50375,BANDEIRANTE NEGOCIOS S/A,Condominio,Interior Sul,Simone Klein,Desinfetante Lavanda 5L,Quimicos,VENDA,10,2.19,299.5,202.1,20.31,10.48,20.31,66.61
2025-03-10,2025-03,50380,Xavante Servicos EIRELI,Padaria,Litoral,Rogerio Antunes,BOBINA PAPEL TOALHA 200M - PACOTE 100,Papel,VENDA,1,6.36,28.42,21.85,3.16,0.85,3.16,2.56
2025-03-10,2025-03,50382,Luminar Alimentos S/A,Restaurante,Interior Sul,Rogerio Antunes,Avental PVC - Pacote 100,EPI,VENDA,2,1.62,54.83,30.08,10.12,1.43,3.03,13.2
2025-03-11,2025-03,50399,Rio Claro Servicos S/A,Industria,Interior Norte,Rogerio Antunes,Mascara Descartavel,EPI,VENDA,3,1.73,67.81,28.62,32.07,1.36,9.62,5.76
2025-03-12,2025-03,50408,Vitoria Comercio LTDA,Industria,Interior Sul,Simone Klein,Papel Toalha Interfolha 1000f - Caixa 24,Papel,VENDA,50,10.72,3103.0,2502.5,84.35,108.61,84.35,407.54
2025-03-15,2025-03,50439,Luminar Alimentos S/A,Restaurante,Interior Sul,Rogerio Antunes,COPO DESCARTAVEL 200ML - FARDO 6,Descartaveis,VENDA,3,7.42,81.76,70.86,10.31,2.24,3.1,-1.65
2025-03-17,2025-03,50444,Uniao Participacoes LTDA,Condominio,Litoral,Rogerio Antunes,Saco Lixo 100L - Fardo 6,Descartaveis,VENDA,2,4.08,53.84,49.38,4.9,1.62,4.9,-2.06
2025-03-17,2025-03,50450,Querencia Participacoes EIRELI,Mercado,Regiao Metropolitana,Tarcisio Bueno,DESINFETANTE LAVANDA 5L - PACOTE 100,Quimicos,VENDA,2,4.14,119.36,82.18,6.04,3.34,6.04,27.8
2025-03-18,2025-03,50459,Central Negocios ME,Mercado,Interior Sul,Tarcisio Bueno,Detergente Neutro 5L,Quimicos,VENDA,3,2.13,147.75,99.63,8.44,4.14,8.44,35.54
2025-03-19,2025-03,50463,BOREAL SERVICOS LTDA ME,Escola,Regiao Metropolitana,Tarcisio Bueno,Alvejante 5L - Fardo 12,Quimicos,VENDA,1,0.17,29.25,17.01,5.02,0.72,1.5,6.5
2025-03-20,2025-03,50477,Luminar Alimentos S/A,Restaurante,Interior Sul,Rogerio Antunes,Esponja Dupla Face - Fardo 6,Acessorios,VENDA,2,4.34,75.89,39.42,17.1,1.92,5.13,17.45
2025-03-21,2025-03,50480,Pampa Alimentos ME,Padaria,Regiao Metropolitana,Rogerio Antunes,Copo Descartavel 200ml,Descartaveis,VENDA,2,14.44,64.24,59.72,8.83,1.74,2.65,-6.05
2025-03-21,2025-03,50486,Serrano Servicos LTDA ME,Mercado,Interior Norte,Simone Klein,Alcool 70 1L - Caixa 24,Quimicos,VENDA,5,4.41,90.15,62.25,8.06,3.16,8.06,16.68
2025-03-21,2025-03,50491,Vitoria Distribuidora LTDA ME,Hotel,Interior Sul,Tarcisio Bueno,Alcool 70 1L - Caixa 24,Quimicos,VENDA,2,0.32,43.65,24.9,8.64,1.05,2.59,9.06
2025-03-22,2025-03,50493,Uniao Servicos LTDA,Industria,Interior Sul,Tarcisio Bueno,Copo Descartavel 50ml,Descartaveis,VENDA,10,10.83,329.8,325.5,22.91,9.23,22.91,-27.84
2025-03-22,2025-03,50494,Trevo Empreendimentos LTDA,Padaria,Interior Norte,Rogerio Antunes,Cera Liquida Incolor 5L - Fardo 6,Quimicos,VENDA,1,0.06,68.78,21.98,50.71,1.0,15.21,-4.91
2025-03-22,2025-03,50495,missoes empreendimentos me,Clinica,Regiao Metropolitana,Rogerio Antunes,Papel Higienico Folha Dupla 30m - Fardo 12,Papel,VENDA,3,2.26,232.64,151.38,38.77,6.17,11.63,36.32
2025-03-22,2025-03,50496,Querencia Participacoes EIRELI,Mercado,Regiao Metropolitana,Tarcisio Bueno,Papel Toalha Interfolha 1000f,Papel,VENDA,5,5.02,138.0,104.6,11.29,3.86,11.29,18.25
2025-03-24,2025-03,50500,Boreal Industria LTDA,Hotel,Litoral,Tarcisio Bueno,Vassoura Nylon - Fardo 12,Acessorios,VENDA,2,0.35,102.53,51.48,22.25,2.43,6.68,26.37
2025-03-25,2025-03,50503,Oriente Participacoes LTDA,Clinica,Regiao Metropolitana,Simone Klein,Balde 20L - Pacote 100,Acessorios,VENDA,1,0.76,38.53,19.24,8.82,1.13,2.65,9.34
2025-03-25,2025-03,50507,Aurora Industria LTDA,Clinica,Regiao Metropolitana,Tarcisio Bueno,Embalagem Delivery 750ml - Pacote 100,Descartaveis,VENDA,2,0.16,31.53,21.98,9.42,0.7,2.83,-0.57
2025-03-26,2025-03,50513,Querencia Participacoes EIRELI,Mercado,Regiao Metropolitana,Tarcisio Bueno,Papel Toalha Rolo 100f - Fardo 6,Papel,VENDA,2,8.75,197.6,129.96,47.0,4.61,14.1,16.03
2025-03-26,2025-03,50515,Xavante Distribuidora LTDA ME,Clinica,Interior Sul,Rogerio Antunes,Esponja Dupla Face - Caixa 24,Acessorios,VENDA,5,2.82,142.2,86.35,14.45,4.27,14.45,37.13
2025-03-26,2025-03,50515,Xavante Distribuidora LTDA ME,Clinica,Interior Sul,Rogerio Antunes,Alcool 70 1L,Quimicos,VENDA,2,0.88,120.18,80.02,12.21,3.61,12.21,24.34
2025-03-26,2025-03,50518,Querencia Participacoes EIRELI,Mercado,Regiao Metropolitana,Tarcisio Bueno,Desengordurante 5L - Pacote 100,Quimicos,VENDA,10,3.88,180.1,123.7,11.88,5.04,11.88,39.48
2025-03-26,2025-03,50518,Querencia Participacoes EIRELI,Mercado,Regiao Metropolitana,Tarcisio Bueno,ALCOOL 70 1L - FARDO 6,Quimicos,VENDA,3,1.54,187.74,125.85,12.39,5.26,12.39,44.24
2025-03-27,2025-03,50531,Vitoria Distribuidora LTDA ME,Hotel,Interior Sul,Tarcisio Bueno,Detergente Neutro 5L,Quimicos,VENDA,2,0.2,100.44,66.42,9.3,2.81,9.3,21.91
2025-03-27,2025-03,50532,Oriente Participacoes LTDA,Clinica,Regiao Metropolitana,Simone Klein,Saco Lixo 30L - Fardo 6,Descartaveis,VENDA,20,2.41,565.4,509.8,52.45,19.79,52.45,-16.64
2025-03-28,2025-03,50535,Querencia Alimentos LTDA,Mercado,Interior Norte,Simone Klein,PAPEL HIGIENICO ROLAO 300M,Papel,VENDA,1,0.6,21.67,12.54,6.22,0.61,1.87,2.3
2025-03-28,2025-03,50538,BOREAL SERVICOS LTDA ME,Escola,Regiao Metropolitana,Tarcisio Bueno,COPO DESCARTAVEL 200ML - FARDO 6,Descartaveis,VENDA,2,13.54,46.42,47.24,1.14,1.3,1.14,-3.26
2025-03-31,2025-03,50542,Oriente Alimentos ME,Padaria,Interior Norte,Tarcisio Bueno,Embalagem Delivery 750ml - Pacote 100,Descartaveis,VENDA,50,30.11,486.47,549.5,71.39,12.22,21.42,-146.64
2025-03-31,2025-03,50544,Horizonte Distribuidora S/A,Condominio,Regiao Metropolitana,Rogerio Antunes,Alcool 70 1L - Caixa 24,Quimicos,VENDA,10,2.72,401.2,272.2,30.79,12.04,30.79,86.17
2025-04-01,2025-04,50555,Serrano Servicos LTDA ME,Mercado,Interior Norte,Simone Klein,limpador multiuso 5l - pacote 100,Quimicos,VENDA,5,1.48,98.29,58.95,14.71,3.08,4.42,21.55
2025-04-02,2025-04,50560,Boreal Negocios ME,Padaria,Interior Norte,Rogerio Antunes,Guardanapo 24x24 - Caixa 24,Papel,VENDA,3,0.99,189.66,137.91,11.12,5.69,11.12,34.94
2025-04-02,2025-04,50564,Serrano Servicos LTDA ME,Mercado,Interior Norte,Simone Klein,Alvejante 5L - Fardo 12,Quimicos,VENDA,3,1.46,96.66,64.74,9.22,3.38,9.22,19.32
2025-04-04,2025-04,50576,Central Negocios LTDA ME,Clinica,Interior Sul,Simone Klein,Guardanapo 24x24,Papel,VENDA,5,5.36,288.3,219.35,41.2,10.09,41.2,17.66
2025-04-07,2025-04,50588,Trevo Comercio LTDA,Restaurante,Interior Norte,Simone Klein,Copo Descartavel 50ml - Pacote 100,Descartaveis,VENDA,5,10.95,94.74,64.35,42.35,2.28,12.71,-14.24
2025-04-08,2025-04,50596,horizonte distribuidora me,Condominio,Regiao Metropolitana,Rogerio Antunes,Embalagem Delivery 750ml - Fardo 6,Descartaveis,VENDA,5,2.57,202.77,159.25,37.81,5.29,11.34,0.42
2025-04-15,2025-04,50625,Zenite Industria LTDA,Mercado,Litoral,Simone Klein,Desinfetante Lavanda 5L - Pacote 100,Quimicos,VENDA,5,2.71,307.31,187.3,44.59,9.66,13.38,65.76
2025-04-15,2025-04,50626,Trevo Empreendimentos LTDA,Padaria,Interior Norte,Rogerio Antunes,Embalagem Delivery 750ml - Fardo 6,Descartaveis,VENDA,2,8.9,32.28,31.18,2.32,0.97,2.32,-2.19
2025-04-16,2025-04,50633,Uniao Negocios LTDA,Hotel,Interior Norte,Rogerio Antunes,Balde 20L - Pacote 100,Acessorios,VENDA,2,1.29,88.43,38.48,34.36,1.93,10.31,13.66
2025-04-16,2025-04,50637,Vitoria Distribuidora LTDA ME,Hotel,Interior Sul,Tarcisio Bueno,Papel Toalha Rolo 100f - Caixa 24,Papel,VENDA,3,0.17,165.86,105.69,27.59,4.1,8.28,28.48
2025-04-18,2025-04,50651,BOREAL SERVICOS LTDA ME,Escola,Regiao Metropolitana,Tarcisio Bueno,Marmitex Aluminio 800ml - Pacote 100,Descartaveis,VENDA,3,1.25,120.1,83.19,38.2,2.61,11.46,-3.9
2025-04-18,2025-04,50653,missoes empreendimentos me,Clinica,Regiao Metropolitana,Rogerio Antunes,Mop Umido - Caixa 24,Acessorios,VENDA,2,3.37,56.07,31.58,6.22,1.55,1.87,16.72
2025-04-18,2025-04,50654,Querencia Distribuidora LTDA ME,Padaria,Interior Norte,Rogerio Antunes,Alvejante 5L - Fardo 6,Quimicos,VENDA,2,0.54,55.7,31.58,11.59,1.43,3.47,11.1
2025-04-22,2025-04,50665,Serrano Servicos LTDA ME,Mercado,Interior Norte,Simone Klein,Luva Plastica Descartavel - Fardo 6,Descartaveis,VENDA,2,9.42,35.71,30.5,6.15,1.1,1.84,-2.04
2025-04-25,2025-04,50679,Horizonte Negocios EIRELI,Escola,Litoral,Simone Klein,Vassoura Nylon - Caixa 24,Acessorios,VENDA,1,5.81,45.53,24.51,9.14,1.37,2.74,10.51
2025-04-25,2025-04,50681,Boreal Comercio EIRELI,Mercado,Interior Sul,Simone Klein,Saco Lixo 100L - Fardo 6,Descartaveis,VENDA,5,7.9,129.2,123.45,13.55,4.52,13.55,-12.32
2025-04-25,2025-04,50682,Querencia Participacoes EIRELI,Mercado,Regiao Metropolitana,Tarcisio Bueno,Vassoura Nylon - Fardo 12,Acessorios,VENDA,2,4.18,98.28,51.48,20.94,2.34,6.28,23.52
2025-04-28,2025-04,50687,Trevo Empreendimentos LTDA,Padaria,Interior Norte,Rogerio Antunes,Embalagem Delivery 750ml - Pacote 100,Descartaveis,VENDA,3,5.19,48.32,32.97,18.28,1.07,5.48,-4.0
2025-04-29,2025-04,50692,Querencia Participacoes EIRELI,Mercado,Regiao Metropolitana,Tarcisio Bueno,MOP UMIDO - CAIXA 24,Acessorios,VENDA,10,1.62,499.79,281.8,42.7,13.16,12.81,162.13
2025-04-30,2025-04,50700,Nortao Alimentos S/A,Escola,Interior Norte,Simone Klein,PAPEL HIGIENICO ROLAO 300M,Papel,VENDA,1,1.93,26.02,12.54,12.77,0.6,3.83,0.11
2025-05-01,2025-05,50703,Rio Claro Negocios LTDA,Restaurante,Regiao Metropolitana,Simone Klein,papel toalha rolo 100f - fardo 6,Papel,VENDA,1,2.67,49.03,30.81,10.55,1.46,3.17,6.21
2025-05-01,2025-05,50703,Rio Claro Negocios LTDA,Restaurante,Regiao Metropolitana,Simone Klein,Saco Lixo 100L - Pacote 100,Descartaveis,VENDA,10,6.08,200.02,159.2,43.02,5.95,12.9,-8.15
2025-05-01,2025-05,50709,Zenite Industria LTDA,Mercado,Litoral,Simone Klein,Esponja Dupla Face - Caixa 24,Acessorios,VENDA,3,2.75,85.41,51.81,12.71,2.99,12.71,17.9
2025-05-01,2025-05,50709,Zenite Industria LTDA,Mercado,Litoral,Simone Klein,Copo Descartavel 200ml - Pacote 100,Descartaveis,VENDA,5,2.87,159.5,144.5,23.74,5.58,23.74,-14.32
2025-05-02,2025-05,50714,TREVO ALIMENTOS S/A,Mercado,Interior Norte,Rogerio Antunes,Talher Descartavel Misto - Pacote 100,Descartaveis,VENDA,2,1.74,73.68,52.62,21.32,1.76,6.4,-2.02
2025-05-02,2025-05,50714,TREVO ALIMENTOS S/A,Mercado,Interior Norte,Rogerio Antunes,ALCOOL 70 1L - FARDO 6,Quimicos,VENDA,1,3.01,77.31,41.95,22.36,1.85,6.7,11.15
2025-05-05,2025-05,50724,Serrano Alimentos EIRELI,Padaria,Regiao Metropolitana,Simone Klein,AVENTAL PVC - CAIXA 24,EPI,VENDA,1,0.03,25.68,12.66,7.53,0.71,2.26,4.78
2025-05-05,2025-05,50725,BOREAL SERVICOS LTDA ME,Escola,Regiao Metropolitana,Tarcisio Bueno,Avental PVC - Fardo 6,EPI,VENDA,3,1.12,23.82,13.53,3.21,0.6,0.96,6.48
2025-05-06,2025-05,50727,Aurora Negocios EIRELI,Hotel,Regiao Metropolitana,Rogerio Antunes,SACO LIXO 60L,Descartaveis,VENDA,3,6.66,29.82,19.5,13.02,0.62,3.9,-3.32
2025-05-07,2025-05,50741,Luminar Alimentos S/A,Restaurante,Interior Sul,Rogerio Antunes,papel toalha rolo 100f - fardo 6,Papel,VENDA,1,4.17,56.24,30.81,21.76,1.23,6.53,2.44
2025-05-07,2025-05,50741,Luminar Alimentos S/A,Restaurante,Interior Sul,Rogerio Antunes,Balde 20L - Pacote 100,Acessorios,VENDA,1,3.77,44.63,19.95,17.27,0.98,5.18,6.43
2025-05-08,2025-05,50748,Rio Claro Servicos EIRELI,Mercado,Interior Norte,Tarcisio Bueno,Esponja Dupla Face - Fardo 6,Acessorios,VENDA,5,1.84,188.54,98.55,35.06,4.59,10.52,50.34
2025-05-08,2025-05,50751,Horizonte Distribuidora S/A,Condominio,Regiao Metropolitana,Rogerio Antunes,Talher Descartavel Misto - Fardo 6,Descartaveis,VENDA,1,7.06,47.62,36.29,13.27,1.15,3.98,-3.09
2025-05-09,2025-05,50754,Horizonte Distribuidora S/A,Condominio,Regiao Metropolitana,Rogerio Antunes,Papel Higienico Folha Dupla 30m - Fardo 12,Papel,VENDA,1,1.51,87.37,50.46,26.21,2.07,7.86,8.63
2025-05-12,2025-05,50764,Querencia Participacoes EIRELI,Mercado,Regiao Metropolitana,Tarcisio Bueno,Desinfetante Lavanda 5L,Quimicos,VENDA,5,4.0,172.63,101.05,36.61,4.12,10.98,30.85
2025-05-12,2025-05,50771,Jangada Comercio ME,Padaria,Regiao Metropolitana,Simone Klein,Vassoura Nylon - Fardo 12,Acessorios,VENDA,1,1.44,48.38,25.74,7.69,1.51,2.31,13.45
2025-05-15,2025-05,50788,Horizonte Distribuidora S/A,Condominio,Regiao Metropolitana,Rogerio Antunes,Papel Toalha Interfolha 1000f - Caixa 24,Papel,VENDA,1,3.66,45.91,34.31,5.12,1.38,5.12,5.1
2025-05-16,2025-05,50792,Vitoria Comercio LTDA,Industria,Interior Sul,Simone Klein,Cera Liquida Incolor 5L - Fardo 6,Quimicos,VENDA,20,5.47,1043.2,728.4,34.61,36.51,34.61,243.68
2025-05-19,2025-05,50797,Serrano Servicos LTDA ME,Mercado,Interior Norte,Simone Klein,Papel Toalha Interfolha 1000f - Caixa 24,Papel,VENDA,1,4.49,45.51,34.31,2.33,1.59,2.33,7.28
2025-05-19,2025-05,50797,Serrano Servicos LTDA ME,Mercado,Interior Norte,Simone Klein,BORRIFADOR 500ML - FARDO 12,Acessorios,VENDA,5,0.14,243.05,143.6,12.47,8.51,12.47,78.47
2025-05-19,2025-05,50798,Serrano Servicos LTDA ME,Mercado,Interior Norte,Simone Klein,Copo Descartavel 200ml - Fardo 12,Descartaveis,VENDA,2,0.97,59.76,35.02,29.05,1.38,8.71,-5.69
2025-05-22,2025-05,50812,Xavante Industria EIRELI,Escola,Regiao Metropolitana,Tarcisio Bueno,AVENTAL PVC - CAIXA 24,EPI,VENDA,3,1.89,74.36,37.98,20.39,1.68,6.12,14.31
2025-05-23,2025-05,50822,Luminar Alimentos S/A,Restaurante,Interior Sul,Rogerio Antunes,Marmitex Aluminio 800ml - Caixa 24,Descartaveis,VENDA,1,8.74,41.28,34.35,8.08,1.07,2.42,-2.22
2025-05-24,2025-05,50823,Nortao Alimentos S/A,Escola,Interior Norte,Simone Klein,Embalagem Delivery 750ml,Descartaveis,VENDA,1,6.86,29.8,24.02,6.25,0.89,1.88,-1.36
2025-05-24,2025-05,50824,Zenite Participacoes ME,Padaria,Interior Norte,Simone Klein,Alcool 70 1L - Caixa 24,Quimicos,VENDA,3,4.22,125.95,81.66,10.64,4.15,3.19,29.5
2025-05-26,2025-05,50834,BOREAL SERVICOS LTDA ME,Escola,Regiao Metropolitana,Tarcisio Bueno,Bobina Papel Toalha 200m - Fardo 6,Papel,VENDA,3,0.5,96.18,60.78,17.4,2.35,5.22,15.65
2025-05-27,2025-05,50840,Vitoria Empreendimentos EIRELI,Restaurante,Litoral,Tarcisio Bueno,Talher Descartavel Misto - Fardo 6,Descartaveis,VENDA,1,4.04,48.57,36.29,12.85,1.11,3.85,-1.68
2025-05-27,2025-05,50841,Serrano Servicos LTDA ME,Mercado,Interior Norte,Simone Klein,Alcool 70 1L - Caixa 24,Quimicos,VENDA,2,1.09,134.59,75.8,30.02,3.98,9.01,24.79
2025-05-27,2025-05,50844,Rio Claro Servicos S/A,Industria,Interior Norte,Rogerio Antunes,Embalagem Delivery 750ml - Pacote 100,Descartaveis,VENDA,3,7.1,40.21,32.97,7.73,1.04,2.32,-1.53
2025-05-28,2025-05,50850,Horizonte Negocios EIRELI,Escola,Litoral,Simone Klein,Avental PVC - Fardo 6,EPI,VENDA,5,0.17,54.16,22.55,25.52,1.27,7.66,4.82
2025-05-28,2025-05,50852,Serrano Servicos LTDA ME,Mercado,Interior Norte,Simone Klein,Esponja Dupla Face - Caixa 24,Acessorios,VENDA,1,2.33,28.59,17.27,2.32,1.0,2.32,8.0
2025-05-29,2025-05,50859,Horizonte Distribuidora S/A,Condominio,Regiao Metropolitana,Rogerio Antunes,Papel Higienico Folha Dupla 30m - Fardo 12,Papel,VENDA,2,4.55,56.18,36.96,10.26,1.47,3.08,7.49
2025-05-30,2025-05,50863,Imperial Servicos S/A,Clinica,Regiao Metropolitana,Rogerio Antunes,Prato Descartavel 15cm - Caixa 24,Descartaveis,VENDA,10,17.24,337.01,308.3,67.3,8.7,20.19,-47.29
2025-06-03,2025-06,50875,querencia negocios me,Restaurante,Litoral,Rogerio Antunes,Saco Lixo 30L,Descartaveis,VENDA,1,1.26,19.69,17.55,2.63,0.59,2.63,-1.08
2025-06-04,2025-06,50886,Oriente Participacoes LTDA,Clinica,Regiao Metropolitana,Simone Klein,Embalagem Delivery 750ml,Descartaveis,VENDA,10,7.41,252.8,240.2,10.02,8.85,10.02,-6.27
2025-06-05,2025-06,50892,Serrano Servicos LTDA ME,Mercado,Interior Norte,Simone Klein,Talher Descartavel Misto - Fardo 6,Descartaveis,VENDA,5,5.96,236.28,181.45,60.54,6.79,18.16,-12.5
2025-06-06,2025-06,50898,Uniao Servicos LTDA,Industria,Interior Sul,Tarcisio Bueno,Vassoura Nylon,Acessorios,VENDA,2,2.51,41.09,20.18,11.08,0.93,3.33,8.9
2025-06-07,2025-06,50905,Querencia Participacoes EIRELI,Mercado,Regiao Metropolitana,Tarcisio Bueno,Vassoura Nylon - Fardo 12,Acessorios,VENDA,3,3.51,146.41,77.22,28.73,3.54,8.62,36.92
2025-06-11,2025-06,50916,Estrela Servicos ME,Hotel,Interior Sul,Tarcisio Bueno,Marmitex Aluminio 800ml - Caixa 24,Descartaveis,VENDA,2,16.23,65.4,68.7,6.64,1.83,6.64,-11.77
2025-06-14,2025-06,50935,Imperial Distribuidora S/A,Clinica,Interior Norte,Rogerio Antunes,Cera Liquida Incolor 5L - Fardo 6,Quimicos,VENDA,1,2.95,34.66,21.98,3.35,0.97,1.01,8.36
2025-06-18,2025-06,50957,missoes empreendimentos me,Clinica,Regiao Metropolitana,Rogerio Antunes,Guardanapo 24x24,Papel,VENDA,2,0.27,141.82,87.74,28.97,3.65,8.69,21.46
2025-06-20,2025-06,50969,Serrano Servicos LTDA ME,Mercado,Interior Norte,Simone Klein,Papel Higienico Rolao 300m - Fardo 12,Papel,VENDA,3,4.51,272.27,187.02,34.61,8.68,10.38,41.96
2025-06-20,2025-06,50970,Querencia Participacoes EIRELI,Mercado,Regiao Metropolitana,Tarcisio Bueno,Copo Descartavel 50ml - Fardo 6,Descartaveis,VENDA,3,10.75,105.26,79.35,35.39,2.25,10.62,-11.73
2025-06-20,2025-06,50974,Querencia Alimentos LTDA,Mercado,Interior Norte,Simone Klein,PRATO DESCARTAVEL 15CM - PACOTE 100,Descartaveis,VENDA,10,7.5,347.3,330.4,57.14,12.16,57.14,-52.4
2025-06-23,2025-06,50981,Querencia Empreendimentos LTDA,Clinica,Interior Sul,Simone Klein,Papel Toalha Interfolha 1000f - Pacote 100,Papel,VENDA,5,0.85,444.76,288.65,67.5,13.91,20.24,74.7
2025-06-23,2025-06,50982,Luminar Alimentos S/A,Restaurante,Interior Sul,Rogerio Antunes,Mascara Descartavel - Fardo 12,EPI,VENDA,2,4.28,36.12,23.4,1.31,1.08,1.31,10.33
2025-06-25,2025-06,50988,Aurora Industria LTDA ME,Clinica,Interior Sul,Tarcisio Bueno,Avental PVC - Pacote 100,EPI,VENDA,2,0.15,25.92,13.38,6.26,0.6,1.88,5.68
2025-06-26,2025-06,50995,Horizonte Distribuidora S/A,Condominio,Regiao Metropolitana,Rogerio Antunes,Sabao Liquido 5L,Quimicos,VENDA,5,4.32,270.03,168.4,36.97,7.32,11.09,57.34
2025-07-02,2025-07,51027,Rio Claro Servicos S/A,Industria,Interior Norte,Rogerio Antunes,Esponja Dupla Face - Caixa 24,Acessorios,VENDA,1,0.98,28.98,17.27,1.85,0.87,1.85,8.99
2025-07-02,2025-07,51027,Rio Claro Servicos S/A,Industria,Interior Norte,Rogerio Antunes,Detergente Neutro 5L - Caixa 24,Quimicos,VENDA,20,0.23,959.6,634.8,61.23,28.79,61.23,234.78
2025-07-07,2025-07,51044,Querencia Negocios LTDA,Industria,Interior Norte,Simone Klein,Avental PVC - Pacote 100,EPI,VENDA,2,3.47,46.84,30.08,2.64,1.64,2.64,12.48
2025-07-14,2025-07,51067,Pampa Alimentos ME,Padaria,Regiao Metropolitana,Rogerio Antunes,saco lixo 30l - fardo 6,Descartaveis,VENDA,3,13.17,47.81,38.76,13.66,1.15,4.1,-5.76
2025-07-14,2025-07,51069,Estrela Negocios S/A,Padaria,Litoral,Tarcisio Bueno,Alvejante 5L - Caixa 24,Quimicos,VENDA,1,0.97,68.37,37.8,16.65,1.59,4.99,12.33
2025-07-15,2025-07,51074,Oriente Participacoes LTDA,Clinica,Regiao Metropolitana,Simone Klein,borrifador 500ml - fardo 6,Acessorios,VENDA,1,2.84,34.1,18.72,4.67,1.08,1.4,9.63
2025-07-16,2025-07,51076,Uniao Servicos S/A,Condominio,Litoral,Rogerio Antunes,Copo Descartavel 200ml,Descartaveis,VENDA,2,13.06,83.86,59.72,35.51,1.77,10.65,-13.14
2025-07-16,2025-07,51079,Jangada Empreendimentos ME,Condominio,Litoral,Rogerio Antunes,papel toalha rolo 100f - fardo 6,Papel,VENDA,2,3.65,99.48,61.62,24.32,2.47,7.3,11.07
2025-07-16,2025-07,51080,Xavante Industria EIRELI,Escola,Regiao Metropolitana,Tarcisio Bueno,Embalagem Delivery 750ml - Fardo 6,Descartaveis,VENDA,3,13.64,93.75,95.55,10.11,2.63,10.11,-14.54
2025-07-17,2025-07,51084,Trevo Alimentos EIRELI,Condominio,Interior Norte,Simone Klein,papel toalha rolo 100f - fardo 6,Papel,VENDA,2,6.01,80.44,61.62,2.6,2.82,2.6,13.4
2025-07-17,2025-07,51089,Nortao Alimentos S/A,Escola,Interior Norte,Simone Klein,DESINFETANTE LAVANDA 5L - PACOTE 100,Quimicos,VENDA,1,1.52,73.02,41.09,16.72,2.15,5.01,13.06
2025-07-18,2025-07,51091,Oriente Participacoes LTDA,Clinica,Regiao Metropolitana,Simone Klein,Saco Lixo 100L,Descartaveis,VENDA,5,3.89,165.04,134.55,25.83,5.14,7.74,-0.48
2025-07-18,2025-07,51095,Estrela Industria EIRELI,Clinica,Interior Norte,Rogerio Antunes,Bobina Papel Toalha 200m,Papel,VENDA,1,3.95,51.68,35.21,6.73,1.41,2.02,8.33
2025-07-18,2025-07,51098,Serrano Servicos LTDA ME,Mercado,Interior Norte,Simone Klein,Escova Sanitaria - Fardo 12,Acessorios,VENDA,3,2.55,71.73,43.44,3.63,2.51,3.63,22.15
2025-07-18,2025-07,51099,Boreal Participacoes EIRELI,Clinica,Litoral,Rogerio Antunes,Embalagem Delivery 750ml - Fardo 6,Descartaveis,VENDA,1,10.05,32.55,31.85,1.77,0.98,1.77,-2.05
2025-07-22,2025-07,51111,Querencia Participacoes EIRELI,Mercado,Regiao Metropolitana,Tarcisio Bueno,Esponja Dupla Face - Caixa 24,Acessorios,VENDA,2,0.44,58.28,34.54,5.57,1.63,5.57,16.54
2025-07-22,2025-07,51113,Aurora Distribuidora LTDA ME,Clinica,Litoral,Simone Klein,papel higienico folha dupla 30m - fardo 12,Papel,VENDA,10,4.44,677.4,510.4,46.66,23.71,46.66,96.63
2025-07-22,2025-07,51115,BOREAL SERVICOS LTDA ME,Escola,Regiao Metropolitana,Tarcisio Bueno,Guardanapo 24x24,Papel,VENDA,1,3.53,65.48,43.87,9.57,1.65,2.87,10.39
2025-07-22,2025-07,51115,BOREAL SERVICOS LTDA ME,Escola,Regiao Metropolitana,Tarcisio Bueno,Luva Latex - Fardo 12,EPI,VENDA,2,4.53,20.99,12.24,3.07,0.53,0.92,5.15
2025-07-23,2025-07,51118,Aurora Alimentos S/A,Escola,Litoral,Simone Klein,Cera Liquida Incolor 5L - Fardo 6,Quimicos,VENDA,3,6.7,114.0,71.19,19.12,3.52,5.74,20.17
2025-07-24,2025-07,51126,Estrela Servicos ME,Hotel,Interior Sul,Tarcisio Bueno,SACO LIXO 60L - CAIXA 24,Descartaveis,VENDA,2,14.22,27.07,20.02,10.78,0.55,3.23,-4.28
2025-07-25,2025-07,51134,BOREAL SERVICOS LTDA ME,Escola,Regiao Metropolitana,Tarcisio Bueno,PAPEL HIGIENICO ROLAO 300M,Papel,VENDA,1,5.42,20.44,12.54,5.66,0.46,1.7,1.78
2025-07-25,2025-07,51137,Zenite Participacoes ME,Padaria,Interior Norte,Simone Klein,SABAO LIQUIDO 5L - FARDO 6,Quimicos,VENDA,1,2.17,46.14,28.01,6.6,1.45,1.98,10.08
2025-07-26,2025-07,51141,Aurora Distribuidora LTDA,Escola,Regiao Metropolitana,Rogerio Antunes,Avental PVC - Pacote 100,EPI,VENDA,1,4.22,23.24,15.04,3.37,0.7,3.37,4.13
2025-07-30,2025-07,51159,TREVO ALIMENTOS S/A,Mercado,Interior Norte,Rogerio Antunes,sabao liquido 5l - pacote 100,Quimicos,VENDA,2,1.88,68.1,45.8,8.54,2.04,8.54,11.72
2025-07-30,2025-07,51159,TREVO ALIMENTOS S/A,Mercado,Interior Norte,Rogerio Antunes,luva plastica descartavel - pacote 100,Descartaveis,VENDA,10,2.15,216.3,194.6,27.14,6.49,27.14,-11.93
2025-07-30,2025-07,51160,Pampa Alimentos ME,Padaria,Regiao Metropolitana,Rogerio Antunes,luva plastica descartavel - pacote 100,Descartaveis,VENDA,5,13.32,95.8,97.3,6.49,2.87,6.49,-10.86
2025-07-31,2025-07,51166,Rio Claro Servicos S/A,Industria,Interior Norte,Rogerio Antunes,COPO DESCARTAVEL 200ML - FARDO 6,Descartaveis,VENDA,3,5.1,99.53,70.86,33.02,2.29,9.9,-6.64
2025-08-01,2025-08,51168,Bandeirante Comercio ME,Condominio,Litoral,Rogerio Antunes,Papel Toalha Rolo 100f - Pacote 100,Papel,VENDA,1,2.09,101.15,54.89,37.86,2.24,11.36,6.16
2025-08-01,2025-08,51170,Serrano Alimentos EIRELI,Padaria,Regiao Metropolitana,Simone Klein,Saco Lixo 30L - Fardo 6,Descartaveis,VENDA,10,8.1,266.2,254.9,18.63,9.32,18.63,-16.65
2025-08-04,2025-08,51180,Estrela Comercio S/A,Restaurante,Interior Sul,Rogerio Antunes,pano multiuso - caixa 24,Acessorios,VENDA,3,2.0,76.86,46.26,9.24,2.31,9.24,19.05
2025-08-05,2025-08,51182,Serrano Servicos LTDA ME,Mercado,Interior Norte,Simone Klein,Vassoura Nylon - Caixa 24,Acessorios,VENDA,20,0.61,825.8,490.2,49.8,28.9,49.8,256.9
2025-08-06,2025-08,51190,Querencia Distribuidora LTDA ME,Padaria,Interior Norte,Rogerio Antunes,Luva Latex - Caixa 24,EPI,VENDA,5,0.06,31.55,19.55,2.47,0.95,2.47,8.58
2025-08-13,2025-08,51215,Jangada Comercio ME,Padaria,Regiao Metropolitana,Simone Klein,Alvejante 5L,Quimicos,VENDA,10,1.06,624.2,416.4,61.36,21.85,61.36,124.59
2025-08-15,2025-08,51221,Nortao Alimentos S/A,Escola,Interior Norte,Simone Klein,Embalagem Delivery 750ml - Fardo 6,Descartaveis,VENDA,20,1.05,384.82,311.8,48.88,12.27,14.66,11.87
2025-08-15,2025-08,51226,BOREAL SERVICOS LTDA ME,Escola,Regiao Metropolitana,Tarcisio Bueno,Papel Toalha Interfolha 1000f - Pacote 100,Papel,VENDA,1,1.08,92.51,57.73,18.86,2.22,5.66,13.7
2025-08-15,2025-08,51226,BOREAL SERVICOS LTDA ME,Escola,Regiao Metropolitana,Tarcisio Bueno,papel toalha rolo 100f,Papel,VENDA,1,7.39,55.47,36.97,11.31,1.33,3.4,5.86
2025-08-15,2025-08,51227,Serrano Servicos LTDA ME,Mercado,Interior Norte,Simone Klein,escova sanitaria,Acessorios,VENDA,1,1.6,43.66,26.18,4.6,1.53,4.6,11.35
2025-08-18,2025-08,51232,Pampa Alimentos ME,Padaria,Regiao Metropolitana,Rogerio Antunes,papel toalha rolo 100f,Papel,VENDA,10,9.89,462.7,369.7,58.22,13.88,58.22,20.9
2025-08-18,2025-08,51233,Oriente Participacoes LTDA,Clinica,Regiao Metropolitana,Simone Klein,Papel Higienico Rolao 300m - Fardo 12,Papel,VENDA,2,4.03,139.21,89.24,28.96,4.16,8.69,16.85
2025-08-18,2025-08,51233,Oriente Participacoes LTDA,Clinica,Regiao Metropolitana,Simone Klein,Copo Descartavel 50ml - Pacote 100,Descartaveis,VENDA,5,10.02,143.61,120.0,29.87,4.29,8.96,-10.55
2025-08-19,2025-08,51239,Querencia Participacoes EIRELI,Mercado,Regiao Metropolitana,Tarcisio Bueno,Alvejante 5L - Fardo 6,Quimicos,VENDA,10,8.67,241.65,157.9,33.07,6.12,9.92,44.56
2025-08-19,2025-08,51243,Trevo Alimentos EIRELI,Condominio,Interior Norte,Simone Klein,Detergente Neutro 5L,Quimicos,VENDA,2,7.57,108.2,66.42,21.69,3.26,6.51,16.83
2025-08-20,2025-08,51255,Imperial Distribuidora S/A,Clinica,Interior Norte,Rogerio Antunes,Papel Higienico Folha Dupla 30m,Papel,VENDA,3,0.95,74.58,54.21,8.51,2.24,8.51,9.62
2025-08-20,2025-08,51255,Imperial Distribuidora S/A,Clinica,Interior Norte,Rogerio Antunes,Papel Toalha Interfolha 1000f - Pacote 100,Papel,VENDA,2,3.89,154.12,115.46,17.58,4.62,17.58,16.46
2025-08-21,2025-08,51257,Rio Claro Servicos S/A,Industria,Interior Norte,Rogerio Antunes,Embalagem Delivery 750ml - Fardo 6,Descartaveis,VENDA,1,3.3,35.0,31.85,5.01,1.05,5.01,-2.91
2025-08-22,2025-08,51264,Querencia Participacoes EIRELI,Mercado,Regiao Metropolitana,Tarcisio Bueno,saco lixo 100l - fardo 12,Descartaveis,VENDA,1,7.63,34.69,29.52,5.29,0.87,1.59,-0.99
2025-08-25,2025-08,51274,Jangada Empreendimentos ME,Condominio,Litoral,Rogerio Antunes,Saco Lixo 30L - Fardo 6,Descartaveis,VENDA,2,5.8,67.48,50.98,18.43,1.64,5.53,-3.57
2025-08-25,2025-08,51279,Serrano Servicos LTDA ME,Mercado,Interior Norte,Simone Klein,Papel Toalha Rolo 100f - Fardo 6,Papel,VENDA,3,1.55,293.69,194.94,38.76,9.33,11.62,50.66
2025-08-27,2025-08,51286,Serrano Servicos LTDA ME,Mercado,Interior Norte,Simone Klein,Sabao Liquido 5L - Fardo 12,Quimicos,DEVOLUCAO,-2,3.32,-30.5,-20.82,2.24,-1.07,2.24,-10.85
2025-08-28,2025-08,51294,Serrano Servicos LTDA ME,Mercado,Interior Norte,Simone Klein,Cera Liquida Incolor 5L - Fardo 6,Quimicos,VENDA,1,1.06,37.83,21.98,6.98,1.15,2.1,7.72
2025-08-29,2025-08,51298,Boreal Negocios ME,Padaria,Interior Norte,Rogerio Antunes,Embalagem Delivery 750ml - Pacote 100,Descartaveis,VENDA,50,20.27,498.0,549.5,53.92,14.94,53.92,-120.36
2025-08-29,2025-08,51303,Trevo Empreendimentos LTDA,Padaria,Interior Norte,Rogerio Antunes,Copo Descartavel 50ml - Pacote 100,Descartaveis,VENDA,1,0.45,30.48,24.0,4.75,0.81,1.42,0.92
2025-08-29,2025-08,51305,Boreal Negocios ME,Padaria,Interior Norte,Rogerio Antunes,Guardanapo 24x24 - Caixa 24,Papel,VENDA,3,0.87,213.7,137.91,34.05,5.7,10.22,36.04
2025-09-03,2025-09,51330,Querencia Participacoes EIRELI,Mercado,Regiao Metropolitana,Tarcisio Bueno,Saco Lixo 30L,Descartaveis,VENDA,10,6.4,215.87,175.5,41.82,5.22,12.55,-6.67
2025-09-03,2025-09,51332,BOREAL SERVICOS LTDA ME,Escola,Regiao Metropolitana,Tarcisio Bueno,Sabao Liquido 5L - Fardo 12,Quimicos,VENDA,2,2.05,38.96,20.82,11.51,0.87,3.45,5.76
2025-09-04,2025-09,51343,Pampa Alimentos ME,Padaria,Regiao Metropolitana,Rogerio Antunes,Copo Descartavel 200ml - Fardo 12,Descartaveis,VENDA,3,14.01,58.11,52.53,9.69,1.54,2.91,-5.65
2025-09-05,2025-09,51348,Imperial Servicos S/A,Clinica,Regiao Metropolitana,Rogerio Antunes,Copo Descartavel 50ml,Descartaveis,VENDA,5,10.33,196.72,162.75,44.1,4.98,13.23,-15.11
2025-09-08,2025-09,51358,Rio Claro Servicos S/A,Industria,Interior Norte,Rogerio Antunes,Alcool 70 1L - Caixa 24,Quimicos,VENDA,1,0.27,41.13,27.22,3.52,1.23,3.52,9.16
2025-09-09,2025-09,51362,Uniao Servicos S/A,Condominio,Litoral,Rogerio Antunes,Saco Lixo 60L - Fardo 6,Descartaveis,VENDA,2,3.74,24.8,16.78,9.22,0.55,2.76,-1.75
2025-09-10,2025-09,51372,Serrano Servicos LTDA ME,Mercado,Interior Norte,Simone Klein,Pano Multiuso - Fardo 6,Acessorios,VENDA,2,2.96,15.23,8.4,2.01,0.48,0.6,4.34
2025-09-11,2025-09,51374,Querencia Participacoes EIRELI,Mercado,Regiao Metropolitana,Tarcisio Bueno,PAPEL HIGIENICO ROLAO 300M,Papel,VENDA,5,7.76,102.5,62.7,31.65,2.25,9.5,5.9
2025-09-11,2025-09,51375,Imperial Servicos S/A,Clinica,Regiao Metropolitana,Rogerio Antunes,Alcool 70 1L - Caixa 24,Quimicos,VENDA,2,1.66,49.09,24.9,17.12,1.11,5.13,5.96
2025-09-12,2025-09,51379,Boreal Empreendimentos LTDA,Industria,Regiao Metropolitana,Tarcisio Bueno,Desinfetante Lavanda 5L - Pacote 100,Quimicos,VENDA,20,6.88,1057.0,749.2,42.67,29.6,42.67,235.53
2025-09-12,2025-09,51385,Bandeirante Comercio ME,Condominio,Litoral,Rogerio Antunes,Marmitex Aluminio 800ml - Caixa 24,Descartaveis,VENDA,2,9.65,27.65,20.96,8.76,0.65,2.63,-2.72
2025-09-15,2025-09,51389,Querencia Empreendimentos LTDA,Clinica,Interior Sul,Simone Klein,sabao liquido 5l - pacote 100,Quimicos,VENDA,1,3.92,40.15,22.9,9.73,1.17,2.92,6.35
2025-09-15,2025-09,51390,Luminar Participacoes LTDA,Condominio,Litoral,Simone Klein,luva plastica descartavel - pacote 100,Descartaveis,VENDA,1,6.44,23.97,19.46,4.68,0.72,1.4,-0.89
2025-09-16,2025-09,51396,Luminar Participacoes LTDA,Condominio,Litoral,Simone Klein,Papel Higienico Folha Dupla 30m,Papel,VENDA,3,5.81,76.78,54.21,8.37,2.48,2.51,11.72
2025-09-16,2025-09,51400,Querencia Participacoes EIRELI,Mercado,Regiao Metropolitana,Tarcisio Bueno,Copo Descartavel 200ml - Fardo 12,Descartaveis,VENDA,2,1.52,101.37,62.8,44.42,1.97,13.33,-7.82
2025-09-17,2025-09,51407,BOREAL SERVICOS LTDA ME,Escola,Regiao Metropolitana,Tarcisio Bueno,papel toalha rolo 100f - fardo 6,Papel,VENDA,2,7.1,79.5,61.62,9.53,2.23,9.53,6.12
2025-09-17,2025-09,51407,BOREAL SERVICOS LTDA ME,Escola,Regiao Metropolitana,Tarcisio Bueno,Papel Toalha Interfolha 1000f - Caixa 24,Papel,VENDA,2,5.83,130.92,100.1,15.69,3.67,15.69,11.46
2025-09-18,2025-09,51415,Serrano Servicos LTDA ME,Mercado,Interior Norte,Simone Klein,Bobina Papel Toalha 200m,Papel,VENDA,1,1.92,47.96,35.21,5.68,1.68,5.68,5.39
2025-09-18,2025-09,51415,Serrano Servicos LTDA ME,Mercado,Interior Norte,Simone Klein,Mop Umido,Acessorios,VENDA,10,0.45,406.8,241.1,48.17,14.24,48.17,103.29
2025-09-18,2025-09,51416,Serrano Servicos LTDA ME,Mercado,Interior Norte,Simone Klein,Papel Higienico Rolao 300m - Fardo 12,Papel,VENDA,5,2.39,454.45,311.7,45.57,14.79,13.67,82.39
2025-09-19,2025-09,51420,Querencia Participacoes EIRELI,Mercado,Regiao Metropolitana,Tarcisio Bueno,Copo Descartavel 50ml - Pacote 100,Descartaveis,VENDA,3,10.35,104.01,72.0,43.8,2.05,13.14,-13.84
2025-09-20,2025-09,51422,Rio Claro Servicos EIRELI,Mercado,Interior Norte,Tarcisio Bueno,Oculos Protecao - Caixa 24,EPI,VENDA,2,5.51,61.48,35.52,10.48,1.52,3.14,13.96
2025-09-24,2025-09,51431,Zenite Participacoes ME,Padaria,Interior Norte,Simone Klein,Luva Plastica Descartavel - Fardo 6,Descartaveis,VENDA,3,10.5,54.82,45.75,11.84,1.63,3.55,-4.4
2025-09-24,2025-09,51434,Jangada Empreendimentos ME,Condominio,Litoral,Rogerio Antunes,removedor 1l,Quimicos,VENDA,10,0.69,582.1,386.8,48.57,17.46,48.57,129.27
2025-09-25,2025-09,51441,XAVANTE EMPREENDIMENTOS LTDA ME,Mercado,Interior Norte,Simone Klein,PRATO DESCARTAVEL 15CM - PACOTE 100,Descartaveis,VENDA,2,0.08,75.04,66.08,4.91,2.63,4.91,1.42
2025-09-25,2025-09,51441,XAVANTE EMPREENDIMENTOS LTDA ME,Mercado,Interior Norte,Simone Klein,Rodo 40cm - Pacote 100,Acessorios,VENDA,3,2.39,61.86,37.38,4.05,2.17,4.05,18.26
2025-09-26,2025-09,51449,Pampa Alimentos ME,Padaria,Regiao Metropolitana,Rogerio Antunes,Alcool 70 1L - Caixa 24,Quimicos,VENDA,3,6.73,133.93,81.66,26.49,3.46,7.94,22.32
2025-09-29,2025-09,51454,Imperial Servicos S/A,Clinica,Regiao Metropolitana,Rogerio Antunes,Marmitex Aluminio 800ml - Caixa 24,Descartaveis,VENDA,10,12.5,373.22,343.5,45.31,10.25,13.59,-25.83
2025-09-29,2025-09,51461,Pampa Alimentos ME,Padaria,Regiao Metropolitana,Rogerio Antunes,Alvejante 5L - Fardo 6,Quimicos,VENDA,5,2.22,116.95,78.95,19.76,3.51,19.76,14.73
2025-09-30,2025-09,51464,Serrano Servicos LTDA ME,Mercado,Interior Norte,Simone Klein,Saco Lixo 60L - Fardo 6,Descartaveis,DEVOLUCAO,-3,0.45,-23.95,-25.17,6.45,-1.0,1.93,-4.23
2025-10-02,2025-10,51479,Horizonte Negocios LTDA ME,Mercado,Litoral,Simone Klein,Oculos Protecao - Caixa 24,EPI,VENDA,1,0.51,28.5,17.76,2.84,1.0,2.84,6.9
2025-10-07,2025-10,51503,Aurora Alimentos S/A,Escola,Litoral,Simone Klein,Borrifador 500ml - Fardo 12,Acessorios,VENDA,2,4.11,63.37,24.42,33.84,1.39,10.15,3.72
2025-10-08,2025-10,51514,Imperial Servicos S/A,Clinica,Regiao Metropolitana,Rogerio Antunes,BORRIFADOR 500ML - FARDO 12,Acessorios,VENDA,2,4.62,66.25,35.02,13.75,1.7,4.12,15.78
2025-10-09,2025-10,51515,BANDEIRANTE NEGOCIOS S/A,Condominio,Interior Sul,Simone Klein,Papel Higienico Folha Dupla 30m,Papel,VENDA,3,1.13,74.46,54.21,6.12,2.61,6.12,11.52
2025-10-10,2025-10,51523,Boreal Negocios ME,Padaria,Interior Norte,Rogerio Antunes,DESINFETANTE LAVANDA 5L - PACOTE 100,Quimicos,VENDA,3,2.49,204.91,123.27,32.55,5.46,9.77,43.63
2025-10-11,2025-10,51529,Vitoria Distribuidora LTDA ME,Hotel,Interior Sul,Tarcisio Bueno,Guardanapo 24x24,Papel,VENDA,5,3.67,293.45,219.35,30.36,8.22,30.36,35.52
2025-10-14,2025-10,51536,Querencia Participacoes EIRELI,Mercado,Regiao Metropolitana,Tarcisio Bueno,Papel Higienico Rolao 300m - Fardo 12,Papel,VENDA,2,5.51,177.24,124.68,19.45,4.58,5.83,28.53
2025-10-14,2025-10,51538,Luminar Participacoes LTDA,Condominio,Litoral,Simone Klein,Sabao Liquido 5L - Fardo 12,Quimicos,VENDA,3,5.58,51.9,31.23,10.33,1.56,3.1,8.78
2025-10-16,2025-10,51547,Zenite Participacoes ME,Padaria,Interior Norte,Simone Klein,sabao liquido 5l - pacote 100,Quimicos,VENDA,1,0.18,34.64,22.9,3.36,1.21,3.36,7.17
2025-10-16,2025-10,51550,Estrela Negocios S/A,Padaria,Litoral,Tarcisio Bueno,saco lixo 30l - fardo 6,Descartaveis,VENDA,2,8.9,26.74,25.84,2.09,0.75,2.09,-1.94
2025-10-16,2025-10,51551,Horizonte Distribuidora S/A,Condominio,Regiao Metropolitana,Rogerio Antunes,Vassoura Nylon - Caixa 24,Acessorios,VENDA,1,2.45,45.64,25.6,4.72,1.27,1.41,14.05
2025-10-16,2025-10,51554,Zenite Participacoes ME,Padaria,Interior Norte,Simone Klein,Desengordurante 5L - Pacote 100,Quimicos,VENDA,1,3.6,24.3,12.37,8.9,0.63,2.67,2.4
2025-10-17,2025-10,51559,Nortao Industria LTDA,Industria,Interior Sul,Rogerio Antunes,Guardanapo 24x24 - Caixa 24,Papel,VENDA,5,0.61,337.55,244.5,26.88,10.13,26.88,56.04
2025-10-17,2025-10,51559,Nortao Industria LTDA,Industria,Interior Sul,Rogerio Antunes,Alcool 70 1L - Caixa 24,Quimicos,VENDA,3,0.47,56.31,37.35,4.48,1.69,4.48,12.79
2025-10-17,2025-10,51560,Pampa Participacoes ME,Padaria,Interior Norte,Tarcisio Bueno,Desinfetante Lavanda 5L,Quimicos,VENDA,10,4.74,314.2,202.1,32.14,8.17,9.64,71.79
2025-10-20,2025-10,51567,Oriente Negocios LTDA ME,Industria,Litoral,Rogerio Antunes,Limpador Multiuso 5L - Fardo 6,Quimicos,VENDA,1,0.7,54.51,25.99,22.02,1.17,6.61,5.33
2025-10-23,2025-10,51588,Estrela Negocios EIRELI,Padaria,Interior Norte,Rogerio Antunes,Limpador Multiuso 5L,Quimicos,VENDA,3,1.13,131.82,87.99,8.45,3.95,8.45,31.43
2025-10-27,2025-10,51601,Querencia Alimentos LTDA,Mercado,Interior Norte,Simone Klein,Papel Higienico Folha Dupla 30m - Fardo 12,Papel,VENDA,50,10.44,3138.0,2523.0,54.14,109.83,54.14,451.03
2025-10-28,2025-10,51613,Serrano Servicos LTDA ME,Mercado,Interior Norte,Simone Klein,Bobina Papel Toalha 200m - Fardo 6,Papel,VENDA,1,2.83,40.95,20.26,19.45,0.96,5.84,0.28
2025-10-29,2025-10,51619,Querencia Participacoes EIRELI,Mercado,Regiao Metropolitana,Tarcisio Bueno,papel higienico rolao 300m - fardo 6,Papel,VENDA,20,12.01,1499.8,1227.2,39.41,41.99,39.41,191.2
2025-11-03,2025-11,51646,Horizonte Distribuidora S/A,Condominio,Regiao Metropolitana,Rogerio Antunes,Alcool 70 1L - Caixa 24,Quimicos,VENDA,3,0.84,170.82,113.7,15.76,5.12,15.76,36.24
2025-11-04,2025-11,51651,Pampa Alimentos ME,Padaria,Regiao Metropolitana,Rogerio Antunes,Cera Liquida Incolor 5L - Fardo 6,Quimicos,VENDA,3,5.3,94.62,65.94,2.25,2.84,2.25,23.59
2025-11-12,2025-11,51687,Trevo Alimentos EIRELI,Condominio,Interior Norte,Simone Klein,Copo Descartavel 50ml - Pacote 100,Descartaveis,VENDA,1,6.75,25.43,24.0,2.91,0.89,2.91,-2.37
2025-11-12,2025-11,51690,Imperial Distribuidora S/A,Clinica,Interior Norte,Rogerio Antunes,Oculos Protecao - Fardo 6,EPI,VENDA,2,1.65,70.32,39.9,10.02,1.9,3.0,18.5
2025-11-12,2025-11,51690,Imperial Distribuidora S/A,Clinica,Interior Norte,Rogerio Antunes,borrifador 500ml - fardo 6,Acessorios,VENDA,1,1.24,34.81,18.72,4.96,0.94,1.49,10.19
2025-11-12,2025-11,51693,Uniao Negocios LTDA,Hotel,Interior Norte,Rogerio Antunes,Desengordurante 5L,Quimicos,DEVOLUCAO,-2,2.0,-100.76,-67.86,1.99,-3.02,1.99,-31.87
2025-11-13,2025-11,51695,Rio Claro Servicos S/A,Industria,Interior Norte,Rogerio Antunes,Detergente Neutro 5L,Quimicos,VENDA,3,3.18,165.11,99.63,27.06,4.38,8.11,34.04
2025-11-13,2025-11,51698,TREVO ALIMENTOS S/A,Mercado,Interior Norte,Rogerio Antunes,Copo Descartavel 50ml - Pacote 100,Descartaveis,VENDA,1,0.39,17.09,12.87,3.61,0.44,1.08,0.17
2025-11-14,2025-11,51705,Guarani Servicos S/A,Restaurante,Regiao Metropolitana,Simone Klein,Embalagem Delivery 750ml,Descartaveis,VENDA,1,12.27,27.08,24.02,4.47,0.84,1.34,-2.25
2025-11-20,2025-11,51726,Horizonte Industria S/A,Escola,Interior Norte,Rogerio Antunes,Papel Toalha Interfolha 1000f,Papel,VENDA,5,5.29,137.6,104.6,13.15,4.13,13.15,15.72
2025-11-21,2025-11,51737,TREVO ALIMENTOS S/A,Mercado,Interior Norte,Rogerio Antunes,Bobina Papel Toalha 200m - Fardo 6,Papel,VENDA,1,2.23,40.02,20.26,17.87,0.83,5.36,1.06
2025-11-21,2025-11,51738,Nortao Alimentos S/A,Escola,Interior Norte,Simone Klein,sabao liquido 5l - pacote 100,Quimicos,VENDA,10,2.39,338.7,229.0,20.03,11.85,20.03,77.82
2025-11-21,2025-11,51738,Nortao Alimentos S/A,Escola,Interior Norte,Simone Klein,Copo Descartavel 50ml,Descartaveis,DEVOLUCAO,-1,6.93,-34.43,-32.55,2.04,-1.21,2.04,-2.71
2025-11-24,2025-11,51745,Oriente Participacoes LTDA,Clinica,Regiao Metropolitana,Simone Klein,MASCARA DESCARTAVEL - CAIXA 24,EPI,VENDA,2,2.1,54.15,26.44,17.72,1.46,5.31,8.53
2025-11-24,2025-11,51752,Serrano Servicos LTDA ME,Mercado,Interior Norte,Simone Klein,Saco Lixo 60L - Fardo 6,Descartaveis,VENDA,2,7.71,27.22,16.78,13.75,0.62,4.13,-3.93
2025-11-25,2025-11,51756,Alvorada Servicos LTDA,Hotel,Interior Norte,Rogerio Antunes,DESINFETANTE LAVANDA 5L - FARDO 6,Quimicos,VENDA,2,3.83,95.26,55.26,21.06,2.42,6.32,16.52
2025-11-25,2025-11,51760,Querencia Negocios LTDA,Industria,Interior Norte,Simone Klein,Desengordurante 5L - Pacote 100,Quimicos,VENDA,1,1.52,22.93,12.37,6.38,0.65,1.91,3.53
2025-11-27,2025-11,51768,Horizonte Distribuidora S/A,Condominio,Regiao Metropolitana,Rogerio Antunes,Copo Descartavel 50ml - Pacote 100,Descartaveis,VENDA,5,0.22,153.32,120.0,24.67,4.08,7.4,4.57
2025-11-27,2025-11,51768,Horizonte Distribuidora S/A,Condominio,Regiao Metropolitana,Rogerio Antunes,Mascara Descartavel - Fardo 12,EPI,VENDA,2,1.57,41.85,23.4,6.73,1.11,2.02,10.61
2025-11-27,2025-11,51769,Imperial Empreendimentos EIRELI,Padaria,Litoral,Rogerio Antunes,Papel Higienico Folha Dupla 30m,Papel,VENDA,2,1.52,49.44,36.14,6.88,1.48,6.88,4.94
2025-11-27,2025-11,51769,Imperial Empreendimentos EIRELI,Padaria,Litoral,Rogerio Antunes,Cera Liquida Incolor 5L - Fardo 6,Quimicos,VENDA,10,1.75,524.3,352.2,72.97,15.73,72.97,83.4
2025-11-28,2025-11,51771,Uniao Negocios LTDA,Hotel,Interior Norte,Rogerio Antunes,Alvejante 5L - Fardo 12,Quimicos,VENDA,2,1.97,85.71,43.16,30.85,1.92,9.26,9.78
2025-11-28,2025-11,51772,Vitoria Distribuidora LTDA ME,Hotel,Interior Sul,Tarcisio Bueno,ALCOOL 70 1L - FARDO 6,Quimicos,VENDA,3,3.73,206.67,125.85,33.0,5.14,9.9,42.68
2025-11-28,2025-11,51775,Estrela Negocios S/A,Padaria,Litoral,Tarcisio Bueno,Embalagem Delivery 750ml,Descartaveis,VENDA,3,10.24,73.5,72.06,5.5,2.06,5.5,-6.12
2025-11-29,2025-11,51781,Querencia Participacoes EIRELI,Mercado,Regiao Metropolitana,Tarcisio Bueno,Embalagem Delivery 750ml - Fardo 6,Descartaveis,VENDA,2,8.5,44.44,31.18,17.18,0.91,5.16,-4.83
2025-12-02,2025-12,51788,Pampa Alimentos ME,Padaria,Regiao Metropolitana,Rogerio Antunes,papel higienico rolao 300m - fardo 6,Papel,VENDA,2,1.3,200.56,122.72,46.2,5.05,13.86,26.59
2025-12-02,2025-12,51791,Boreal Comercio EIRELI,Mercado,Interior Sul,Simone Klein,Removedor 1L - Fardo 6,Quimicos,VENDA,1,2.29,14.71,9.93,1.17,0.51,1.17,3.1
2025-12-02,2025-12,51793,BOREAL SERVICOS LTDA ME,Escola,Regiao Metropolitana,Tarcisio Bueno,Marmitex Aluminio 800ml - Caixa 24,Descartaveis,VENDA,3,16.88,105.47,103.05,11.64,2.72,3.49,-11.94
2025-12-03,2025-12,51802,Pampa Alimentos ME,Padaria,Regiao Metropolitana,Rogerio Antunes,DETERGENTE NEUTRO 5L - PACOTE 100,Quimicos,VENDA,3,2.15,48.75,32.88,1.47,1.46,1.47,12.94
2025-12-03,2025-12,51806,Estrela Servicos ME,Hotel,Interior Sul,Tarcisio Bueno,Copo Descartavel 50ml - Fardo 6,Descartaveis,VENDA,3,2.3,98.49,79.35,14.82,2.47,4.44,1.85
2025-12-03,2025-12,51806,Estrela Servicos ME,Hotel,Interior Sul,Tarcisio Bueno,papel toalha rolo 100f,Papel,VENDA,5,6.36,268.71,184.85,40.44,6.73,12.13,36.69
2025-12-05,2025-12,51816,BOREAL SERVICOS LTDA ME,Escola,Regiao Metropolitana,Tarcisio Bueno,BORRIFADOR 500ML - FARDO 12,Acessorios,VENDA,1,5.47,50.05,28.72,5.76,1.29,1.73,14.28
2025-12-05,2025-12,51817,Vitoria Comercio LTDA,Industria,Interior Sul,Simone Klein,sabao liquido 5l - pacote 100,Quimicos,VENDA,3,0.17,129.62,68.7,36.71,3.64,11.01,20.57
2025-12-05,2025-12,51822,Estrela Negocios EIRELI,Padaria,Interior Norte,Rogerio Antunes,Copo Descartavel 50ml - Pacote 100,Descartaveis,VENDA,2,7.18,27.14,25.74,2.59,0.81,2.59,-2.0
2025-12-08,2025-12,51833,Querencia Participacoes EIRELI,Mercado,Regiao Metropolitana,Tarcisio Bueno,Copo Descartavel 50ml - Pacote 100,Descartaveis,VENDA,2,15.94,26.77,25.74,3.13,0.69,0.94,-2.79
2025-12-08,2025-12,51833,Querencia Participacoes EIRELI,Mercado,Regiao Metropolitana,Tarcisio Bueno,Desengordurante 5L,Quimicos,VENDA,1,3.6,53.98,33.93,6.31,1.39,1.89,12.35
2025-12-08,2025-12,51834,Serrano Servicos LTDA ME,Mercado,Interior Norte,Simone Klein,Luva Plastica Descartavel - Fardo 12,Descartaveis,VENDA,1,10.28,42.55,36.25,7.98,1.29,2.39,-2.97
2025-12-08,2025-12,51836,Serrano Servicos LTDA ME,Mercado,Interior Norte,Simone Klein,SABAO LIQUIDO 5L - FARDO 6,Quimicos,VENDA,3,1.08,149.47,84.03,33.62,4.41,10.09,27.41
2025-12-08,2025-12,51837,Serrano Servicos LTDA ME,Mercado,Interior Norte,Simone Klein,LUVA PLASTICA DESCARTAVEL,Descartaveis,VENDA,3,0.94,122.5,96.66,19.56,3.81,5.87,2.47
2025-12-08,2025-12,51840,Querencia Negocios LTDA,Industria,Interior Norte,Simone Klein,Saco Lixo 100L - Pacote 100,Descartaveis,VENDA,2,0.74,42.06,31.84,8.77,1.26,2.63,0.19
2025-12-09,2025-12,51841,Missoes Participacoes LTDA ME,Restaurante,Litoral,Tarcisio Bueno,Guardanapo 24x24 - Caixa 24,Papel,VENDA,3,3.19,217.55,137.91,45.89,5.19,13.77,28.56
2025-12-09,2025-12,51849,Serrano Servicos LTDA ME,Mercado,Interior Norte,Simone Klein,SACO LIXO 60L - CAIXA 24,Descartaveis,VENDA,1,5.03,13.46,10.01,3.79,0.38,1.14,-0.72
2025-12-10,2025-12,51850,Trevo Empreendimentos LTDA,Padaria,Interior Norte,Rogerio Antunes,LUVA PLASTICA DESCARTAVEL,Descartaveis,VENDA,2,12.17,64.3,64.44,10.75,1.93,10.75,-12.82
2025-12-10,2025-12,51851,Central Alimentos LTDA ME,Clinica,Litoral,Tarcisio Bueno,Papel Higienico Rolao 300m - Fardo 12,Papel,VENDA,3,3.53,250.56,187.02,11.9,7.02,11.9,44.62
2025-12-10,2025-12,51856,Estrela Industria EIRELI,Clinica,Interior Norte,Rogerio Antunes,Copo Descartavel 200ml - Fardo 12,Descartaveis,VENDA,1,3.53,21.45,17.51,3.21,0.58,0.96,0.15
2025-12-11,2025-12,51858,BOREAL SERVICOS LTDA ME,Escola,Regiao Metropolitana,Tarcisio Bueno,Papel Higienico Folha Dupla 30m - Fardo 12,Papel,VENDA,2,2.59,55.8,36.96,8.25,1.4,2.47,9.19
2025-12-12,2025-12,51870,Oriente Negocios LTDA ME,Industria,Litoral,Rogerio Antunes,Copo Descartavel 50ml - Fardo 6,Descartaveis,VENDA,3,4.86,124.44,79.35,55.21,2.57,16.57,-12.69
2025-12-16,2025-12,51888,Querencia Negocios LTDA,Industria,Interior Norte,Simone Klein,Marmitex Aluminio 800ml,Descartaveis,VENDA,2,1.03,19.78,17.58,0.8,0.69,0.8,0.71
2025-12-18,2025-12,51906,Serrano Alimentos EIRELI,Padaria,Regiao Metropolitana,Simone Klein,Desinfetante Lavanda 5L - Pacote 100,Quimicos,VENDA,50,9.04,2581.5,1873.0,78.95,90.35,78.95,539.2
2025-12-18,2025-12,51907,Pampa Alimentos ME,Padaria,Regiao Metropolitana,Rogerio Antunes,Desinfetante Lavanda 5L - Fardo 6,Quimicos,VENDA,10,0.88,462.4,307.9,54.55,13.87,54.55,86.08
2025-12-19,2025-12,51913,Trevo Alimentos EIRELI,Condominio,Interior Norte,Simone Klein,saco lixo 100l - fardo 12,Descartaveis,VENDA,3,5.0,117.42,88.56,31.15,3.35,9.34,-5.64
2025-12-19,2025-12,51916,Aurora Industria LTDA ME,Clinica,Interior Sul,Tarcisio Bueno,sabao liquido 5l - pacote 100,Quimicos,VENDA,3,1.56,113.14,68.7,15.23,2.87,4.57,26.34
2025-12-23,2025-12,51934,Aurora Industria LTDA ME,Clinica,Interior Sul,Tarcisio Bueno,Alcool 70 1L,Quimicos,VENDA,1,3.73,64.08,40.01,8.17,1.63,2.45,14.27
2025-12-23,2025-12,51941,Xavante Negocios ME,Hotel,Regiao Metropolitana,Simone Klein,Luva Plastica Descartavel - Fardo 12,Descartaveis,VENDA,1,7.69,38.02,36.25,2.05,1.33,2.05,-1.61
2025-12-24,2025-12,51946,Querencia Participacoes EIRELI,Mercado,Regiao Metropolitana,Tarcisio Bueno,Rodo 40cm,Acessorios,VENDA,3,3.7,85.73,40.95,26.99,1.87,8.1,15.92
2025-12-25,2025-12,51956,Nortao Alimentos S/A,Escola,Interior Norte,Simone Klein,Alcool 70 1L,Quimicos,VENDA,1,3.77,81.22,40.01,32.7,2.04,9.81,6.47
2025-12-26,2025-12,51968,BOREAL SERVICOS LTDA ME,Escola,Regiao Metropolitana,Tarcisio Bueno,DETERGENTE NEUTRO 5L - PACOTE 100,Quimicos,VENDA,2,5.63,51.26,21.92,28.47,0.88,8.55,-0.01
2025-12-27,2025-12,51980,Horizonte Distribuidora S/A,Condominio,Regiao Metropolitana,Rogerio Antunes,Marmitex Aluminio 800ml - Pacote 100,Descartaveis,VENDA,2,7.68,81.52,55.46,33.35,1.75,10.01,-9.04
2025-12-27,2025-12,51982,Nortao Empreendimentos LTDA ME,Padaria,Interior Sul,Tarcisio Bueno,DESINFETANTE LAVANDA 5L - FARDO 6,Quimicos,VENDA,5,2.52,232.14,138.15,40.12,5.71,12.03,48.16
2025-12-27,2025-12,51983,Horizonte Negocios LTDA ME,Mercado,Litoral,Simone Klein,DESINFETANTE LAVANDA 5L - FARDO 6,Quimicos,VENDA,3,2.27,148.05,82.89,36.17,4.3,10.85,24.69
2025-12-30,2025-12,51993,Nortao Industria ME,Padaria,Interior Norte,Simone Klein,Papel Toalha Interfolha 1000f - Caixa 24,Papel,VENDA,2,7.61,128.44,100.1,23.75,4.5,23.75,0.09
2025-12-31,2025-12,51998,Uniao Servicos S/A,Condominio,Litoral,Rogerio Antunes,Luva Plastica Descartavel - Pacote 100,Descartaveis,VENDA,5,2.46,111.72,84.7,25.46,2.82,7.64,-1.26
2025-12-31,2025-12,52007,Aurora Negocios EIRELI,Hotel,Regiao Metropolitana,Rogerio Antunes,Alvejante 5L - Fardo 6,Quimicos,VENDA,1,1.66,29.43,15.79,8.44,0.71,2.53,4.49
2025-01-01,2025-01,50001,BOREAL SERVICOS LTDA ME,Escola,Regiao Metropolitana,Tarcisio Bueno,Rodo 40cm - Caixa 24,Acessorios,VENDA,1,2.92,11.79,7.16,0.7,0.33,0.7,3.6
2025-01-01,2025-01,50002,Luminar Alimentos S/A,Restaurante,Interior Sul,Rogerio Antunes,removedor 1l - pacote 100,Quimicos,VENDA,3,1.47,93.12,53.1,19.76,2.38,5.93,17.88
2025-01-03,2025-01,50019,Uniao Negocios LTDA,Hotel,Interior Norte,Rogerio Antunes,papel higienico rolao 300m - fardo 6,Papel,DEVOLUCAO,-10,4.35,-815.1,-613.6,51.8,-24.45,51.8,-228.85
2025-01-03,2025-01,50019,Uniao Negocios LTDA,Hotel,Interior Norte,Rogerio Antunes,PAPEL HIGIENICO ROLAO 300M,Papel,VENDA,20,3.7,335.6,250.8,21.33,10.07,21.33,53.4
2025-01-06,2025-01,50024,Aurora Distribuidora LTDA ME,Clinica,Litoral,Simone Klein,Copo Descartavel 200ml - Pacote 100,Descartaveis,VENDA,2,3.05,75.49,57.8,16.87,2.23,5.06,-1.41
2025-01-06,2025-01,50027,Estrela Industria EIRELI,Clinica,Interior Norte,Rogerio Antunes,Marmitex Aluminio 800ml,Descartaveis,VENDA,5,8.29,45.8,43.95,2.58,1.37,2.58,-2.1
2025-01-06,2025-01,50028,Zenite Participacoes ME,Padaria,Interior Norte,Simone Klein,PRATO DESCARTAVEL 15CM - PACOTE 100,Descartaveis,VENDA,20,11.97,661.2,660.8,54.39,23.14,54.39,-77.13
2025-01-07,2025-01,50037,Horizonte Distribuidora S/A,Condominio,Regiao Metropolitana,Rogerio Antunes,Prato Descartavel 15cm - Caixa 24,Descartaveis,VENDA,1,8.5,36.85,30.83,6.86,0.96,2.06,-1.8
2025-01-08,2025-01,50039,Estrela Industria EIRELI,Clinica,Interior Norte,Rogerio Antunes,Mascara Descartavel,EPI,VENDA,3,2.59,72.68,28.62,39.58,1.35,11.87,3.13
2025-01-08,2025-01,50040,Xavante Servicos EIRELI,Padaria,Litoral,Rogerio Antunes,sabao liquido 5l - pacote 100,Quimicos,VENDA,5,0.92,191.67,114.5,28.24,5.16,8.47,43.77
2025-01-09,2025-01,50043,Serrano Servicos LTDA ME,Mercado,Interior Norte,Simone Klein,Saco Lixo 100L - Fardo 6,Descartaveis,VENDA,2,9.03,59.15,49.38,11.56,1.79,3.47,-3.58
2025-01-09,2025-01,50045,Guarani Servicos LTDA ME,Escola,Litoral,Tarcisio Bueno,Marmitex Aluminio 800ml - Caixa 24,Descartaveis,VENDA,5,2.27,69.34,52.4,15.91,1.63,4.77,-0.6
2025-01-14,2025-01,50069,Querencia Empreendimentos LTDA,Clinica,Interior Sul,Simone Klein,Marmitex Aluminio 800ml,Descartaveis,VENDA,5,4.29,47.8,43.95,3.34,1.67,3.34,-1.16
2025-01-18,2025-01,50089,Boreal Negocios ME,Padaria,Interior Norte,Rogerio Antunes,DESINFETANTE LAVANDA 5L - PACOTE 100,Quimicos,VENDA,1,0.54,61.92,41.09,4.32,1.86,4.32,14.65
2025-01-18,2025-01,50090,Zenite Servicos EIRELI,Industria,Interior Sul,Tarcisio Bueno,PAPEL HIGIENICO ROLAO 300M,Papel,VENDA,20,1.39,343.6,250.8,42.62,9.62,42.62,40.56
2025-01-18,2025-01,50090,Zenite Servicos EIRELI,Industria,Interior Sul,Tarcisio Bueno,Bobina Papel Toalha 200m - Fardo 6,Papel,VENDA,2,1.09,55.66,40.52,6.9,1.56,6.9,6.68
2025-01-21,2025-01,50107,UNIAO ALIMENTOS EIRELI,Industria,Litoral,Simone Klein,Talher Descartavel Misto - Fardo 6,Descartaveis,VENDA,2,6.26,77.32,72.58,1.94,2.71,1.94,0.09
2025-01-22,2025-01,50113,Horizonte Industria S/A,Escola,Interior Norte,Rogerio Antunes,limpador multiuso 5l - pacote 100,Quimicos,VENDA,3,2.82,52.08,35.37,5.85,1.56,5.85,9.3
2025-01-23,2025-01,50121,Imperial Servicos S/A,Clinica,Regiao Metropolitana,Rogerio Antunes,limpador multiuso 5l - pacote 100,Quimicos,VENDA,3,3.48,51.72,35.37,2.96,1.55,2.96,11.84
2025-01-23,2025-01,50121,Imperial Servicos S/A,Clinica,Regiao Metropolitana,Rogerio Antunes,Papel Toalha Interfolha 1000f,Papel,VENDA,1,1.47,28.63,20.92,1.64,0.86,1.64,5.21
2025-01-24,2025-01,50132,Oriente Alimentos ME,Padaria,Interior Norte,Tarcisio Bueno,Bobina Papel Toalha 200m,Papel,VENDA,5,8.78,246.56,176.05,33.58,6.25,10.07,30.68
2025-01-25,2025-01,50135,Trevo Comercio ME,Clinica,Regiao Metropolitana,Tarcisio Bueno,Escova Sanitaria - Caixa 24,Acessorios,VENDA,1,1.68,12.59,4.82,6.52,0.22,1.96,1.03
2025-01-27,2025-01,50139,Imperial Empreendimentos EIRELI,Padaria,Litoral,Rogerio Antunes,Copo Descartavel 50ml - Pacote 100,Descartaveis,VENDA,3,5.55,60.27,38.61,26.92,1.24,8.08,-6.5
2025-01-29,2025-01,50148,Imperial Servicos EIRELI,Condominio,Interior Norte,Rogerio Antunes,Marmitex Aluminio 800ml - Pacote 100,Descartaveis,VENDA,1,0.22,41.22,27.73,13.97,0.94,4.19,-1.42
2025-01-30,2025-01,50155,BOREAL SERVICOS LTDA ME,Escola,Regiao Metropolitana,Tarcisio Bueno,Luva Latex - Caixa 24,EPI,VENDA,20,5.62,134.53,78.2,21.89,3.34,6.56,31.1
2025-01-30,2025-01,50160,Boreal Comercio EIRELI,Mercado,Interior Sul,Simone Klein,SACO LIXO 60L - CAIXA 24,Descartaveis,VENDA,3,7.39,66.87,30.03,50.36,1.11,15.11,-14.63
2025-01-31,2025-01,50163,Luminar Participacoes LTDA,Condominio,Litoral,Simone Klein,Limpa Vidros 500ml - Fardo 12,Quimicos,VENDA,1,1.2,54.77,33.24,7.16,1.74,2.15,12.63
2025-01-31,2025-01,50163,Luminar Participacoes LTDA,Condominio,Litoral,Simone Klein,luva plastica descartavel - pacote 100,Descartaveis,VENDA,10,0.73,241.62,194.6,31.6,7.68,9.48,7.74
2025-02-06,2025-02,50197,Imperial Empreendimentos EIRELI,Padaria,Litoral,Rogerio Antunes,Bota PVC - Fardo 12,EPI,VENDA,5,1.4,144.25,90.7,6.55,4.33,6.55,42.67
2025-02-06,2025-02,50199,Guarani Servicos S/A,Restaurante,Regiao Metropolitana,Simone Klein,Saco Lixo 100L - Fardo 6,Descartaveis,VENDA,50,25.38,1047.0,1234.5,47.72,36.65,47.72,-271.87
2025-02-06,2025-02,50201,Xavante Servicos EIRELI,Padaria,Litoral,Rogerio Antunes,Talher Descartavel Misto - Caixa 24,Descartaveis,VENDA,1,4.51,41.95,31.33,11.38,1.02,3.42,-1.78
2025-02-06,2025-02,50201,Xavante Servicos EIRELI,Padaria,Litoral,Rogerio Antunes,Desinfetante Lavanda 5L - Fardo 6,Quimicos,VENDA,1,5.25,54.56,30.79,14.8,1.33,4.44,7.64
2025-02-06,2025-02,50204,Vitoria Distribuidora LTDA ME,Hotel,Interior Sul,Tarcisio Bueno,Sabao Liquido 5L,Quimicos,VENDA,3,3.12,165.76,101.04,24.91,4.15,7.47,35.66
2025-02-07,2025-02,50206,Imperial Servicos EIRELI,Condominio,Interior Norte,Rogerio Antunes,escova sanitaria,Acessorios,VENDA,1,3.27,42.92,26.18,4.65,1.29,4.65,10.8
2025-02-11,2025-02,50222,Zenite Participacoes ME,Padaria,Interior Norte,Simone Klein,Rodo 40cm,Acessorios,VENDA,2,0.47,51.5,27.3,7.77,1.61,2.33,14.82
2025-02-12,2025-02,50228,UNIAO ALIMENTOS LTDA ME,Restaurante,Litoral,Simone Klein,papel higienico rolao 300m - fardo 6,Papel,VENDA,5,5.13,404.25,306.8,59.63,14.15,59.63,23.67
2025-02-14,2025-02,50232,Boreal Participacoes EIRELI,Clinica,Litoral,Rogerio Antunes,Avental PVC,EPI,VENDA,2,1.18,71.42,38.22,15.0,1.83,4.5,16.37
2025-02-14,2025-02,50232,Boreal Participacoes EIRELI,Clinica,Litoral,Rogerio Antunes,luva plastica descartavel - pacote 100,Descartaveis,VENDA,1,8.16,23.81,19.46,5.0,0.61,1.5,-1.26
2025-02-17,2025-02,50247,BOREAL SERVICOS LTDA ME,Escola,Regiao Metropolitana,Tarcisio Bueno,Papel Toalha Rolo 100f - Fardo 6,Papel,VENDA,10,9.65,815.4,649.8,51.41,22.83,51.41,91.36
2025-02-17,2025-02,50247,BOREAL SERVICOS LTDA ME,Escola,Regiao Metropolitana,Tarcisio Bueno,SACO LIXO 60L - CAIXA 24,Descartaveis,VENDA,2,12.61,19.88,20.02,1.25,0.56,1.25,-1.95
2025-02-18,2025-02,50254,TREVO ALIMENTOS S/A,Mercado,Interior Norte,Rogerio Antunes,Bobina Papel Toalha 200m,Papel,VENDA,10,1.98,479.3,352.1,29.34,14.38,29.34,83.48
2025-02-18,2025-02,50257,BOREAL SERVICOS LTDA ME,Escola,Regiao Metropolitana,Tarcisio Bueno,Guardanapo 24x24 - Caixa 24,Papel,VENDA,3,7.93,215.56,146.7,39.96,5.25,11.99,23.65
2025-02-20,2025-02,50269,Zenite Empreendimentos ME,Hotel,Litoral,Tarcisio Bueno,MASCARA DESCARTAVEL - CAIXA 24,EPI,VENDA,1,0.98,21.11,13.22,2.93,0.59,2.93,4.37
2025-02-20,2025-02,50274,Oriente Negocios ME,Restaurante,Interior Sul,Rogerio Antunes,Saco Lixo 100L,Descartaveis,VENDA,10,20.23,243.9,269.1,25.57,7.32,25.57,-58.09
2025-02-21,2025-02,50280,Guarani Servicos LTDA ME,Escola,Litoral,Tarcisio Bueno,Papel Toalha Interfolha 1000f - Caixa 24,Papel,VENDA,20,4.89,1322.2,1001.0,51.88,37.02,51.88,232.3
2025-02-24,2025-02,50294,Pampa Participacoes ME,Padaria,Interior Norte,Tarcisio Bueno,Balde 20L,Acessorios,VENDA,2,1.76,89.55,45.34,20.1,2.11,6.03,22.0
2025-02-24,2025-02,50297,BOREAL SERVICOS LTDA ME,Escola,Regiao Metropolitana,Tarcisio Bueno,Saco Lixo 100L - Pacote 100,Descartaveis,VENDA,20,8.26,332.0,318.4,37.01,9.3,37.01,-32.71
2025-02-25,2025-02,50298,Querencia Distribuidora LTDA ME,Padaria,Interior Norte,Rogerio Antunes,Desengordurante 5L - Pacote 100,Quimicos,VENDA,5,1.01,118.22,61.85,36.38,2.78,10.91,17.21
2025-02-25,2025-02,50299,Nortao Industria ME,Padaria,Interior Norte,Simone Klein,Talher Descartavel Misto - Caixa 24,Descartaveis,VENDA,3,17.41,106.64,93.99,26.34,3.09,7.9,-16.78
2025-02-25,2025-02,50303,Luminar Distribuidora EIRELI,Clinica,Litoral,Rogerio Antunes,Bobina Papel Toalha 200m - Caixa 24,Papel,VENDA,5,3.14,374.68,246.9,60.75,9.96,18.22,57.07
2025-02-25,2025-02,50304,Pampa Participacoes ME,Padaria,Interior Norte,Tarcisio Bueno,Escova Sanitaria - Fardo 12,Acessorios,VENDA,5,0.44,122.15,72.4,14.92,3.42,14.92,31.41
2025-02-26,2025-02,50310,XAVANTE EMPREENDIMENTOS LTDA ME,Mercado,Interior Norte,Simone Klein,Saco Lixo 100L - Fardo 6,Descartaveis,VENDA,2,1.51,84.41,49.38,41.62,1.93,12.49,-8.52
2025-02-27,2025-02,50315,Boreal Negocios ME,Padaria,Interior Norte,Rogerio Antunes,Cera Liquida Incolor 5L - Fardo 6,Quimicos,VENDA,1,0.8,58.69,35.22,8.23,1.59,2.47,13.65
2025-02-28,2025-02,50320,Boreal Industria LTDA,Hotel,Litoral,Tarcisio Bueno,Cera Liquida Incolor 5L,Quimicos,VENDA,50,6.57,2455.0,1734.0,33.38,68.74,33.38,618.88
2025-03-03,2025-03,50327,BANDEIRANTE NEGOCIOS S/A,Condominio,Interior Sul,Simone Klein,AVENTAL PVC - CAIXA 24,EPI,VENDA,5,1.68,112.77,63.3,17.68,3.51,5.31,28.28
2025-03-03,2025-03,50328,BANDEIRANTE NEGOCIOS S/A,Condominio,Interior Sul,Simone Klein,Embalagem Delivery 750ml - Pacote 100,Descartaveis,VENDA,10,6.19,117.2,109.9,15.79,4.1,15.79,-12.59
2025-03-03,2025-03,50333,Trevo Empreendimentos LTDA,Padaria,Interior Norte,Rogerio Antunes,Saco Lixo 100L,Descartaveis,VENDA,5,4.72,145.7,134.55,13.02,4.37,13.02,-6.24
2025-03-05,2025-03,50343,Trevo Alimentos EIRELI,Condominio,Interior Norte,Simone Klein,Luva Plastica Descartavel - Fardo 12,Descartaveis,VENDA,10,1.48,405.8,362.5,35.58,14.2,35.58,-6.48
2025-03-05,2025-03,50353,Serrano Servicos LTDA ME,Mercado,Interior Norte,Simone Klein,Marmitex Aluminio 800ml - Caixa 24,Descartaveis,VENDA,5,1.61,58.6,52.4,7.65,2.05,7.65,-3.5
2025-03-05,2025-03,50353,Serrano Servicos LTDA ME,Mercado,Interior Norte,Simone Klein,Esponja Dupla Face - Fardo 6,Acessorios,VENDA,10,1.05,330.6,197.1,43.14,11.57,43.14,78.79
2025-03-06,2025-03,50360,Pampa Alimentos ME,Padaria,Regiao Metropolitana,Rogerio Antunes,Papel Higienico Rolao 300m - Fardo 12,Papel,VENDA,10,7.51,800.8,623.4,63.47,24.02,63.47,89.91
2025-03-06,2025-03,50365,Guarani Servicos S/A,Restaurante,Regiao Metropolitana,Simone Klein,Copo Descartavel 200ml - Fardo 12,Descartaveis,VENDA,2,9.94,69.91,62.8,8.07,2.25,2.42,-3.21
2025-03-07,2025-03,50369,Horizonte Distribuidora S/A,Condominio,Regiao Metropolitana,Rogerio Antunes,removedor 1l - pacote 100,Quimicos,VENDA,5,3.61,146.42,88.5,24.53,3.88,7.36,29.51
2025-03-07,2025-03,50371,Serrano Alimentos EIRELI,Padaria,Regiao Metropolitana,Simone Klein,Avental PVC,EPI,VENDA,20,3.29,596.2,382.2,20.79,20.87,20.79,172.34
2025-03-07,2025-03,50373,Serrano Servicos LTDA ME,Mercado,Interior Norte,Simone Klein,BORRIFADOR 500ML - FARDO 12,Acessorios,VENDA,2,3.36,57.36,35.02,3.12,2.01,3.12,17.21
2025-03-08,2025-03,50378,Vitoria Comercio LTDA,Industria,Interior Sul,Simone Klein,BORRIFADOR 500ML - FARDO 12,Acessorios,VENDA,5,0.31,260.53,143.6,25.54,8.49,7.66,82.9
2025-03-11,2025-03,50398,Oriente Negocios LTDA ME,Industria,Litoral,Rogerio Antunes,Detergente Neutro 5L - Pacote 100,Quimicos,VENDA,10,3.32,216.2,147.6,7.82,6.49,7.82,54.29
2025-03-12,2025-03,50403,Pampa Alimentos ME,Padaria,Regiao Metropolitana,Rogerio Antunes,Guardanapo 24x24 - Caixa 24,Papel,VENDA,1,5.56,69.67,48.9,7.9,1.92,2.37,10.95
2025-03-12,2025-03,50408,Vitoria Comercio LTDA,Industria,Interior Sul,Simone Klein,Alvejante 5L - Fardo 12,Quimicos,VENDA,3,3.2,74.85,51.03,2.03,2.62,2.03,19.17
2025-03-13,2025-03,50413,Estrela Servicos ME,Hotel,Interior Sul,Tarcisio Bueno,limpador multiuso 5l - pacote 100,Quimicos,VENDA,5,6.77,83.25,58.95,6.27,2.33,6.27,15.7
2025-03-13,2025-03,50416,Serrano Servicos LTDA ME,Mercado,Interior Norte,Simone Klein,Limpa Vidros 500ml,Quimicos,VENDA,10,3.88,288.46,181.8,33.81,9.27,10.15,63.58
2025-03-13,2025-03,50417,Horizonte Distribuidora S/A,Condominio,Regiao Metropolitana,Rogerio Antunes,Rodo 40cm - Pacote 100,Acessorios,VENDA,50,2.8,2294.0,1392.5,35.9,68.82,35.9,796.78
2025-03-13,2025-03,50420,Trevo Empreendimentos LTDA,Padaria,Interior Norte,Rogerio Antunes,Papel Higienico Rolao 300m - Fardo 12,Papel,VENDA,3,10.59,166.23,133.86,15.84,4.99,15.84,11.54
2025-03-13,2025-03,50420,Trevo Empreendimentos LTDA,Padaria,Interior Norte,Rogerio Antunes,Papel Toalha Interfolha 1000f - Caixa 24,Papel,VENDA,2,11.16,123.5,100.1,11.77,3.71,11.77,7.93
2025-03-13,2025-03,50423,Serrano Servicos LTDA ME,Mercado,Interior Norte,Simone Klein,Papel Toalha Rolo 100f - Pacote 100,Papel,VENDA,1,1.26,87.48,54.89,17.43,2.63,5.23,12.53
2025-03-13,2025-03,50423,Serrano Servicos LTDA ME,Mercado,Interior Norte,Simone Klein,Embalagem Delivery 750ml - Fardo 6,Descartaveis,VENDA,1,6.07,39.5,31.85,7.87,1.19,2.36,-1.41
2025-03-14,2025-03,50425,Querencia Participacoes EIRELI,Mercado,Regiao Metropolitana,Tarcisio Bueno,Limpador Multiuso 5L - Fardo 6,Quimicos,VENDA,10,4.71,489.6,339.1,48.51,13.71,48.51,88.28
2025-03-14,2025-03,50430,Querencia Participacoes EIRELI,Mercado,Regiao Metropolitana,Tarcisio Bueno,Alvejante 5L - Caixa 24,Quimicos,VENDA,2,1.78,112.5,75.6,8.66,3.15,8.66,25.09
2025-03-15,2025-03,50437,Estrela Servicos LTDA,Escola,Litoral,Tarcisio Bueno,Alcool 70 1L - Caixa 24,Quimicos,VENDA,3,1.8,121.5,81.66,8.92,3.4,8.92,27.52
2025-03-15,2025-03,50441,Nortao Industria ME,Padaria,Interior Norte,Simone Klein,Prato Descartavel 15cm,Descartaveis,VENDA,3,9.73,100.72,84.03,20.75,3.02,6.22,-7.08
2025-03-17,2025-03,50443,BOREAL SERVICOS LTDA ME,Escola,Regiao Metropolitana,Tarcisio Bueno,Copo Descartavel 200ml - Fardo 12,Descartaveis,VENDA,1,0.37,28.93,17.51,13.0,0.56,3.9,-2.14
2025-03-17,2025-03,50446,Aurora Industria LTDA ME,Clinica,Interior Sul,Tarcisio Bueno,Papel Higienico Rolao 300m - Fardo 12,Papel,VENDA,1,4.91,58.93,44.62,5.28,1.65,5.28,7.38
2025-03-18,2025-03,50453,Jangada Empreendimentos ME,Condominio,Litoral,Rogerio Antunes,papel higienico folha dupla 30m - fardo 12,Papel,VENDA,1,0.64,77.33,51.04,9.84,2.11,2.95,14.34
2025-03-19,2025-03,50465,Luminar Alimentos S/A,Restaurante,Interior Sul,Rogerio Antunes,papel higienico rolao 300m - fardo 6,Papel,VENDA,5,9.24,386.75,306.8,52.29,11.6,52.29,16.06
2025-03-19,2025-03,50467,Boreal Comercio EIRELI,Mercado,Interior Sul,Simone Klein,papel higienico folha dupla 30m - fardo 12,Papel,VENDA,3,4.75,233.89,153.12,44.76,7.09,13.43,28.92
2025-03-20,2025-03,50470,BOREAL SERVICOS LTDA ME,Escola,Regiao Metropolitana,Tarcisio Bueno,BOBINA PAPEL TOALHA 200M - PACOTE 100,Papel,VENDA,1,4.17,29.08,21.85,4.11,0.81,4.11,2.31
2025-03-20,2025-03,50470,BOREAL SERVICOS LTDA ME,Escola,Regiao Metropolitana,Tarcisio Bueno,Alcool 70 1L - Caixa 24,Quimicos,VENDA,10,6.04,387.5,272.2,54.78,10.85,54.78,49.67
2025-03-20,2025-03,50473,BOREAL SERVICOS LTDA ME,Escola,Regiao Metropolitana,Tarcisio Bueno,Bota PVC - Fardo 6,EPI,VENDA,1,0.83,18.78,11.74,2.14,0.53,2.14,4.37
2025-03-20,2025-03,50479,horizonte distribuidora me,Condominio,Regiao Metropolitana,Rogerio Antunes,Alvejante 5L - Fardo 12,Quimicos,VENDA,1,3.69,28.26,17.01,4.91,0.74,1.47,5.6
2025-03-21,2025-03,50481,Serrano Servicos LTDA ME,Mercado,Interior Norte,Simone Klein,Oculos Protecao,EPI,VENDA,20,0.3,750.8,466.8,34.87,26.28,34.87,222.85
2025-03-21,2025-03,50489,Nortao Alimentos S/A,Escola,Interior Norte,Simone Klein,Papel Higienico Folha Dupla 30m - Fardo 12,Papel,VENDA,1,4.08,77.84,50.46,15.17,2.35,4.55,9.86
2025-03-21,2025-03,50490,Xavante Industria EIRELI,Escola,Regiao Metropolitana,Tarcisio Bueno,Limpa Vidros 500ml - Fardo 12,Quimicos,VENDA,2,5.21,113.91,66.48,26.34,2.67,7.91,18.42
2025-03-21,2025-03,50490,Xavante Industria EIRELI,Escola,Regiao Metropolitana,Tarcisio Bueno,luva plastica descartavel - pacote 100,Descartaveis,VENDA,3,1.24,78.17,58.38,18.07,1.83,5.42,-0.11
2025-03-21,2025-03,50491,Vitoria Distribuidora LTDA ME,Hotel,Interior Sul,Tarcisio Bueno,luva plastica descartavel - pacote 100,Descartaveis,VENDA,2,8.1,47.18,38.92,9.34,1.14,2.8,-2.22
2025-03-24,2025-03,50501,Serrano Alimentos EIRELI,Padaria,Regiao Metropolitana,Simone Klein,Desengordurante 5L,Quimicos,VENDA,1,1.42,66.7,33.93,22.88,1.77,6.86,8.12
2025-03-25,2025-03,50510,Zenite Participacoes ME,Padaria,Interior Norte,Simone Klein,Mop Umido,Acessorios,VENDA,3,1.36,134.99,72.33,20.13,4.23,6.04,38.3
2025-03-25,2025-03,50510,Zenite Participacoes ME,Padaria,Interior Norte,Simone Klein,Talher Descartavel Misto - Fardo 6,Descartaveis,VENDA,1,7.48,42.61,36.29,6.35,1.34,1.9,-1.37
2025-03-26,2025-03,50514,BOREAL SERVICOS LTDA ME,Escola,Regiao Metropolitana,Tarcisio Bueno,PAPEL HIGIENICO ROLAO 300M,Papel,VENDA,2,8.93,31.72,25.08,1.84,0.89,1.84,3.91
2025-03-26,2025-03,50519,Horizonte Distribuidora S/A,Condominio,Regiao Metropolitana,Rogerio Antunes,Papel Toalha Interfolha 1000f - Pacote 100,Papel,VENDA,1,0.12,94.6,57.73,20.74,2.4,6.22,13.73
2025-03-27,2025-03,50525,Boreal Negocios ME,Padaria,Interior Norte,Rogerio Antunes,Copo Descartavel 200ml - Fardo 12,Descartaveis,VENDA,1,0.21,35.61,31.4,2.41,1.07,2.41,0.73
2025-03-27,2025-03,50527,Nortao Industria ME,Padaria,Interior Norte,Simone Klein,Limpador Multiuso 5L - Fardo 6,Quimicos,VENDA,1,6.81,56.03,33.91,11.64,1.68,3.49,8.8
2025-04-01,2025-04,50556,Luminar Alimentos S/A,Restaurante,Interior Sul,Rogerio Antunes,Cera Liquida Incolor 5L - Fardo 6,Quimicos,VENDA,5,0.15,266.4,176.1,39.53,7.99,39.53,42.78
2025-04-03,2025-04,50566,Horizonte Distribuidora S/A,Condominio,Regiao Metropolitana,Rogerio Antunes,escova sanitaria,Acessorios,VENDA,5,1.48,218.55,130.9,7.31,6.56,7.31,73.78
2025-04-04,2025-04,50571,Horizonte Industria S/A,Escola,Interior Norte,Rogerio Antunes,Copo Descartavel 50ml - Fardo 6,Descartaveis,VENDA,5,9.58,168.18,132.25,46.11,4.08,13.83,-14.26
2025-04-04,2025-04,50572,Zenite Servicos EIRELI,Industria,Interior Sul,Tarcisio Bueno,Alvejante 5L,Quimicos,VENDA,1,2.57,85.47,41.64,34.28,1.72,10.28,7.83
2025-04-04,2025-04,50577,Guarani Servicos LTDA ME,Escola,Litoral,Tarcisio Bueno,Mascara Descartavel - Fardo 12,EPI,VENDA,5,4.45,115.4,58.5,36.07,2.52,10.82,18.31
2025-04-04,2025-04,50579,Vitoria Distribuidora LTDA ME,Hotel,Interior Sul,Tarcisio Bueno,Avental PVC - Pacote 100,EPI,VENDA,2,1.04,28.65,13.38,10.41,0.6,3.12,4.26
2025-04-05,2025-04,50580,Horizonte Distribuidora S/A,Condominio,Regiao Metropolitana,Rogerio Antunes,Saco Lixo 100L - Pacote 100,Descartaveis,VENDA,5,9.8,81.6,79.6,6.4,2.45,6.4,-6.85
2025-04-07,2025-04,50584,TREVO ALIMENTOS S/A,Mercado,Interior Norte,Rogerio Antunes,Papel Higienico Rolao 300m - Fardo 12,Papel,VENDA,1,3.8,88.89,66.53,15.87,2.67,15.87,3.82
2025-04-08,2025-04,50594,Querencia Participacoes EIRELI,Mercado,Regiao Metropolitana,Tarcisio Bueno,Copo Descartavel 200ml - Fardo 12,Descartaveis,VENDA,5,3.91,203.97,157.0,46.53,4.8,13.96,-4.36
2025-04-10,2025-04,50607,Boreal Empreendimentos LTDA,Industria,Regiao Metropolitana,Tarcisio Bueno,saco lixo 30l - fardo 6,Descartaveis,VENDA,10,7.0,148.05,129.2,16.5,3.82,4.95,-1.47
2025-04-10,2025-04,50608,Serrano Servicos LTDA ME,Mercado,Interior Norte,Simone Klein,Saco Lixo 100L,Descartaveis,VENDA,1,6.78,34.67,26.91,8.79,1.0,2.63,-2.03
2025-04-11,2025-04,50612,Pampa Alimentos ME,Padaria,Regiao Metropolitana,Rogerio Antunes,Copo Descartavel 50ml,Descartaveis,VENDA,2,3.48,95.45,65.1,34.36,2.14,10.31,-6.15
2025-04-11,2025-04,50616,Boreal Empreendimentos LTDA,Industria,Regiao Metropolitana,Tarcisio Bueno,Papel Higienico Rolao 300m - Fardo 12,Papel,VENDA,5,8.14,468.33,332.65,62.75,11.88,18.82,61.05
2025-04-14,2025-04,50622,Horizonte Distribuidora S/A,Condominio,Regiao Metropolitana,Rogerio Antunes,Guardanapo 24x24,Papel,VENDA,2,3.77,131.72,87.74,20.65,3.52,6.19,19.81
2025-04-15,2025-04,50624,Horizonte Negocios LTDA ME,Mercado,Litoral,Simone Klein,Guardanapo 24x24,Papel,VENDA,2,4.33,126.44,87.74,14.09,4.08,4.23,20.53
2025-04-16,2025-04,50629,Trevo Comercio ME,Clinica,Regiao Metropolitana,Tarcisio Bueno,Alvejante 5L - Caixa 24,Quimicos,VENDA,5,3.36,316.13,189.0,56.25,7.75,16.87,63.13
2025-04-16,2025-04,50634,TREVO ALIMENTOS S/A,Mercado,Interior Norte,Rogerio Antunes,Saco Lixo 100L,Descartaveis,VENDA,5,6.39,143.15,134.55,4.8,4.29,4.8,-0.49
2025-04-21,2025-04,50657,Uniao Servicos S/A,Condominio,Litoral,Rogerio Antunes,Marmitex Aluminio 800ml - Caixa 24,Descartaveis,VENDA,3,8.7,135.71,103.05,41.17,3.21,12.35,-11.72
2025-04-21,2025-04,50658,Central Alimentos LTDA ME,Clinica,Litoral,Tarcisio Bueno,Detergente Neutro 5L - Caixa 24,Quimicos,DEVOLUCAO,-3,2.08,-129.18,-95.22,17.28,-3.96,5.19,-47.28
2025-04-21,2025-04,50661,BANDEIRANTE NEGOCIOS S/A,Condominio,Interior Sul,Simone Klein,Papel Toalha Interfolha 1000f - Caixa 24,Papel,VENDA,5,2.66,365.26,250.25,38.52,11.84,11.56,64.65
2025-04-23,2025-04,50669,BOREAL SERVICOS LTDA ME,Escola,Regiao Metropolitana,Tarcisio Bueno,ALCOOL 70 1L - FARDO 6,Quimicos,VENDA,1,6.51,81.5,41.95,31.55,1.66,9.47,6.34
2025-04-23,2025-04,50673,Serrano Servicos LTDA ME,Mercado,Interior Norte,Simone Klein,SABAO LIQUIDO 5L - FARDO 6,Quimicos,VENDA,5,1.87,229.02,140.05,29.67,7.29,8.9,52.01
2025-04-23,2025-04,50673,Serrano Servicos LTDA ME,Mercado,Interior Norte,Simone Klein,Papel Toalha Interfolha 1000f - Caixa 24,Papel,VENDA,2,4.41,100.18,68.62,12.98,3.19,3.9,15.39
2025-04-28,2025-04,50687,Trevo Empreendimentos LTDA,Padaria,Interior Norte,Rogerio Antunes,Marmitex Aluminio 800ml - Caixa 24,Descartaveis,VENDA,1,6.73,15.11,10.48,5.72,0.33,1.72,-1.42
2025-04-29,2025-04,50695,Nortao Empreendimentos LTDA ME,Padaria,Interior Sul,Tarcisio Bueno,Papel Toalha Interfolha 1000f,Papel,VENDA,3,4.13,110.37,62.76,38.28,2.34,11.49,6.99
2025-04-30,2025-04,50698,Central Negocios ME,Mercado,Interior Sul,Tarcisio Bueno,Bobina Papel Toalha 200m,Papel,VENDA,2,2.51,95.34,70.42,9.34,2.67,9.34,12.91
2025-04-30,2025-04,50699,Horizonte Distribuidora S/A,Condominio,Regiao Metropolitana,Rogerio Antunes,Mop Umido - Caixa 24,Acessorios,VENDA,5,3.28,142.59,78.95,18.85,3.88,5.66,40.91
2025-04-30,2025-04,50699,Horizonte Distribuidora S/A,Condominio,Regiao Metropolitana,Rogerio Antunes,Desengordurante 5L - Pacote 100,Quimicos,VENDA,5,0.32,102.92,61.85,13.6,2.8,4.08,24.67
2025-04-30,2025-04,50701,Horizonte Distribuidora S/A,Condominio,Regiao Metropolitana,Rogerio Antunes,Desinfetante Lavanda 5L,Quimicos,VENDA,2,0.96,60.66,40.42,1.65,1.82,1.65,16.77
2025-05-02,2025-05,50715,Boreal Empreendimentos LTDA,Industria,Regiao Metropolitana,Tarcisio Bueno,Cera Liquida Incolor 5L - Fardo 6,Quimicos,VENDA,2,2.0,112.39,70.44,11.15,2.93,3.34,27.87
2025-05-03,2025-05,50716,Serrano Servicos LTDA ME,Mercado,Interior Norte,Simone Klein,limpador multiuso 5l - pacote 100,Quimicos,VENDA,1,0.84,19.19,11.79,2.12,0.62,0.64,4.66
2025-05-05,2025-05,50725,BOREAL SERVICOS LTDA ME,Escola,Regiao Metropolitana,Tarcisio Bueno,Papel Toalha Interfolha 1000f - Caixa 24,Papel,VENDA,2,9.0,139.69,100.1,18.84,3.54,5.65,17.21
2025-05-06,2025-05,50726,Boreal Empreendimentos LTDA,Industria,Regiao Metropolitana,Tarcisio Bueno,BOBINA PAPEL TOALHA 200M - PACOTE 100,Papel,VENDA,3,5.54,86.01,65.55,7.21,2.41,7.21,10.84
2025-05-07,2025-05,50740,Bandeirante Comercio ME,Condominio,Litoral,Rogerio Antunes,Guardanapo 24x24 - Caixa 24,Papel,VENDA,1,1.89,82.31,48.9,22.38,2.0,6.71,9.03
2025-05-09,2025-05,50752,Nortao Alimentos S/A,Escola,Interior Norte,Simone Klein,Guardanapo 24x24 - Fardo 12,Papel,VENDA,2,3.0,149.99,99.36,23.05,4.69,6.92,22.89
2025-05-09,2025-05,50755,Central Negocios LTDA ME,Clinica,Interior Sul,Simone Klein,Saco Lixo 100L,Descartaveis,VENDA,20,6.79,601.24,538.2,44.63,19.95,13.39,-1.54
2025-05-10,2025-05,50762,Central Negocios ME,Mercado,Interior Sul,Tarcisio Bueno,Desinfetante Lavanda 5L - Pacote 100,Quimicos,VENDA,3,4.09,163.32,112.38,9.34,4.57,9.34,37.03
2025-05-12,2025-05,50767,Missoes Participacoes LTDA ME,Restaurante,Litoral,Tarcisio Bueno,Bobina Papel Toalha 200m - Caixa 24,Papel,VENDA,5,1.85,371.73,246.9,50.25,9.42,15.07,65.16
2025-05-12,2025-05,50767,Missoes Participacoes LTDA ME,Restaurante,Litoral,Tarcisio Bueno,REMOVEDOR 1L - CAIXA 24,Quimicos,VENDA,5,3.8,81.07,50.35,10.96,2.06,3.29,17.7
2025-05-12,2025-05,50769,Imperial Servicos S/A,Clinica,Regiao Metropolitana,Rogerio Antunes,Marmitex Aluminio 800ml - Pacote 100,Descartaveis,VENDA,5,5.71,169.16,138.65,29.44,4.46,8.83,-3.39
2025-05-13,2025-05,50775,Querencia Distribuidora LTDA ME,Padaria,Interior Norte,Rogerio Antunes,Papel Higienico Folha Dupla 30m - Fardo 12,Papel,VENDA,3,3.52,74.31,55.44,3.19,2.23,3.19,13.45
2025-05-13,2025-05,50777,Oriente Negocios LTDA ME,Industria,Litoral,Rogerio Antunes,Papel Higienico Folha Dupla 30m - Fardo 12,Papel,VENDA,3,4.18,217.48,151.38,22.91,6.04,6.88,37.15
2025-05-13,2025-05,50777,Oriente Negocios LTDA ME,Industria,Litoral,Rogerio Antunes,Limpa Vidros 500ml - Fardo 12,Quimicos,VENDA,2,1.92,106.64,66.48,11.23,2.96,3.37,25.97
2025-05-14,2025-05,50783,BANDEIRANTE NEGOCIOS S/A,Condominio,Interior Sul,Simone Klein,Prato Descartavel 15cm - Caixa 24,Descartaveis,VENDA,1,2.04,40.47,30.83,8.79,1.2,2.64,-0.35
2025-05-14,2025-05,50785,Luminar Alimentos S/A,Restaurante,Interior Sul,Rogerio Antunes,Bobina Papel Toalha 200m - Fardo 6,Papel,VENDA,2,0.04,86.65,40.52,43.42,1.69,13.03,1.02
2025-05-15,2025-05,50790,Xavante Servicos EIRELI,Padaria,Litoral,Rogerio Antunes,Papel Higienico Rolao 300m - Fardo 12,Papel,VENDA,1,5.27,105.62,66.53,25.83,2.63,7.74,10.63
2025-05-20,2025-05,50802,Aurora Industria LTDA,Clinica,Regiao Metropolitana,Tarcisio Bueno,Marmitex Aluminio 800ml - Caixa 24,Descartaveis,VENDA,3,10.39,132.14,103.05,38.9,2.94,11.67,-12.75
2025-05-21,2025-05,50803,Luminar Alimentos S/A,Restaurante,Interior Sul,Rogerio Antunes,Papel Higienico Folha Dupla 30m,Papel,VENDA,5,2.93,157.15,90.35,50.51,3.65,15.16,12.64
2025-05-22,2025-05,50809,Pampa Alimentos ME,Padaria,Regiao Metropolitana,Rogerio Antunes,Marmitex Aluminio 800ml - Pacote 100,Descartaveis,VENDA,5,5.24,179.61,138.65,43.3,4.48,12.99,-6.82
2025-05-23,2025-05,50820,Central Negocios ME,Mercado,Interior Sul,Tarcisio Bueno,Embalagem Delivery 750ml,Descartaveis,VENDA,2,9.19,62.29,48.04,18.16,1.39,5.45,-5.3
2025-05-26,2025-05,50826,Xavante Servicos EIRELI,Padaria,Litoral,Rogerio Antunes,PAPEL HIGIENICO ROLAO 300M,Papel,VENDA,2,2.36,44.74,25.08,15.32,1.02,4.6,3.32
2025-05-26,2025-05,50828,Pampa Participacoes ME,Padaria,Interior Norte,Tarcisio Bueno,Luva Plastica Descartavel - Fardo 12,Descartaveis,VENDA,1,6.44,52.37,36.25,19.75,1.08,5.92,-4.71
2025-05-26,2025-05,50831,Pampa Alimentos ME,Padaria,Regiao Metropolitana,Rogerio Antunes,papel toalha rolo 100f - fardo 6,Papel,VENDA,3,2.14,125.61,92.43,30.38,3.77,30.38,-0.97
2025-05-26,2025-05,50831,Pampa Alimentos ME,Padaria,Regiao Metropolitana,Rogerio Antunes,Cera Liquida Incolor 5L - Fardo 6,Quimicos,VENDA,3,2.72,104.91,71.19,25.37,3.15,25.37,5.2
2025-05-27,2025-05,50843,Oriente Negocios LTDA ME,Industria,Litoral,Rogerio Antunes,Mop Umido,Acessorios,VENDA,10,4.03,392.1,241.1,34.35,11.76,34.35,104.89
2025-05-27,2025-05,50843,Oriente Negocios LTDA ME,Industria,Litoral,Rogerio Antunes,BOBINA PAPEL TOALHA 200M - PACOTE 100,Papel,VENDA,3,4.51,86.94,65.55,7.62,2.61,7.62,11.16
2025-05-29,2025-05,50858,Vitoria Empreendimentos EIRELI,Restaurante,Litoral,Tarcisio Bueno,Limpador Multiuso 5L,Quimicos,VENDA,50,7.53,2054.5,1466.5,58.98,57.53,58.98,471.49
2025-06-02,2025-06,50868,Serrano Alimentos EIRELI,Padaria,Regiao Metropolitana,Simone Klein,papel toalha rolo 100f - fardo 6,Papel,VENDA,3,3.45,123.93,92.43,15.82,4.34,15.82,11.34
2025-06-03,2025-06,50879,Serrano Alimentos EIRELI,Padaria,Regiao Metropolitana,Simone Klein,mop umido - fardo 6,Acessorios,VENDA,2,0.45,68.28,40.46,1.68,2.39,1.68,23.75
2025-06-05,2025-06,50897,Xavante Negocios ME,Hotel,Regiao Metropolitana,Simone Klein,Prato Descartavel 15cm,Descartaveis,VENDA,5,7.22,174.47,140.05,38.32,5.17,11.5,-9.07
2025-06-06,2025-06,50902,Pampa Alimentos ME,Padaria,Regiao Metropolitana,Rogerio Antunes,Copo Descartavel 50ml - Pacote 100,Descartaveis,VENDA,3,12.62,82.46,72.0,15.67,2.14,4.7,-7.35
2025-06-06,2025-06,50902,Pampa Alimentos ME,Padaria,Regiao Metropolitana,Rogerio Antunes,papel toalha rolo 100f - fardo 6,Papel,VENDA,2,0.38,98.35,61.62,18.69,2.56,5.6,15.48
2025-06-07,2025-06,50905,Querencia Participacoes EIRELI,Mercado,Regiao Metropolitana,Tarcisio Bueno,Guardanapo 24x24 - Fardo 12,Papel,VENDA,1,0.79,79.35,49.68,15.57,1.92,4.67,12.18
2025-06-07,2025-06,50905,Querencia Participacoes EIRELI,Mercado,Regiao Metropolitana,Tarcisio Bueno,Embalagem Delivery 750ml - Fardo 6,Descartaveis,VENDA,1,11.84,36.99,31.85,7.26,0.89,2.18,-3.01
2025-06-09,2025-06,50910,Serrano Servicos LTDA ME,Mercado,Interior Norte,Simone Klein,COPO DESCARTAVEL 200ML - FARDO 6,Descartaveis,VENDA,1,0.9,37.48,23.62,15.54,0.93,4.66,-2.61
2025-06-11,2025-06,50921,Horizonte Negocios LTDA ME,Mercado,Litoral,Simone Klein,Balde 20L,Acessorios,VENDA,1,0.67,38.16,22.67,3.72,1.34,3.72,10.43
2025-06-11,2025-06,50921,Horizonte Negocios LTDA ME,Mercado,Litoral,Simone Klein,Guardanapo 24x24 - Caixa 24,Papel,VENDA,10,4.55,648.3,489.0,63.22,22.69,63.22,73.39
2025-06-16,2025-06,50939,BOREAL SERVICOS LTDA ME,Escola,Regiao Metropolitana,Tarcisio Bueno,Cera Liquida Incolor 5L,Quimicos,VENDA,2,2.54,114.25,69.36,16.87,2.87,5.06,25.15
2025-06-17,2025-06,50944,TREVO ALIMENTOS S/A,Mercado,Interior Norte,Rogerio Antunes,papel higienico rolao 300m - fardo 6,Papel,VENDA,2,2.23,166.64,122.72,11.17,5.0,11.17,27.75
2025-06-18,2025-06,50951,Boreal Negocios ME,Padaria,Interior Norte,Rogerio Antunes,PRATO DESCARTAVEL 15CM - PACOTE 100,Descartaveis,VENDA,5,7.59,196.19,165.2,32.42,5.21,9.73,-6.63
2025-06-18,2025-06,50952,Pampa Alimentos ME,Padaria,Regiao Metropolitana,Rogerio Antunes,Marmitex Aluminio 800ml - Pacote 100,Descartaveis,VENDA,5,5.31,149.2,138.65,14.6,4.48,14.6,-8.53
2025-06-18,2025-06,50954,Rio Claro Servicos EIRELI,Mercado,Interior Norte,Tarcisio Bueno,Guardanapo 24x24,Papel,VENDA,1,11.11,71.58,43.87,24.88,1.52,7.46,1.31
2025-06-18,2025-06,50954,Rio Claro Servicos EIRELI,Mercado,Interior Norte,Tarcisio Bueno,Talher Descartavel Misto - Caixa 24,Descartaveis,VENDA,2,16.73,78.34,62.66,27.23,1.66,8.17,-13.21
2025-06-18,2025-06,50958,Querencia Alimentos LTDA,Mercado,Interior Norte,Simone Klein,Saco Lixo 100L - Fardo 6,Descartaveis,VENDA,2,8.53,80.81,49.38,42.11,1.8,12.64,-12.48
2025-06-18,2025-06,50959,BOREAL SERVICOS LTDA ME,Escola,Regiao Metropolitana,Tarcisio Bueno,Marmitex Aluminio 800ml - Caixa 24,Descartaveis,VENDA,2,2.43,76.16,68.7,6.58,2.13,6.58,-1.25
2025-06-20,2025-06,50975,Boreal Negocios ME,Padaria,Interior Norte,Rogerio Antunes,Luva Plastica Descartavel - Fardo 12,Descartaveis,VENDA,1,0.05,54.59,36.25,19.17,1.24,5.75,-2.07
2025-06-23,2025-06,50980,Rio Claro Negocios LTDA,Restaurante,Regiao Metropolitana,Simone Klein,Alvejante 5L - Fardo 6,Quimicos,VENDA,1,1.13,23.65,15.79,0.44,0.83,0.44,6.59
2025-06-23,2025-06,50982,Luminar Alimentos S/A,Restaurante,Interior Sul,Rogerio Antunes,Desengordurante 5L,Quimicos,VENDA,5,6.89,239.35,169.65,8.66,7.18,8.66,53.86
2025-06-24,2025-06,50985,Imperial Servicos EIRELI,Condominio,Interior Norte,Rogerio Antunes,Papel Toalha Rolo 100f - Caixa 24,Papel,VENDA,3,1.62,144.42,105.69,10.89,4.33,10.89,23.51
2025-06-28,2025-06,51003,Vitoria Distribuidora LTDA ME,Hotel,Interior Sul,Tarcisio Bueno,Papel Toalha Rolo 100f - Fardo 6,Papel,VENDA,5,4.42,431.3,324.9,67.01,12.08,67.01,27.31
2025-06-30,2025-06,51005,Querencia Participacoes EIRELI,Mercado,Regiao Metropolitana,Tarcisio Bueno,Talher Descartavel Misto - Caixa 24,Descartaveis,VENDA,2,12.98,84.38,62.66,32.04,1.73,9.62,-12.05
2025-06-30,2025-06,51006,Serrano Servicos LTDA ME,Mercado,Interior Norte,Simone Klein,Papel Toalha Interfolha 1000f,Papel,VENDA,2,1.29,75.59,41.84,26.01,2.01,7.8,5.73
2025-06-30,2025-06,51006,Serrano Servicos LTDA ME,Mercado,Interior Norte,Simone Klein,Copo Descartavel 200ml - Pacote 100,Descartaveis,VENDA,2,6.91,80.54,57.8,27.72,2.14,8.32,-7.12
2025-06-30,2025-06,51009,Nortao Alimentos S/A,Escola,Interior Norte,Simone Klein,Oculos Protecao - Caixa 24,EPI,VENDA,10,3.0,301.95,177.6,34.36,9.73,10.31,80.26
2025-07-01,2025-07,51018,Serrano Servicos LTDA ME,Mercado,Interior Norte,Simone Klein,Bobina Papel Toalha 200m - Caixa 24,Papel,VENDA,3,0.25,205.23,148.14,15.34,7.18,15.34,34.57
2025-07-01,2025-07,51018,Serrano Servicos LTDA ME,Mercado,Interior Norte,Simone Klein,Desinfetante Lavanda 5L - Pacote 100,Quimicos,VENDA,10,0.16,566.7,374.6,42.36,19.83,42.36,129.91
2025-07-03,2025-07,51028,BOREAL SERVICOS LTDA ME,Escola,Regiao Metropolitana,Tarcisio Bueno,Oculos Protecao - Fardo 6,EPI,VENDA,20,4.57,279.26,154.2,59.79,6.65,17.93,58.62
2025-07-08,2025-07,51045,Xavante Servicos EIRELI,Padaria,Litoral,Rogerio Antunes,Sabao Liquido 5L - Fardo 12,Quimicos,VENDA,5,0.42,83.33,52.05,6.89,2.36,2.06,22.04
2025-07-09,2025-07,51051,Estrela Negocios S/A,Padaria,Litoral,Tarcisio Bueno,Alcool 70 1L - Caixa 24,Quimicos,VENDA,10,4.54,393.7,272.2,21.05,11.02,21.05,89.43
2025-07-09,2025-07,51051,Estrela Negocios S/A,Padaria,Litoral,Tarcisio Bueno,Embalagem Delivery 750ml - Fardo 6,Descartaveis,VENDA,1,8.4,33.15,31.85,1.77,0.93,1.77,-1.4
2025-07-14,2025-07,51065,BOREAL SERVICOS LTDA ME,Escola,Regiao Metropolitana,Tarcisio Bueno,Removedor 1L - Fardo 6,Quimicos,VENDA,3,2.18,60.07,29.79,22.73,1.24,6.82,6.31
2025-07-14,2025-07,51067,Pampa Alimentos ME,Padaria,Regiao Metropolitana,Rogerio Antunes,Bobina Papel Toalha 200m - Fardo 6,Papel,VENDA,2,4.42,67.25,40.52,19.21,1.61,5.76,5.91
2025-07-15,2025-07,51073,BOREAL SERVICOS LTDA ME,Escola,Regiao Metropolitana,Tarcisio Bueno,Saco Lixo 100L - Fardo 6,Descartaveis,VENDA,3,9.85,87.09,74.07,15.99,2.13,4.8,-5.1
2025-07-16,2025-07,51075,Imperial Distribuidora S/A,Clinica,Interior Norte,Rogerio Antunes,Papel Higienico Folha Dupla 30m - Fardo 12,Papel,VENDA,3,2.06,241.21,151.38,50.41,6.18,15.12,33.24
2025-07-17,2025-07,51082,BOREAL SERVICOS LTDA ME,Escola,Regiao Metropolitana,Tarcisio Bueno,papel higienico folha dupla 30m - fardo 12,Papel,VENDA,2,5.37,146.69,102.08,17.9,3.76,5.37,22.95
2025-07-17,2025-07,51083,Horizonte Industria S/A,Escola,Interior Norte,Rogerio Antunes,Cera Liquida Incolor 5L - Fardo 6,Quimicos,VENDA,5,2.72,301.53,182.1,47.33,8.05,14.2,64.05
2025-07-18,2025-07,51098,Serrano Servicos LTDA ME,Mercado,Interior Norte,Simone Klein,Saco Lixo 30L - Fardo 6,Descartaveis,VENDA,1,4.08,27.79,25.49,1.41,0.97,1.41,-0.08
2025-07-19,2025-07,51102,Serrano Alimentos EIRELI,Padaria,Regiao Metropolitana,Simone Klein,SACO LIXO 60L,Descartaveis,VENDA,3,0.36,28.5,19.5,9.17,0.77,2.75,-0.94
2025-07-21,2025-07,51107,Querencia Negocios LTDA,Industria,Interior Norte,Simone Klein,Copo Descartavel 50ml - Fardo 6,Descartaveis,VENDA,20,12.83,524.0,529.0,57.79,18.34,57.79,-81.13
2025-07-23,2025-07,51124,Aurora Industria LTDA ME,Clinica,Interior Sul,Tarcisio Bueno,Alvejante 5L - Fardo 6,Quimicos,VENDA,2,0.45,51.9,31.58,6.12,1.33,1.84,12.87
2025-07-23,2025-07,51124,Aurora Industria LTDA ME,Clinica,Interior Sul,Tarcisio Bueno,Escova Sanitaria - Caixa 24,Acessorios,VENDA,1,0.22,8.88,4.82,1.05,0.23,0.32,2.78
2025-07-24,2025-07,51128,Serrano Alimentos EIRELI,Padaria,Regiao Metropolitana,Simone Klein,Alvejante 5L - Caixa 24,Quimicos,VENDA,2,3.48,110.56,75.6,7.83,3.87,7.83,23.26
2025-07-24,2025-07,51128,Serrano Alimentos EIRELI,Padaria,Regiao Metropolitana,Simone Klein,limpador multiuso 5l - pacote 100,Quimicos,VENDA,5,0.98,88.4,58.95,6.26,3.09,6.26,20.1
2025-07-25,2025-07,51131,Estrela Servicos LTDA,Escola,Litoral,Tarcisio Bueno,DESINFETANTE LAVANDA 5L - FARDO 6,Quimicos,VENDA,1,5.37,48.84,27.63,13.19,1.11,3.96,6.91
2025-07-25,2025-07,51136,Oriente Participacoes LTDA,Clinica,Regiao Metropolitana,Simone Klein,Limpador Multiuso 5L,Quimicos,VENDA,20,1.79,872.8,586.6,46.21,30.55,46.21,209.44
2025-07-25,2025-07,51139,Querencia Participacoes EIRELI,Mercado,Regiao Metropolitana,Tarcisio Bueno,Vassoura Nylon - Caixa 24,Acessorios,VENDA,5,3.6,209.15,128.0,22.16,5.86,22.16,53.13
2025-07-26,2025-07,51141,Aurora Distribuidora LTDA,Escola,Regiao Metropolitana,Rogerio Antunes,Copo Descartavel 50ml - Pacote 100,Descartaveis,VENDA,3,3.68,78.81,72.0,11.41,2.36,11.41,-6.96
2025-07-28,2025-07,51142,Missoes Participacoes LTDA ME,Restaurante,Litoral,Tarcisio Bueno,AVENTAL PVC - CAIXA 24,EPI,VENDA,1,1.49,45.33,12.66,36.01,0.56,10.8,-3.9
2025-07-28,2025-07,51144,Trevo Comercio LTDA,Restaurante,Interior Norte,Simone Klein,Limpador Multiuso 5L,Quimicos,VENDA,10,0.22,478.39,293.3,49.99,15.52,15.0,119.58
2025-07-28,2025-07,51148,Querencia Participacoes EIRELI,Mercado,Regiao Metropolitana,Tarcisio Bueno,Luva Latex - Fardo 6,EPI,VENDA,3,3.34,70.43,35.85,20.77,1.56,6.23,12.25
2025-07-29,2025-07,51150,BOREAL SERVICOS LTDA ME,Escola,Regiao Metropolitana,Tarcisio Bueno,Luva Plastica Descartavel - Fardo 6,Descartaveis,VENDA,10,3.4,209.66,152.5,60.38,4.69,18.12,-7.91
2025-07-29,2025-07,51152,Pampa Participacoes ME,Padaria,Interior Norte,Tarcisio Bueno,Guardanapo 24x24 - Fardo 12,Papel,VENDA,5,0.73,342.5,248.4,34.37,9.59,34.37,50.14
2025-08-01,2025-08,51169,Oriente Negocios ME,Restaurante,Interior Sul,Rogerio Antunes,SACO LIXO 60L,Descartaveis,VENDA,1,12.45,8.86,6.5,3.41,0.19,1.02,-1.24
2025-08-04,2025-08,51178,UNIAO ALIMENTOS LTDA ME,Restaurante,Litoral,Simone Klein,Mascara Descartavel - Fardo 12,EPI,DEVOLUCAO,-1,2.18,-16.06,-11.7,3.43,-0.65,1.03,-7.14
2025-08-04,2025-08,51181,BOREAL SERVICOS LTDA ME,Escola,Regiao Metropolitana,Tarcisio Bueno,papel higienico rolao 300m - fardo 6,Papel,VENDA,5,2.56,415.2,306.8,40.03,11.63,40.03,56.74
2025-08-05,2025-08,51184,Pampa Participacoes ME,Padaria,Interior Norte,Tarcisio Bueno,sabao liquido 5l - pacote 100,Quimicos,VENDA,20,0.89,687.8,458.0,39.13,19.26,39.13,171.41
2025-08-07,2025-08,51195,Xavante Servicos EIRELI,Padaria,Litoral,Rogerio Antunes,Sabao Liquido 5L - Fardo 12,Quimicos,VENDA,1,6.35,14.77,10.41,0.84,0.44,0.84,3.08
2025-08-11,2025-08,51205,Imperial Servicos S/A,Clinica,Regiao Metropolitana,Rogerio Antunes,Detergente Neutro 5L - Pacote 100,Quimicos,VENDA,1,6.49,24.05,14.76,4.49,0.63,1.35,4.17
2025-08-14,2025-08,51216,Boreal Negocios ME,Padaria,Interior Norte,Rogerio Antunes,Bobina Papel Toalha 200m,Papel,VENDA,3,2.42,157.17,105.63,20.01,4.29,6.0,27.24
2025-08-15,2025-08,51223,Querencia Negocios LTDA,Industria,Interior Norte,Simone Klein,Desinfetante Lavanda 5L,Quimicos,VENDA,3,6.58,113.22,60.63,39.13,3.0,11.74,10.46
2025-08-15,2025-08,51224,Horizonte Distribuidora S/A,Condominio,Regiao Metropolitana,Rogerio Antunes,Rodo 40cm - Pacote 100,Acessorios,VENDA,1,2.09,46.21,27.85,1.49,1.39,1.49,15.48
2025-08-18,2025-08,51234,Pampa Alimentos ME,Padaria,Regiao Metropolitana,Rogerio Antunes,Borrifador 500ml - Fardo 12,Acessorios,VENDA,2,4.89,51.82,24.42,17.79,1.18,5.33,8.43
2025-08-18,2025-08,51236,Vitoria Comercio LTDA,Industria,Interior Sul,Simone Klein,Embalagem Delivery 750ml - Pacote 100,Descartaveis,VENDA,2,4.05,36.39,21.98,17.75,0.84,5.32,-4.18
2025-08-19,2025-08,51240,Oriente Negocios LTDA ME,Industria,Litoral,Rogerio Antunes,Papel Higienico Folha Dupla 30m - Fardo 12,Papel,VENDA,2,5.06,79.47,36.96,43.9,1.46,13.17,-2.85
2025-08-19,2025-08,51246,Serrano Servicos LTDA ME,Mercado,Interior Norte,Simone Klein,Bobina Papel Toalha 200m,Papel,VENDA,3,0.81,145.5,105.63,14.5,5.09,14.5,20.28
2025-08-19,2025-08,51246,Serrano Servicos LTDA ME,Mercado,Interior Norte,Simone Klein,Bota PVC,EPI,VENDA,5,0.48,109.3,68.1,10.89,3.83,10.89,26.48
2025-08-20,2025-08,51249,Estrela Negocios EIRELI,Padaria,Interior Norte,Rogerio Antunes,Cera Liquida Incolor 5L - Fardo 6,Quimicos,VENDA,50,4.18,1595.5,1099.0,47.12,47.86,47.12,401.52
2025-08-21,2025-08,51256,Boreal Comercio EIRELI,Mercado,Interior Sul,Simone Klein,Sabao Liquido 5L - Fardo 12,Quimicos,VENDA,3,0.14,55.08,31.23,11.18,1.65,3.35,11.02
2025-08-21,2025-08,51256,Boreal Comercio EIRELI,Mercado,Interior Sul,Simone Klein,Cera Liquida Incolor 5L - Fardo 6,Quimicos,VENDA,1,2.19,40.98,23.73,8.32,1.23,2.5,7.7
2025-08-21,2025-08,51257,Rio Claro Servicos S/A,Industria,Interior Norte,Rogerio Antunes,Embalagem Delivery 750ml - Fardo 6,Descartaveis,VENDA,10,0.26,361.0,318.5,51.71,10.83,51.71,-20.04
2025-08-21,2025-08,51258,Trevo Comercio ME,Clinica,Regiao Metropolitana,Tarcisio Bueno,Papel Toalha Rolo 100f - Pacote 100,Papel,VENDA,1,4.33,83.21,54.89,14.67,2.04,4.4,11.61
2025-08-23,2025-08,51269,Aurora Distribuidora LTDA,Escola,Regiao Metropolitana,Rogerio Antunes,COPO DESCARTAVEL 200ML - FARDO 6,Descartaveis,VENDA,2,7.82,66.37,47.24,24.13,1.48,7.24,-6.48
2025-08-23,2025-08,51269,Aurora Distribuidora LTDA,Escola,Regiao Metropolitana,Rogerio Antunes,Talher Descartavel Misto - Fardo 6,Descartaveis,VENDA,3,13.09,144.22,108.87,52.43,3.23,15.73,-20.31
2025-08-23,2025-08,51270,Estrela Negocios EIRELI,Padaria,Interior Norte,Rogerio Antunes,Limpador Multiuso 5L - Fardo 6,Quimicos,VENDA,2,3.26,111.1,67.82,16.69,2.98,5.01,23.61
2025-08-25,2025-08,51275,Querencia Participacoes EIRELI,Mercado,Regiao Metropolitana,Tarcisio Bueno,SACO LIXO 60L - PACOTE 100,Descartaveis,VENDA,1,1.68,49.59,13.33,49.56,0.42,14.87,-13.72
2025-08-25,2025-08,51277,Serrano Servicos LTDA ME,Mercado,Interior Norte,Simone Klein,Bobina Papel Toalha 200m - Caixa 24,Papel,VENDA,5,1.95,368.73,246.9,46.47,11.77,13.94,63.59
2025-08-25,2025-08,51278,Imperial Distribuidora LTDA,Industria,Litoral,Tarcisio Bueno,Desinfetante Lavanda 5L - Fardo 6,Quimicos,VENDA,2,0.31,93.02,61.58,6.51,2.6,6.51,22.33
2025-08-27,2025-08,51287,Horizonte Distribuidora S/A,Condominio,Regiao Metropolitana,Rogerio Antunes,Embalagem Delivery 750ml - Fardo 6,Descartaveis,VENDA,3,6.72,101.28,95.55,2.06,3.04,2.06,0.63
2025-08-29,2025-08,51301,Xavante Servicos EIRELI,Padaria,Litoral,Rogerio Antunes,Luva Plastica Descartavel - Fardo 6,Descartaveis,VENDA,1,6.02,16.29,15.25,2.1,0.49,2.1,-1.55
2025-09-01,2025-09,51308,BOREAL SERVICOS LTDA ME,Escola,Regiao Metropolitana,Tarcisio Bueno,SACO LIXO 60L,Descartaveis,VENDA,2,12.6,16.17,13.0,4.65,0.36,1.4,-1.84
2025-09-01,2025-09,51316,Querencia Distribuidora LTDA ME,Padaria,Interior Norte,Rogerio Antunes,Luva Plastica Descartavel - Fardo 6,Descartaveis,VENDA,10,3.98,177.88,152.5,16.41,4.99,4.93,3.98
2025-09-02,2025-09,51318,Nortao Alimentos S/A,Escola,Interior Norte,Simone Klein,Copo Descartavel 50ml,Descartaveis,VENDA,3,4.16,106.35,97.65,17.42,3.72,17.42,-12.44
2025-09-02,2025-09,51319,Pampa Alimentos ME,Padaria,Regiao Metropolitana,Rogerio Antunes,Papel Toalha Rolo 100f - Pacote 100,Papel,VENDA,2,7.33,162.79,109.78,30.7,4.24,9.21,18.07
2025-09-03,2025-09,51334,Imperial Servicos S/A,Clinica,Regiao Metropolitana,Rogerio Antunes,Saco Lixo 100L - Fardo 6,Descartaveis,VENDA,2,0.0,56.12,49.38,2.66,1.68,2.66,2.4
2025-09-03,2025-09,51334,Imperial Servicos S/A,Clinica,Regiao Metropolitana,Rogerio Antunes,Cera Liquida Incolor 5L - Fardo 6,Quimicos,VENDA,20,5.43,629.8,439.6,29.84,18.89,29.84,141.47
2025-09-04,2025-09,51338,Central Negocios LTDA ME,Clinica,Interior Sul,Simone Klein,Alvejante 5L - Caixa 24,Quimicos,VENDA,5,2.47,279.3,189.0,47.05,9.78,47.05,33.47
2025-09-04,2025-09,51342,BOREAL SERVICOS LTDA ME,Escola,Regiao Metropolitana,Tarcisio Bueno,Guardanapo 24x24 - Caixa 24,Papel,VENDA,3,1.19,232.76,146.7,44.9,5.64,13.47,35.52
2025-09-04,2025-09,51344,UNIAO ALIMENTOS LTDA ME,Restaurante,Litoral,Simone Klein,Marmitex Aluminio 800ml - Caixa 24,Descartaveis,VENDA,3,1.46,123.32,103.05,11.35,4.04,3.41,4.88
2025-09-04,2025-09,51345,Querencia Participacoes EIRELI,Mercado,Regiao Metropolitana,Tarcisio Bueno,Pano Multiuso - Fardo 6,Acessorios,VENDA,1,5.77,8.61,4.2,2.72,0.19,0.82,1.5
2025-09-05,2025-09,51346,Vitoria Empreendimentos EIRELI,Restaurante,Litoral,Tarcisio Bueno,Borrifador 500ml,Acessorios,VENDA,5,0.17,196.6,102.85,32.29,4.87,9.69,56.59
2025-09-08,2025-09,51356,Aurora Industria LTDA,Clinica,Regiao Metropolitana,Tarcisio Bueno,Papel Higienico Folha Dupla 30m - Fardo 12,Papel,VENDA,3,2.41,75.15,55.44,5.96,2.1,5.96,11.65
2025-09-09,2025-09,51366,Guarani Servicos S/A,Restaurante,Regiao Metropolitana,Simone Klein,removedor 1l,Quimicos,VENDA,10,0.26,584.6,386.8,15.03,20.46,15.03,162.31
2025-09-10,2025-09,51371,Rio Claro Servicos S/A,Industria,Interior Norte,Rogerio Antunes,DETERGENTE NEUTRO 5L - PACOTE 100,Quimicos,VENDA,1,3.35,22.27,10.96,8.89,0.48,2.67,1.94
2025-09-12,2025-09,51381,Aurora Distribuidora LTDA ME,Clinica,Litoral,Simone Klein,Rodo 40cm - Pacote 100,Acessorios,VENDA,3,3.09,69.21,37.38,11.14,2.15,3.34,18.54
2025-09-12,2025-09,51383,Querencia Participacoes EIRELI,Mercado,Regiao Metropolitana,Tarcisio Bueno,LUVA PLASTICA DESCARTAVEL,Descartaveis,VENDA,50,19.45,1474.5,1611.0,55.75,41.29,55.75,-233.54
2025-09-19,2025-09,51421,Alvorada Servicos LTDA,Hotel,Interior Norte,Rogerio Antunes,Pano Multiuso - Caixa 24,Acessorios,VENDA,2,0.34,52.96,25.94,13.06,1.31,3.92,12.65
2025-09-20,2025-09,51423,Serrano Servicos LTDA ME,Mercado,Interior Norte,Simone Klein,Copo Descartavel 200ml - Pacote 100,Descartaveis,VENDA,2,2.58,89.82,57.8,36.91,2.24,11.07,-7.13
2025-09-22,2025-09,51425,Horizonte Distribuidora S/A,Condominio,Regiao Metropolitana,Rogerio Antunes,MOP UMIDO - CAIXA 24,Acessorios,VENDA,2,1.11,107.4,56.36,18.48,2.83,5.54,29.73
2025-09-22,2025-09,51427,Querencia Participacoes EIRELI,Mercado,Regiao Metropolitana,Tarcisio Bueno,pano multiuso - caixa 24,Acessorios,VENDA,5,3.06,126.7,77.1,10.84,3.55,10.84,35.21
2025-09-22,2025-09,51427,Querencia Participacoes EIRELI,Mercado,Regiao Metropolitana,Tarcisio Bueno,Guardanapo 24x24,Papel,VENDA,10,2.0,597.1,438.7,51.09,16.72,51.09,90.59
2025-09-23,2025-09,51428,Vitoria Comercio LTDA,Industria,Interior Sul,Simone Klein,Marmitex Aluminio 800ml - Caixa 24,Descartaveis,VENDA,1,4.27,17.68,10.48,8.97,0.4,2.69,-2.17
2025-09-23,2025-09,51429,Trevo Comercio ME,Clinica,Regiao Metropolitana,Tarcisio Bueno,Copo Descartavel 200ml,Descartaveis,VENDA,1,9.36,37.2,29.86,9.22,0.86,2.77,-2.74
2025-09-23,2025-09,51430,Serrano Servicos LTDA ME,Mercado,Interior Norte,Simone Klein,Talher Descartavel Misto - Pacote 100,Descartaveis,VENDA,50,17.21,1237.5,1315.5,63.04,43.31,63.04,-184.35
2025-09-24,2025-09,51435,Aurora Distribuidora LTDA,Escola,Regiao Metropolitana,Rogerio Antunes,Talher Descartavel Misto - Caixa 24,Descartaveis,VENDA,2,1.86,84.14,62.66,20.36,2.1,6.1,-0.98
2025-09-24,2025-09,51435,Aurora Distribuidora LTDA,Escola,Regiao Metropolitana,Rogerio Antunes,Rodo 40cm - Pacote 100,Acessorios,VENDA,2,3.22,49.22,24.92,11.91,1.23,3.57,11.16
2025-09-25,2025-09,51437,Vitoria Distribuidora LTDA ME,Hotel,Interior Sul,Tarcisio Bueno,Esponja Dupla Face - Fardo 6,Acessorios,VENDA,5,0.64,177.01,98.55,15.73,4.65,4.72,58.08
2025-09-25,2025-09,51440,Querencia Alimentos LTDA,Mercado,Interior Norte,Simone Klein,LUVA PLASTICA DESCARTAVEL,Descartaveis,VENDA,2,4.45,69.96,64.44,7.39,2.45,7.39,-4.32
2025-09-26,2025-09,51450,Nortao Alimentos S/A,Escola,Interior Norte,Simone Klein,MOP UMIDO - CAIXA 24,Acessorios,VENDA,5,2.66,253.7,140.9,30.35,8.14,9.1,74.31
2025-09-30,2025-09,51462,Querencia Empreendimentos LTDA,Clinica,Interior Sul,Simone Klein,Cera Liquida Incolor 5L - Fardo 6,Quimicos,VENDA,2,1.04,89.68,47.46,26.46,2.49,7.94,13.27
2025-10-01,2025-10,51466,Serrano Servicos LTDA ME,Mercado,Interior Norte,Simone Klein,Copo Descartavel 200ml - Fardo 12,Descartaveis,VENDA,1,9.72,32.21,31.4,2.85,1.13,2.85,-3.17
2025-10-01,2025-10,51468,Querencia Participacoes EIRELI,Mercado,Regiao Metropolitana,Tarcisio Bueno,Mop Umido - Caixa 24,Acessorios,VENDA,1,3.63,34.01,20.82,5.08,0.95,5.08,7.16
2025-10-02,2025-10,51477,Pampa Alimentos ME,Padaria,Regiao Metropolitana,Rogerio Antunes,Papel Toalha Rolo 100f - Pacote 100,Papel,VENDA,20,3.73,1468.0,1097.8,62.21,44.04,62.21,263.95
2025-10-02,2025-10,51478,Boreal Negocios ME,Padaria,Interior Norte,Rogerio Antunes,Limpador Multiuso 5L - Fardo 6,Quimicos,VENDA,10,0.91,390.2,259.9,36.35,11.71,36.35,82.24
2025-10-02,2025-10,51478,Boreal Negocios ME,Padaria,Interior Norte,Rogerio Antunes,papel toalha rolo 100f - fardo 6,Papel,VENDA,5,4.66,204.0,154.05,19.0,6.12,19.0,24.83
2025-10-03,2025-10,51482,Xavante Servicos EIRELI,Padaria,Litoral,Rogerio Antunes,SACO LIXO 60L,Descartaveis,VENDA,3,16.11,18.6,19.5,1.52,0.56,1.52,-2.98
2025-10-03,2025-10,51486,Horizonte Distribuidora S/A,Condominio,Regiao Metropolitana,Rogerio Antunes,removedor 1l,Quimicos,VENDA,2,0.54,129.85,77.36,18.95,3.5,5.68,30.04
2025-10-03,2025-10,51487,Oriente Participacoes LTDA,Clinica,Regiao Metropolitana,Simone Klein,Cera Liquida Incolor 5L - Fardo 6,Quimicos,VENDA,1,1.45,76.25,36.42,31.24,1.9,9.37,6.69
2025-10-04,2025-10,51489,Pampa Alimentos ME,Padaria,Regiao Metropolitana,Rogerio Antunes,Limpa Vidros 500ml - Fardo 12,Quimicos,VENDA,5,3.62,242.7,166.2,19.35,7.28,19.35,49.87
2025-10-04,2025-10,51490,Horizonte Distribuidora S/A,Condominio,Regiao Metropolitana,Rogerio Antunes,Papel Higienico Rolao 300m - Fardo 12,Papel,VENDA,2,4.64,196.27,124.68,44.5,4.95,13.35,22.14
2025-10-07,2025-10,51498,Oriente Participacoes LTDA,Clinica,Regiao Metropolitana,Simone Klein,Prato Descartavel 15cm,Descartaveis,VENDA,2,10.12,86.35,56.02,41.61,2.0,12.48,-13.28
2025-10-08,2025-10,51510,Oriente Participacoes LTDA,Clinica,Regiao Metropolitana,Simone Klein,ESCOVA SANITARIA - CAIXA 24,Acessorios,VENDA,20,3.35,577.0,352.2,39.54,20.2,39.54,165.07
2025-10-08,2025-10,51511,Serrano Servicos LTDA ME,Mercado,Interior Norte,Simone Klein,Prato Descartavel 15cm,Descartaveis,VENDA,10,11.14,306.45,280.1,33.78,9.9,10.13,-17.33
2025-10-09,2025-10,51515,BANDEIRANTE NEGOCIOS S/A,Condominio,Interior Sul,Simone Klein,Guardanapo 24x24 - Fardo 12,Papel,VENDA,1,2.7,67.14,49.68,5.52,2.35,5.52,9.59
2025-10-09,2025-10,51516,Horizonte Distribuidora S/A,Condominio,Regiao Metropolitana,Rogerio Antunes,Mop Umido - Caixa 24,Acessorios,VENDA,10,0.76,294.69,157.9,41.56,7.97,12.47,87.26
2025-10-10,2025-10,51525,BOREAL SERVICOS LTDA ME,Escola,Regiao Metropolitana,Tarcisio Bueno,Embalagem Delivery 750ml - Fardo 6,Descartaveis,VENDA,2,1.17,35.02,31.18,5.9,0.98,5.9,-3.04
2025-10-10,2025-10,51526,Bandeirante Comercio ME,Condominio,Litoral,Rogerio Antunes,Detergente Neutro 5L,Quimicos,VENDA,10,0.79,499.2,332.1,43.95,14.98,43.95,108.17
2025-10-13,2025-10,51531,Luminar Alimentos S/A,Restaurante,Interior Sul,Rogerio Antunes,Luva Plastica Descartavel - Fardo 12,Descartaveis,VENDA,1,9.52,47.53,36.25,14.65,1.12,4.39,-4.49
2025-10-13,2025-10,51534,Querencia Participacoes EIRELI,Mercado,Regiao Metropolitana,Tarcisio Bueno,Desinfetante Lavanda 5L - Fardo 6,Quimicos,VENDA,3,6.95,151.72,92.37,30.69,3.65,9.2,25.01
2025-10-14,2025-10,51535,BOREAL SERVICOS LTDA ME,Escola,Regiao Metropolitana,Tarcisio Bueno,Embalagem Delivery 750ml - Pacote 100,Descartaveis,VENDA,3,11.77,42.62,32.97,13.65,0.93,4.09,-4.93
2025-10-14,2025-10,51538,Luminar Participacoes LTDA,Condominio,Litoral,Simone Klein,Saco Lixo 60L - Fardo 6,Descartaveis,VENDA,3,14.25,28.48,25.17,5.67,0.86,1.7,-3.22
2025-10-16,2025-10,51555,BOREAL SERVICOS LTDA ME,Escola,Regiao Metropolitana,Tarcisio Bueno,Detergente Neutro 5L,Quimicos,VENDA,5,6.25,235.85,166.05,6.93,6.6,6.93,56.27
2025-10-17,2025-10,51557,Serrano Servicos LTDA ME,Mercado,Interior Norte,Simone Klein,DESINFETANTE LAVANDA 5L - FARDO 6,Quimicos,VENDA,2,3.21,97.13,55.26,22.98,2.84,6.89,16.05
2025-10-17,2025-10,51559,Nortao Industria LTDA,Industria,Interior Sul,Rogerio Antunes,Embalagem Delivery 750ml - Pacote 100,Descartaveis,VENDA,10,2.19,122.2,109.9,9.73,3.67,9.73,-1.1
2025-10-17,2025-10,51562,Horizonte Distribuidora S/A,Condominio,Regiao Metropolitana,Rogerio Antunes,Balde 20L - Pacote 100,Acessorios,VENDA,1,3.25,31.55,19.24,1.23,0.95,1.23,10.13
2025-10-21,2025-10,51571,Horizonte Negocios LTDA ME,Mercado,Litoral,Simone Klein,Papel Higienico Rolao 300m - Fardo 12,Papel,VENDA,2,4.01,134.02,89.24,21.48,4.16,6.44,19.14
2025-10-22,2025-10,51574,Querencia Participacoes EIRELI,Mercado,Regiao Metropolitana,Tarcisio Bueno,Rodo 40cm - Pacote 100,Acessorios,VENDA,2,3.41,121.31,55.7,43.04,2.55,12.91,20.02
2025-10-22,2025-10,51575,BOREAL SERVICOS LTDA ME,Escola,Regiao Metropolitana,Tarcisio Bueno,removedor 1l,Quimicos,VENDA,2,4.5,111.94,77.36,5.04,3.13,5.04,26.41
2025-10-22,2025-10,51581,Boreal Negocios ME,Padaria,Interior Norte,Rogerio Antunes,Oculos Protecao - Fardo 6,EPI,VENDA,20,2.12,630.0,399.0,23.46,18.9,23.46,188.64
2025-10-23,2025-10,51586,BOREAL SERVICOS LTDA ME,Escola,Regiao Metropolitana,Tarcisio Bueno,Limpador Multiuso 5L - Fardo 6,Quimicos,VENDA,1,6.24,39.65,25.99,3.91,1.03,1.18,8.72
2025-10-24,2025-10,51591,Xavante Industria EIRELI,Escola,Regiao Metropolitana,Tarcisio Bueno,Copo Descartavel 50ml - Pacote 100,Descartaveis,VENDA,3,16.38,81.96,72.0,19.37,1.92,5.81,-11.33
2025-10-24,2025-10,51592,Luminar Alimentos S/A,Restaurante,Interior Sul,Rogerio Antunes,Saco Lixo 100L - Fardo 6,Descartaveis,VENDA,3,9.76,82.02,74.07,8.65,2.28,2.59,-2.98
2025-10-24,2025-10,51592,Luminar Alimentos S/A,Restaurante,Interior Sul,Rogerio Antunes,Sabao Liquido 5L - Fardo 12,Quimicos,VENDA,1,0.4,16.96,10.41,1.79,0.47,0.54,4.29
2025-10-25,2025-10,51598,Luminar Alimentos S/A,Restaurante,Interior Sul,Rogerio Antunes,AVENTAL PVC - CAIXA 24,EPI,VENDA,3,2.22,59.91,37.98,1.46,1.8,1.46,18.67
2025-10-27,2025-10,51602,Trevo Comercio LTDA,Restaurante,Interior Norte,Simone Klein,Papel Toalha Interfolha 1000f,Papel,VENDA,2,5.73,69.06,41.84,20.4,1.92,6.12,4.9
2025-10-27,2025-10,51603,TREVO ALIMENTOS S/A,Mercado,Interior Norte,Rogerio Antunes,Detergente Neutro 5L - Caixa 24,Quimicos,VENDA,5,3.03,244.75,158.7,16.57,6.99,4.97,62.49
2025-10-28,2025-10,51608,Querencia Participacoes EIRELI,Mercado,Regiao Metropolitana,Tarcisio Bueno,Guardanapo 24x24,Papel,VENDA,5,9.48,275.75,219.35,17.57,7.72,17.57,31.11
2025-10-29,2025-10,51617,Trevo Empreendimentos LTDA,Padaria,Interior Norte,Rogerio Antunes,Talher Descartavel Misto - Caixa 24,Descartaveis,VENDA,3,8.79,97.41,93.99,14.77,2.92,14.77,-14.27
2025-10-29,2025-10,51620,Oriente Negocios LTDA ME,Industria,Litoral,Rogerio Antunes,Luva Plastica Descartavel - Fardo 6,Descartaveis,VENDA,1,9.4,15.7,15.25,1.54,0.47,1.54,-1.56
2025-10-29,2025-10,51623,Trevo Comercio ME,Clinica,Regiao Metropolitana,Tarcisio Bueno,Papel Toalha Interfolha 1000f - Pacote 100,Papel,VENDA,1,1.85,101.03,57.73,31.91,2.2,9.58,9.19
2025-10-30,2025-10,51626,Serrano Servicos LTDA ME,Mercado,Interior Norte,Simone Klein,papel toalha rolo 100f,Papel,VENDA,2,4.52,98.06,73.94,12.11,3.43,12.11,8.58
2025-10-30,2025-10,51632,Uniao Comercio EIRELI,Escola,Interior Sul,Rogerio Antunes,DESINFETANTE LAVANDA 5L - FARDO 6,Quimicos,VENDA,5,2.87,227.16,138.15,34.09,6.1,10.23,48.82
2025-11-03,2025-11,51643,Horizonte Industria S/A,Escola,Interior Norte,Rogerio Antunes,Detergente Neutro 5L - Pacote 100,Quimicos,VENDA,2,1.27,61.88,29.52,25.32,1.32,7.6,5.72
2025-11-03,2025-11,51645,Zenite Participacoes ME,Padaria,Interior Norte,Simone Klein,limpador multiuso 5l - pacote 100,Quimicos,VENDA,3,3.66,51.63,35.37,3.92,1.81,3.92,10.53
2025-11-03,2025-11,51650,Nortao Alimentos S/A,Escola,Interior Norte,Simone Klein,Pano Multiuso - Fardo 6,Acessorios,VENDA,2,0.11,16.59,8.4,3.39,0.5,1.02,4.3
2025-11-04,2025-11,51653,Luminar Alimentos S/A,Restaurante,Interior Sul,Rogerio Antunes,Copo Descartavel 200ml,Descartaveis,VENDA,50,33.35,1130.5,1493.0,70.78,33.92,70.78,-467.2
2025-11-05,2025-11,51654,Zenite Industria LTDA,Mercado,Litoral,Simone Klein,Bobina Papel Toalha 200m - Caixa 24,Papel,VENDA,1,2.19,75.19,49.38,11.58,2.35,3.47,11.88
2025-11-06,2025-11,51659,Boreal Negocios ME,Padaria,Interior Norte,Rogerio Antunes,Papel Higienico Folha Dupla 30m - Fardo 12,Papel,VENDA,5,2.91,340.2,252.3,26.81,10.21,26.81,50.88
2025-11-07,2025-11,51664,Aurora Industria LTDA ME,Clinica,Interior Sul,Tarcisio Bueno,Guardanapo 24x24 - Fardo 12,Papel,VENDA,10,0.54,686.3,496.8,63.88,19.22,63.88,106.4
2025-11-10,2025-11,51673,Luminar Alimentos S/A,Restaurante,Interior Sul,Rogerio Antunes,Papel Toalha Rolo 100f - Caixa 24,Papel,VENDA,3,8.17,134.79,105.69,6.31,4.04,6.31,18.75
2025-11-11,2025-11,51679,Jangada Empreendimentos ME,Condominio,Litoral,Rogerio Antunes,luva plastica descartavel - pacote 100,Descartaveis,VENDA,5,2.55,127.85,97.3,28.72,3.23,8.62,-1.4
2025-11-12,2025-11,51687,Trevo Alimentos EIRELI,Condominio,Interior Norte,Simone Klein,ALCOOL 70 1L - FARDO 6,Quimicos,VENDA,3,4.73,181.65,125.85,20.78,6.36,20.78,28.66
2025-11-12,2025-11,51690,Imperial Distribuidora S/A,Clinica,Interior Norte,Rogerio Antunes,Balde 20L,Acessorios,VENDA,5,1.8,209.56,113.35,29.87,5.66,8.96,60.68
2025-11-14,2025-11,51702,Boreal Industria LTDA,Hotel,Litoral,Tarcisio Bueno,Removedor 1L - Fardo 6,Quimicos,VENDA,3,1.41,62.87,29.79,26.22,1.25,7.87,5.61
2025-11-14,2025-11,51704,Serrano Alimentos EIRELI,Padaria,Regiao Metropolitana,Simone Klein,Bota PVC - Fardo 12,EPI,VENDA,5,1.62,168.23,90.7,34.69,5.04,10.41,37.8
2025-11-19,2025-11,51721,Uniao Servicos LTDA,Industria,Interior Sul,Tarcisio Bueno,Bobina Papel Toalha 200m - Fardo 6,Papel,VENDA,3,5.56,79.74,60.78,9.14,2.23,9.14,7.59
2025-11-19,2025-11,51721,Uniao Servicos LTDA,Industria,Interior Sul,Tarcisio Bueno,Avental PVC - Pacote 100,EPI,VENDA,2,3.53,46.8,30.08,5.37,1.31,5.37,10.04
2025-11-19,2025-11,51722,Uniao Comercio EIRELI,Escola,Interior Sul,Rogerio Antunes,Papel Higienico Rolao 300m - Fardo 12,Papel,VENDA,2,2.54,140.34,89.24,27.91,3.62,8.37,19.57
2025-11-24,2025-11,51751,Estrela Servicos LTDA,Escola,Litoral,Tarcisio Bueno,Alcool 70 1L,Quimicos,VENDA,5,3.07,293.8,200.05,37.0,8.23,37.0,48.52
2025-11-24,2025-11,51751,Estrela Servicos LTDA,Escola,Litoral,Tarcisio Bueno,Copo Descartavel 200ml - Pacote 100,Descartaveis,VENDA,2,0.98,65.04,57.8,8.19,1.82,8.19,-2.77
2025-11-25,2025-11,51754,Serrano Servicos LTDA ME,Mercado,Interior Norte,Simone Klein,LUVA PLASTICA DESCARTAVEL,Descartaveis,VENDA,1,2.96,41.71,32.22,8.83,1.24,2.65,-0.58
2025-11-25,2025-11,51759,Nortao Alimentos S/A,Escola,Interior Norte,Simone Klein,Limpador Multiuso 5L - Fardo 6,Quimicos,VENDA,3,2.89,149.7,101.73,10.27,5.24,10.27,32.46
2025-11-28,2025-11,51773,Horizonte Distribuidora S/A,Condominio,Regiao Metropolitana,Rogerio Antunes,Mascara Descartavel - Fardo 12,EPI,VENDA,2,2.45,42.01,23.4,7.41,1.1,2.22,10.1
2025-12-01,2025-12,51785,Estrela Servicos LTDA,Escola,Litoral,Tarcisio Bueno,Papel Toalha Interfolha 1000f - Caixa 24,Papel,VENDA,20,1.55,1368.6,1001.0,50.33,38.32,50.33,278.95
2025-12-01,2025-12,51787,Estrela Servicos ME,Hotel,Interior Sul,Tarcisio Bueno,Rodo 40cm - Fardo 12,Acessorios,VENDA,5,6.44,40.57,21.9,8.39,0.97,2.52,9.31
2025-12-02,2025-12,51794,Nortao Industria ME,Padaria,Interior Norte,Simone Klein,Rodo 40cm - Fardo 12,Acessorios,VENDA,10,6.57,69.3,43.8,4.45,2.43,4.45,18.62
2025-12-04,2025-12,51808,BOREAL SERVICOS LTDA ME,Escola,Regiao Metropolitana,Tarcisio Bueno,Cera Liquida Incolor 5L - Fardo 6,Quimicos,VENDA,10,6.46,336.3,237.3,52.87,9.42,52.87,36.71
2025-12-05,2025-12,51818,Imperial Servicos EIRELI,Condominio,Interior Norte,Rogerio Antunes,Guardanapo 24x24 - Caixa 24,Papel,VENDA,2,1.52,125.76,91.94,5.71,3.77,5.71,24.34
2025-12-05,2025-12,51820,Querencia Participacoes EIRELI,Mercado,Regiao Metropolitana,Tarcisio Bueno,papel higienico folha dupla 30m - fardo 12,Papel,VENDA,5,6.16,332.6,255.2,26.76,9.31,26.76,41.33
2025-12-05,2025-12,51823,Querencia Empreendimentos LTDA,Clinica,Interior Sul,Simone Klein,Rodo 40cm,Acessorios,VENDA,20,1.54,455.6,273.0,39.96,15.95,39.96,126.69
2025-12-08,2025-12,51835,Jangada Empreendimentos ME,Condominio,Litoral,Rogerio Antunes,Bota PVC - Caixa 24,EPI,VENDA,3,1.03,25.92,12.78,7.89,0.61,2.37,4.64
2025-12-08,2025-12,51838,Boreal Comercio EIRELI,Mercado,Interior Sul,Simone Klein,Oculos Protecao - Fardo 6,EPI,VENDA,3,0.08,108.09,59.85,16.63,3.38,4.99,28.23
2025-12-10,2025-12,51856,Estrela Industria EIRELI,Clinica,Interior Norte,Rogerio Antunes,AVENTAL PVC - CAIXA 24,EPI,VENDA,1,0.21,22.77,12.66,3.41,0.61,1.02,6.09
2025-12-11,2025-12,51861,Serrano Servicos LTDA ME,Mercado,Interior Norte,Simone Klein,Papel Toalha Rolo 100f - Pacote 100,Papel,VENDA,10,0.5,758.6,548.9,64.52,26.55,64.52,118.63
2025-12-11,2025-12,51864,Trevo Comercio ME,Clinica,Regiao Metropolitana,Tarcisio Bueno,Detergente Neutro 5L - Pacote 100,Quimicos,VENDA,1,0.93,32.0,14.76,14.07,0.62,4.22,2.55
2025-12-12,2025-12,51866,Imperial Servicos S/A,Clinica,Regiao Metropolitana,Rogerio Antunes,Alcool 70 1L - Caixa 24,Quimicos,VENDA,3,3.21,191.69,113.7,35.64,5.0,10.69,37.35
2025-12-12,2025-12,51871,Nortao Empreendimentos LTDA ME,Padaria,Interior Sul,Tarcisio Bueno,Saco Lixo 30L - Fardo 6,Descartaveis,VENDA,10,5.04,275.1,254.9,19.24,7.7,19.24,-6.74
2025-12-15,2025-12,51884,Horizonte Distribuidora S/A,Condominio,Regiao Metropolitana,Rogerio Antunes,Vassoura Nylon - Caixa 24,Acessorios,VENDA,20,3.07,805.2,490.2,32.04,24.16,32.04,258.8
2025-12-17,2025-12,51902,BOREAL SERVICOS LTDA ME,Escola,Regiao Metropolitana,Tarcisio Bueno,DESINFETANTE LAVANDA 5L - FARDO 6,Quimicos,VENDA,3,4.45,143.28,82.89,33.26,3.36,9.98,23.77
2025-12-17,2025-12,51903,Serrano Servicos LTDA ME,Mercado,Interior Norte,Simone Klein,Cera Liquida Incolor 5L,Quimicos,VENDA,1,1.62,62.34,34.68,15.2,1.81,4.56,10.65
2025-12-17,2025-12,51903,Serrano Servicos LTDA ME,Mercado,Interior Norte,Simone Klein,BOBINA PAPEL TOALHA 200M - PACOTE 100,Papel,VENDA,2,1.75,71.91,43.7,17.54,2.09,5.27,8.58
2025-12-18,2025-12,51910,Querencia Participacoes EIRELI,Mercado,Regiao Metropolitana,Tarcisio Bueno,Bobina Papel Toalha 200m,Papel,VENDA,10,8.59,447.0,352.1,41.32,12.52,41.32,41.06
2025-12-20,2025-12,51921,Oriente Negocios ME,Restaurante,Interior Sul,Rogerio Antunes,Embalagem Delivery 750ml - Fardo 6,Descartaveis,VENDA,5,2.2,103.58,77.95,24.19,2.6,7.26,-1.16
2025-12-20,2025-12,51922,Boreal Empreendimentos LTDA,Industria,Regiao Metropolitana,Tarcisio Bueno,LUVA PLASTICA DESCARTAVEL,Descartaveis,VENDA,3,3.25,106.26,96.66,3.56,2.98,3.56,3.06
2025-12-22,2025-12,51925,Boreal Negocios ME,Padaria,Interior Norte,Rogerio Antunes,Saco Lixo 100L,Descartaveis,VENDA,1,7.63,39.81,26.91,16.52,0.85,4.96,-4.47
2025-12-22,2025-12,51928,BOREAL SERVICOS LTDA ME,Escola,Regiao Metropolitana,Tarcisio Bueno,Desengordurante 5L,Quimicos,VENDA,2,5.92,103.2,67.86,9.23,2.71,2.77,23.4
2025-12-24,2025-12,51945,Aurora Negocios EIRELI,Hotel,Regiao Metropolitana,Rogerio Antunes,MOP UMIDO - CAIXA 24,Acessorios,VENDA,5,0.69,237.15,140.9,16.38,7.11,16.38,72.76
2025-12-24,2025-12,51948,BOREAL SERVICOS LTDA ME,Escola,Regiao Metropolitana,Tarcisio Bueno,BORRIFADOR 500ML - FARDO 12,Acessorios,VENDA,20,5.11,923.8,574.4,59.53,25.87,59.53,264.0
2025-12-24,2025-12,51949,Missoes Participacoes LTDA ME,Restaurante,Litoral,Tarcisio Bueno,Desinfetante Lavanda 5L - Pacote 100,Quimicos,VENDA,3,2.94,165.27,112.38,11.19,4.63,11.19,37.07
2025-12-25,2025-12,51957,Alvorada Servicos LTDA,Hotel,Interior Norte,Rogerio Antunes,limpador multiuso 5l - pacote 100,Quimicos,VENDA,1,1.62,40.26,11.79,32.42,0.53,9.73,-4.48
2025-12-25,2025-12,51961,Boreal Comercio EIRELI,Mercado,Interior Sul,Simone Klein,papel higienico folha dupla 30m - fardo 12,Papel,VENDA,50,10.4,3176.0,2552.0,57.41,111.16,57.41,455.43
2025-12-25,2025-12,51963,Boreal Empreendimentos LTDA,Industria,Regiao Metropolitana,Tarcisio Bueno,Luva Plastica Descartavel - Fardo 6,Descartaveis,VENDA,3,7.8,47.94,45.75,2.25,1.34,2.25,-1.4
2025-12-25,2025-12,51964,Uniao Servicos LTDA,Industria,Interior Sul,Tarcisio Bueno,Sabao Liquido 5L,Quimicos,VENDA,1,9.13,46.37,33.68,4.77,1.3,4.77,6.62
2025-12-26,2025-12,51971,Imperial Distribuidora LTDA,Industria,Litoral,Tarcisio Bueno,Detergente Neutro 5L - Pacote 100,Quimicos,VENDA,20,3.22,432.8,295.2,45.24,12.12,45.24,80.24
2025-12-26,2025-12,51978,Vitoria Comercio LTDA,Industria,Interior Sul,Simone Klein,Alcool 70 1L - Caixa 24,Quimicos,VENDA,20,5.92,386.92,249.0,45.88,12.42,13.76,79.62
2025-02-03,2025-02,50182,Cliente nao identificado,,,Rogerio Antunes,PRATO DESCARTAVEL 15CM - PACOTE 100,Descartaveis,VENDA,2,13.87,64.68,66.08,10.75,1.94,10.75,-14.09
2025-04-04,2025-04,50578,Cliente nao identificado,,,Rogerio Antunes,Copo Descartavel 50ml - Fardo 6,Descartaveis,VENDA,5,0.77,149.15,132.25,14.24,4.47,14.24,-1.81
2025-01-09,2025-01,50043,Cliente nao identificado,,,Simone Klein,Papel Higienico Rolao 300m - Fardo 12,Papel,VENDA,1,0.96,71.11,44.62,13.9,2.15,4.17,10.44
2025-01-30,2025-01,50155,Cliente nao identificado,,,Tarcisio Bueno,Alcool 70 1L,Quimicos,VENDA,2,0.35,136.35,80.02,22.19,3.38,6.66,30.76
2025-02-18,2025-02,50256,Cliente nao identificado,,,Tarcisio Bueno,Embalagem Delivery 750ml,Descartaveis,VENDA,1,14.02,26.24,24.02,3.95,0.66,1.18,-2.39
2025-05-14,2025-05,50787,Cliente nao identificado,,,Tarcisio Bueno,SACO LIXO 60L,Descartaveis,VENDA,20,22.06,156.6,130.0,59.15,3.23,17.75,-35.78
2025-11-12,2025-11,51693,Cliente nao identificado,,,Rogerio Antunes,Limpador Multiuso 5L - Fardo 6,Quimicos,VENDA,5,1.42,194.1,129.95,3.83,5.82,3.83,54.5
2025-12-30,2025-12,51992,Cliente nao identificado,,,Tarcisio Bueno,papel toalha rolo 100f,Papel,VENDA,3,1.01,172.8,110.91,29.01,4.27,8.7,28.61
2025-01-07,2025-01,50029,Cliente nao identificado,,,Simone Klein,Copo Descartavel 200ml,Descartaveis,VENDA,5,5.08,189.95,149.3,41.28,5.64,12.38,-6.27
2025-01-09,2025-01,50043,Cliente nao identificado,,,Simone Klein,Desinfetante Lavanda 5L,Quimicos,VENDA,5,0.07,177.25,101.05,34.64,5.36,10.39,36.2
2025-03-13,2025-03,50421,Cliente nao identificado,,,Rogerio Antunes,Esponja Dupla Face - Caixa 24,Acessorios,VENDA,3,2.81,105.85,51.81,29.29,2.56,8.79,22.19
2025-07-11,2025-07,51057,Cliente nao identificado,,,Simone Klein,SACO LIXO 60L - CAIXA 24,Descartaveis,VENDA,2,2.27,24.35,20.02,3.01,0.78,0.9,0.54
2025-09-01,2025-09,51308,Cliente nao identificado,,,Tarcisio Bueno,MASCARA DESCARTAVEL - CAIXA 24,EPI,VENDA,2,1.66,52.5,26.44,15.09,1.17,4.53,9.8
2025-12-09,2025-12,51844,Cliente nao identificado,,,Rogerio Antunes,Bota PVC - Fardo 6,EPI,VENDA,2,3.24,61.4,23.48,35.34,1.1,10.6,1.48
2025-05-21,2025-05,50806,Cliente nao identificado,,,Tarcisio Bueno,Copo Descartavel 50ml - Pacote 100,Descartaveis,VENDA,1,5.97,16.64,12.87,4.12,0.39,1.23,-0.73
2025-09-09,2025-09,51360,Cliente nao identificado,,,Tarcisio Bueno,papel toalha rolo 100f - fardo 6,Papel,VENDA,5,1.58,234.93,154.05,34.83,5.9,10.45,40.15
2025-09-24,2025-09,51433,Cliente nao identificado,,,Tarcisio Bueno,Papel Higienico Folha Dupla 30m - Fardo 12,Papel,VENDA,10,3.14,678.8,504.6,75.24,19.01,75.24,79.95
2025-12-09,2025-12,51847,Cliente nao identificado,,,Simone Klein,REMOVEDOR 1L - CAIXA 24,Quimicos,VENDA,5,4.0,73.25,50.35,3.69,2.56,3.69,16.65
2025-01-14,2025-01,50071,Cliente nao identificado,,,Rogerio Antunes,Limpador Multiuso 5L - Fardo 6,Quimicos,VENDA,1,0.61,54.01,33.91,4.19,1.53,1.25,14.38
2025-09-17,2025-09,51410,Cliente nao identificado,,,Rogerio Antunes,Esponja Dupla Face - Caixa 24,Acessorios,VENDA,1,4.61,55.13,26.74,17.0,1.3,5.1,10.09
2025-09-26,2025-09,51450,Cliente nao identificado,,,Simone Klein,Desinfetante Lavanda 5L - Pacote 100,Quimicos,VENDA,1,3.37,59.86,37.46,7.16,1.92,2.15,13.32
2025-08-29,2025-08,51305,Cliente nao identificado,,,Rogerio Antunes,DESINFETANTE LAVANDA 5L - PACOTE 100,Quimicos,VENDA,3,0.28,209.65,123.27,33.4,5.59,10.02,47.39
2025-10-04,2025-10,51491,Cliente nao identificado,,,Simone Klein,Desengordurante 5L - Pacote 100,Quimicos,VENDA,3,3.55,54.21,37.11,3.42,1.9,3.42,11.78
2025-07-18,2025-07,51094,Cliente nao identificado,,,Simone Klein,Avental PVC,EPI,VENDA,2,1.46,76.46,38.22,22.45,2.13,6.73,13.66
2025-03-14,2025-03,50434,Cliente nao identificado,,,Tarcisio Bueno,Saco Lixo 100L - Fardo 6,Descartaveis,VENDA,1,13.13,24.38,24.69,0.69,0.68,0.69,-1.68
2025-05-21,2025-05,50807,Cliente nao identificado,,,Rogerio Antunes,Saco Lixo 30L - Fardo 6,Descartaveis,VENDA,2,16.24,75.96,50.98,39.17,1.46,11.75,-15.65
2025-06-03,2025-06,50880,Cliente nao identificado,,,Tarcisio Bueno,Luva Plastica Descartavel - Pacote 100,Descartaveis,VENDA,10,13.33,166.8,169.4,14.4,4.67,14.4,-21.67
2025-09-26,2025-09,51448,Cliente nao identificado,,,Simone Klein,Oculos Protecao,EPI,VENDA,50,6.17,1766.5,1167.0,71.61,61.83,71.61,466.06
2025-10-10,2025-10,51526,Cliente nao identificado,,,Rogerio Antunes,Copo Descartavel 50ml - Fardo 6,Descartaveis,VENDA,3,0.24,89.97,79.35,7.92,2.7,7.92,0.0
2025-01-21,2025-01,50102,Cliente nao identificado,,,Tarcisio Bueno,Balde 20L - Pacote 100,Acessorios,VENDA,1,5.62,30.78,19.24,2.55,0.86,2.55,8.13
2025-04-10,2025-04,50611,Cliente nao identificado,,,Rogerio Antunes,Balde 20L,Acessorios,VENDA,50,4.65,1831.5,1133.5,61.17,54.95,61.17,581.89
2025-05-14,2025-05,50780,Cliente nao identificado,,,Simone Klein,BORRIFADOR 500ML - FARDO 12,Acessorios,VENDA,1,0.34,70.18,28.72,30.96,1.7,9.29,8.8
2025-06-03,2025-06,50873,Cliente nao identificado,,,Rogerio Antunes,SACO LIXO 60L,Descartaveis,VENDA,1,0.07,17.92,6.5,15.06,0.22,4.52,-3.86
2025-06-04,2025-06,50887,Cliente nao identificado,,,Tarcisio Bueno,Talher Descartavel Misto - Caixa 24,Descartaveis,VENDA,10,15.35,301.4,313.3,33.05,8.44,33.05,-53.39
2025-07-30,2025-07,51157,Cliente nao identificado,,,Rogerio Antunes,Cera Liquida Incolor 5L - Fardo 6,Quimicos,VENDA,20,1.86,705.6,474.6,36.86,21.17,36.86,172.97
2025-09-24,2025-09,51433,Cliente nao identificado,,,Tarcisio Bueno,Bobina Papel Toalha 200m - Fardo 6,Papel,VENDA,1,0.3,28.06,20.26,3.11,0.79,3.11,3.9
2025-12-15,2025-12,51886,Cliente nao identificado,,,Simone Klein,Luva Plastica Descartavel - Fardo 6,Descartaveis,VENDA,1,6.66,26.4,15.25,14.6,0.57,4.38,-4.02
2025-05-08,2025-05,50748,Cliente nao identificado,,,Tarcisio Bueno,SACO LIXO 60L - CAIXA 24,Descartaveis,VENDA,2,8.36,23.98,20.02,4.46,0.58,1.34,-1.08
2025-09-26,2025-09,51446,Cliente nao identificado,,,Rogerio Antunes,PAPEL HIGIENICO ROLAO 300M,Papel,DEVOLUCAO,-2,0.48,-6.37,-25.08,40.44,-1.04,12.13,-20.69
2025-03-06,2025-03,50362,Cliente nao identificado,,,Tarcisio Bueno,SACO LIXO 60L,Descartaveis,VENDA,1,15.89,6.22,6.5,0.97,0.17,0.97,-1.42
2025-08-11,2025-08,51205,Cliente nao identificado,,,Rogerio Antunes,Papel Toalha Rolo 100f - Fardo 6,Papel,VENDA,3,0.0,311.43,194.94,58.12,8.12,17.44,50.25
2025-08-25,2025-08,51278,Cliente nao identificado,,,Tarcisio Bueno,borrifador 500ml - fardo 6,Acessorios,VENDA,20,3.57,612.0,374.4,42.84,17.14,42.84,177.62
2025-10-15,2025-10,51546,Cliente nao identificado,,,Rogerio Antunes,Limpa Vidros 500ml - Fardo 12,Quimicos,VENDA,10,0.2,502.6,332.4,32.32,15.08,32.32,122.8
